system	title	rom
32X	36 Great Holes Starring Fred Couples	36 Great Holes Starring Fred Couples (JU) (32X) [!].32x
32X	After Burner Complete	After Burner Complete (JU) (32X) [!].32x
32X	BC Racers	BC Racers (W) (32X) [c][!].32x
32X	Blackthorne	Blackthorne (U) (32X) [!].32x
32X	Brutal Unleashed - Above the Claw	Brutal Unleashed - Above the Claw (U) (32X) [!].32x
32X	Cosmic Carnage	Cosmic Carnage (JU) (32X) [!].32x
32X	Darxide	Darxide (E) (M4) (32X) [!].32x
32X	Doom	Doom (JU) (32X) [!].32x
32X	FIFA International Soccer 96	FIFA International Soccer 96 (UE) (M6) (32X) [c][!].32x
32X	Knuckles' Chaotix	Knuckles' Chaotix (JU) (32X) [!].32x
32X	Kolibri	Kolibri (W) (32X) [!].32x
32X	Metal Head	Metal Head (JU) (M2) (32X) [!].32x
32X	Mortal Kombat II	Mortal Kombat II (JU) (32X) [!].32x
32X	Motocross Championship	Motocross Championship (JU) (32X) [!].32x
32X	NBA Jam Tournament Edition	NBA Jam Tournament Edition (W) (32X) [!].32x
32X	NFL Quarterback Club	NFL Quarterback Club (W) (32X) [!].32x
32X	Pitfall - The Mayan Adventure	Pitfall (U) (32X) [!].32x
32X	Primal Rage	Primal Rage (W) (32X) [!].32x
32X	R.B.I. Baseball 95	R.B.I. Baseball 95 (U) (32X) [!].32x
32X	Sangokushi IV	Sangokushi IV (J) (32X) [!].32x
32X	Shadow Squadron	Shadow Squadron (UE) (32X) [!].32x
32X	Space Harrier	Space Harrier (JU) (32X) [!].32x
32X	Spider-Man - Web of Fire	Spider-Man - Web of Fire (W) (32X) [!].32x
32X	Star Trek - Starfleet Academy Bridge Simulator	Star Trek - Starfleet Academy Bridge Simulator (U) (32X) [!].32x
32X	Star Wars Arcade	Star Wars Arcade (U) (32X) [!].32x
32X	T-MEK	T-MEK (W) (32X) [!].32x
32X	Tempo	Tempo (JU) (32X) [!].32x
32X	Toughman Contest	Toughman Contest (W) (32X) [!].32x
32X	Virtua Fighter	Virtua Fighter (JU) (32X) [!].32x
32X	Virtua Racing Deluxe	Virtua Racing Deluxe (U) (32X) [!].32x
32X	World Series Baseball '95	World Series Baseball '95 (U) (32X) [!].32x
32X	WWF RAW	WWF RAW (W) (32X) [!].32x
32X	WWF Wrestlemania Arcade	WWF Wrestlemania Arcade (W) (32X) [!].32x
32X	Zaxxon's Motherbase 2000	Zaxxon's Motherbase 2000 (JU) (32X) [!].32x
GB	2nd Space	2nd Space (Sachen 4-in-1 Vol. 6) (Unl) [!].gb
GB	4-in-1 Funpak	4-in-1 Funpak (UE) [!].gb
GB	4-in-1 Funpak Vol. II	4-in-1 Funpak Vol. II (JU) [!].gb
GB	A-Force	A-Force (Sachen 4-in-1 Vol. 6) (Unl) [!].gb
GB	Addams Family, The	Addams Family, The (U) [!].gb
GB	Addams Family, The - Pugsley's Scavenger Hunt	Addams Family, The - Pugsley's Scavenger Hunt (U).gb
GB	Adventure Island	Adventure Island (U) [!].gb
GB	Adventure Island II	Adventure Island II (UE) [!].gb
GB	Adventures of Lolo	Adventures of Lolo (U) [S][!].gb
GB	Adventures of Rocky and Bullwinkle, The	Adventures of Rocky and Bullwinkle, The (U).gb
GB	Adventures of Star Saver, The	Adventures of Star Saver, The (U) [!].gb
GB	Aero Star	Aero Star (U) [!].gb
GB	After Burst	After Burst (J).gb
GB	Agro Soar	Agro Soar (A) [!].gb
GB	Aguri Suzuki F-1 Super Driving	Aguri Suzuki F-1 Super Driving (J).gb
GB	Aladdin	Aladdin (U) [S][!].gb
GB	Alfred Chicken	Alfred Chicken (U) [!].gb
GB	Alien 3	Alien 3 (UE) [!].gb
GB	Alien Olympics 2044 AD	Alien Olympics 2044 AD (U) [!].gb
GB	Alien vs Predator - The Last of His Clan	Alien vs Predator - The Last of His Clan (U) [!].gb
GB	All-Star Baseball '99	All-Star Baseball '99 (U) [!].gb
GB	Alleyway	Alleyway (W) [!].gb
GB	Altered Space	Altered Space (U) [!].gb
GB	Amazing Penguin	Amazing Penguin (UE) [!].gb
GB	Amazing Spider-Man 3, The - Invasion of the Spider-Slayers	Amazing Spider-Man 3, The - Invasion of the Spider-Slayers (U) [!].gb
GB	Amazing Spider-Man, The	Amazing Spider-Man, The (UE) [!].gb
GB	Amazing Tater	Amazing Tater (U).gb
GB	Amida	Amida (J).gb
GB	Animaniacs	Animaniacs (U) [S][!].gb
GB	Another Bible	Another Bible (J) [S].gb
GB	Ant Soldiers	Ant Soldiers (Sachen) [!].gb
GB	Aretha	Aretha (J).gb
GB	Asterix	Asterix (UE) (M5) [!].gb
GB	Asteroids	Asteroids (U) [M][!].gb
GB	Asteroids & Missile Command	Asteroids & Missile Command (U) [S][!].gb
GB	Astro Rabby	Astro Rabby (J).gb
GB	Atomic Punk	Atomic Punk (U) [!].gb
GB	Attack of the Killer Tomatoes	Attack of the Killer Tomatoes (U) [!].gb
GB	Avenging Spirit	Avenging Spirit (UE) [!].gb
GB	Baby T-Rex	Baby T-Rex (E) [!].gb
GB	Balloon Kid	Balloon Kid (W) [!].gb
GB	Banishing Racer	Banishing Racer (J).gb
GB	Barbie - Game Girl	Barbie - Game Girl (U).gb
GB	Baseball	Baseball (W) [!].gb
GB	Bases Loaded	Bases Loaded (U) [!].gb
GB	Batman	Batman (JU) [!].gb
GB	Batman - Return of the Joker	Batman - Return of the Joker (U) [!].gb
GB	Batman - The Animated Series	Batman - The Animated Series (U).gb
GB	Batman Forever	Batman Forever (U) [!].gb
GB	Battle Arena Toshinden	Battle Arena Toshinden (U) [S][!].gb
GB	Battle Bull	Battle Bull (U) [!].gb
GB	Battle Crusher	Battle Crusher (J) [S].gb
GB	Battle Dodge Ball	Battle Dodge Ball (J).gb
GB	Battle of Olympus, The	Battle of Olympus, The (UE) (M5).gb
GB	Battle Pingpong	Battle Pingpong (J).gb
GB	Battle Unit Zeoth	Battle Unit Zeoth (U) [!].gb
GB	BattleCity	BattleCity (J) [!].gb
GB	Battleship	Battleship (U) [M][!].gb
GB	Battletoads	Battletoads (U) [!].gb
GB	Battletoads Double Dragon - The Ultimate Team	Battletoads Double Dragon - The Ultimate Team (E) [!].gb
GB	Battletoads in Ragnarok's World	Battletoads in Ragnarok's World (U) [!].gb
GB	Beavis and Butt-head	Beavis and Butt-head (U) [!].gb
GB	Beetlejuice	Beetlejuice (U).gb
GB	Best of the Best - Championship Karate	Best of the Best - Championship Karate (U) [!].gb
GB	Bill & Ted's Excellent Gameboy Adventure	Bill & Ted's Excellent Gameboy Adventure (UE) [!].gb
GB	Bill Elliott's NASCAR Fast Tracks	Bill Elliott's NASCAR Fast Tracks (U).gb
GB	Bionic Battler	Bionic Battler (U).gb
GB	Bionic Commando	Bionic Commando (U) [!].gb
GB	Bishoujo Senshi Sailor Moon	Bishoujo Senshi Sailor Moon (J) [T+Eng0.95_SomeGoodShit].gb
GB	Black Bass - Lure Fishing	Black Bass - Lure Fishing (U) [M][!].gb
GB	Black Forest Tale	Black Forest Tale (Sachen 4-in-1 Vol. 6) (Unl) [!].gb
GB	Blades of Steel	Blades of Steel (U) [!].gb
GB	Blaster Master Boy	Blaster Master Boy (U).gb
GB	Block Kuzushi GB	Block Kuzushi GB (J) [S].gb
GB	Blodia	Blodia (J).gb
GB	Blues Brothers, The	Blues Brothers, The (U) [!].gb
GB	Blues Brothers, The - Jukebox Adventure	Blues Brothers, The - Jukebox Adventure (U).gb
GB	Boggle Plus	Boggle Plus (U) [!].gb
GB	Bomb Disposer	Bomb Disposer (Sachen 4-in-1 Vol. 6) (Unl) [!].gb
GB	Bomb Jack	Bomb Jack (U).gb
GB	Bomberman GB	Bomberman GB (U) [S][!].gb
GB	Bomberman GB 3	Bomberman GB 3 (J) [S].gb
GB	Bonk's Adventure	Bonk's Adventure (U) [!].gb
GB	Bonk's Revenge	Bonk's Revenge (U) [S][!].gb
GB	Booby Boys	Booby Boys (J).gb
GB	Boomer's Adventure in ASMIK World	Boomer's Adventure in ASMIK World (U) [!].gb
GB	Boomer's Adventure in ASMIK World 2	Boomer's Adventure in ASMIK World 2 (J).gb
GB	Boulder Dash	Boulder Dash (U) [!].gb
GB	Boxxle	Boxxle (U) (V1.1) [!].gb
GB	Boxxle 2	Boxxle 2 (U) [!].gb
GB	Boy and His Blob, A - The Rescue of Princess Blobette	Boy and His Blob, A - The Rescue of Princess Blobette (U) [!].gb
GB	Brain Drain	Brain Drain (U) [S][!].gb
GB	Brainbender	Brainbender (U) [!].gb
GB	Bram Stoker's Dracula	Bram Stoker's Dracula (UE) [!].gb
GB	BreakThru!	BreakThru! (U) [!].gb
GB	Bubble Bobble	Bubble Bobble (U) [M][!].gb
GB	Bubble Bobble Part 2	Bubble Bobble Part 2 (UE) [!].gb
GB	Bubble Ghost	Bubble Ghost (U) [!].gb
GB	Bubsy 2	Bubsy 2 (U) [!].gb
GB	Bugs Bunny	Bugs Bunny (U) [!].gb
GB	Bugs Bunny - Crazy Castle II	Bugs Bunny - Crazy Castle II (U) [!].gb
GB	Burai Fighter Deluxe	Burai Fighter Deluxe (UE) [!].gb
GB	Burning Paper	Burning Paper (J).gb
GB	Bust-A-Move 2 - Arcade Edition	Bust-A-Move 2 - Arcade Edition (U).gb
GB	Bust-A-Move 3 DX	Bust-A-Move 3 DX (U).gb
GB	Buster Brothers	Buster Brothers (U) [!].gb
GB	Ca Da	Ca Da (J).gb
GB	Caesars Palace	Caesars Palace (U) (V1.0) [!].gb
GB	Captain America and the Avengers	Captain America and the Avengers (U) [!].gb
GB	Captain Knick-Knack	Captain Knick-Knack (Sachen) [!].gb
GB	Captain Tsubasa	Captain Tsubasa (J) [S][!].gb
GB	Card Game	Card Game (J).gb
GB	Casino Funpak	Casino Funpak (U) [!].gb
GB	Casper	Casper (U) [!].gb
GB	Castelian	Castelian (U) [!].gb
GB	Castle Quest	Castle Quest (U) [!].gb
GB	Castlevania - Legends	Castlevania - Legends (UE) [S][!].gb
GB	Castlevania Adventure, The	Castlevania Adventure, The (U) [!].gb
GB	Castlevania II - Belmont's Revenge	Castlevania II - Belmont's Revenge (U) [!].gb
GB	Catrap	Catrap (U) [!].gb
GB	Cave Noire	Cave Noire (J).gb
GB	Centipede	Centipede (U) [M][!].gb
GB	Chacha Maru Panic	Chacha Maru Panic (J).gb
GB	Chalvo 55 - Super Puzzle Action	Chalvo 55 - Super Puzzle Action (J) [T+Eng1.0_lba].gb
GB	Championship Pool	Championship Pool (UE) [!].gb
GB	Chase H.Q.	Chase H.Q. (W) (V1.1) [!].gb
GB	Chessmaster, The	Chessmaster, The (UE) (V1.0) [!].gb
GB	Chiki Chiki Tengoku	Chiki Chiki Tengoku (J).gb
GB	Chiki Race	Chiki Race (J) [!].gb
GB	Chikyuu Kaihou Gun ZAS	Chikyuu Kaihou Gun ZAS (J).gb
GB	Choplifter II - Rescue & Survive	Choplifter II - Rescue & Survive (U) [!].gb
GB	Choplifter III	Choplifter III (UE) [!].gb
GB	Chuck Rock	Chuck Rock (U) [!].gb
GB	Cliffhanger	Cliffhanger (UE) [!].gb
GB	Collection Pocket	Collection Pocket (J) [S].gb
GB	College Slam	College Slam (U) [!].gb
GB	Contra - The Alien Wars	Contra - The Alien Wars (U) [S][!].gb
GB	Cool Spot	Cool Spot (U) [!].gb
GB	Cool World	Cool World (U).gb
GB	Cosmo Tank	Cosmo Tank (U) [!].gb
GB	Crayon Shin-Chan	Crayon Shin-Chan (J).gb
GB	Crayon Shin-Chan 2	Crayon Shin-Chan 2 (J).gb
GB	Crayon Shin-Chan 3 - Ora no Gokigen Athletic	Crayon Shin-Chan 3 - Ora no Gokigen Athletic (J).gb
GB	Crayon Shin-Chan 4	Super Mario Land 4 (J) [!].gb
GB	Crazy Burger	Crazy Burger (Sachen) [!].gb
GB	Crystal Quest	Crystal Quest (U) [!].gb
GB	Cutthroat Island	Cutthroat Island (U).gb
GB	Cyraid	Cyraid (U) [!].gb
GB	Daedalean Opus	Daedalean Opus (U) [!].gb
GB	Daffy Duck - The Marvin Missions	Daffy Duck - The Marvin Missions (UE) [!].gb
GB	Daisenryaku	Daisenryaku (J) [T+Eng1.00_Gaijin Productions].gb
GB	Dan Laser	Dan Laser (Sachen) [!].gb
GB	Darkman	Darkman (U).gb
GB	Darkwing Duck	Darkwing Duck (U) [!].gb
GB	Daruman Busters	Daruman Busters (J).gb
GB	Days of Thunder	Days of Thunder (U) [!].gb
GB	Dead Heat Scramble	Dead Heat Scramble (U) [!].gb
GB	Deep - Final Mission	Deep - Final Mission (Sachen) [!].gb
GB	Dennis the Menace	Dennis the Menace (U) [!].gb
GB	Desert Strike - Return to the Gulf	Desert Strike - Return to the Gulf (U) (Malibu) [S][!].gb
GB	Dexterity	Dexterity (U) [!].gb
GB	Diablo	Diablo (U) (Prototype).gb
GB	Dick Tracy	Dick Tracy (U).gb
GB	Dig Dug	Dig Dug (U) [!].gb
GB	Dirty Racing	Dirty Racing (J) [!].gb
GB	Disney's Mulan	Disney's Mulan (U) [S].gb
GB	Dodge Ball	Dodge Ball (J).gb
GB	Dodge Boy	Dodge Boy (J).gb
GB	Dodge Danpei	Dodge Danpei (J).gb
GB	Donald Duck in Maui Mallard	Donald Duck in Maui Mallard (U) [!].gb
GB	Donkey Kong	Donkey Kong (JU) (V1.0) [S][!].gb
GB	Donkey Kong Land	Donkey Kong Land (U) [S][!].gb
GB	Donkey Kong Land 2	Donkey Kong Land 2 (UE) [S][!].gb
GB	Donkey Kong Land III	Donkey Kong Land III (U) (V1.0) [S][!].gb
GB	Doraemon	Doraemon (J).gb
GB	Doraemon 2	Doraemon 2 (J).gb
GB	Doraemon Kart	Doraemon Kart (J) [S].gb
GB	Double Dragon	Double Dragon (U) [!].gb
GB	Double Dragon 2	Double Dragon 2 (U) [!].gb
GB	Double Dragon 3	Double Dragon 3 (U) [!].gb
GB	Double Dribble - 5 on 5	Double Dribble - 5 on 5 (U) [!].gb
GB	Dr. Franken	Dr. Franken (U) [!].gb
GB	Dr. Franken II	Dr. Franken II (UE) (M7) [!].gb
GB	Dr. Mario	Dr. Mario (W) (V1.0) [!].gb
GB	Dragon Heart	Dragon Heart (U) [!].gb
GB	Dragon Slayer I	Dragon Slayer I (J).gb
GB	Dragon's Lair - The Legend	Dragon's Lair - The Legend (U) [!].gb
GB	Dropzone	Dropzone (U) [M].gb
GB	Duck Adventures	Duck Adventures (Sachen 4-in-1 Vol. 1) (Unl) [!].gb
GB	Duck Tales	Duck Tales (U) [!].gb
GB	Duck Tales 2	Duck Tales 2 (U) [!].gb
GB	Earthworm Jim	Earthworm Jim (U) [!].gb
GB	Elevator Action	Elevator Action (U) [!].gb
GB	Elite Soccer	Soccer (E) (M3) [S][!].gb
GB	Exchanger	Exchanger (J) [S].gb
GB	Exodus	Exodus (Unl) [!].gb
GB	Explosive Brick '94	Explosive Brick '94 (Sachen) [!].gb
GB	Extra Bases!	Extra Bases! (U) [!].gb
GB	F-1 Pole Position	F-1 Pole Position (UE) [!].gb
GB	F-1 Race	F-1 Race (W) (V1.0) [!].gb
GB	F-15 Strike Eagle	F-15 Strike Eagle (U) [!].gb
GB	Faceball 2000	Faceball 2000 (U) [!].gb
GB	Fastest Lap	Fastest Lap (JU) [!].gb
GB	Felix the Cat	Felix the Cat (U).gb
GB	Ferrari - Grand Prix Challenge	Ferrari - Grand Prix Challenge (U) [!].gb
GB	Fidgetts, The	Fidgetts, The (UE) (M7) [!].gb
GB	FIFA International Soccer	FIFA International Soccer (U) (M4) [S].gb
GB	FIFA Soccer '96	FIFA Soccer '96 (UE) (M4) [S][!].gb
GB	FIFA Soccer '97	FIFA Soccer '97 (UE) [S][!].gb
GB	FIFA Soccer '98 - Road to the World Cup	World Cup '98 (E) [S][!].gb
GB	Fighting Simulator 2in1 - Flying Warriors	Fighting Simulator 2in1 - Flying Warriors (U) [!].gb
GB	Final Fantasy Adventure	Final Fantasy Adventure (U) [!].gb
GB	Final Fantasy Legend II	Final Fantasy Legend II (U) [!].gb
GB	Final Fantasy Legend III	Final Fantasy Legend III (U) [!].gb
GB	Final Fantasy Legend, The	Final Fantasy Legend, The (U) [!].gb
GB	Final Reverse	Final Reverse (J).gb
GB	Fire Dragon	Fire Dragon (Unl).gb
GB	Fire Fighter	Fire Fighter (U).gb
GB	Fish Dude	Fish Dude (U).gb
GB	Fist of the North Star	Fist of the North Star (U) [!].gb
GB	Flappy Special	Flappy Special (J).gb
GB	Flash, The	Flash, The (U) [!].gb
GB	Flintstones, The	Flintstones, The (U) [!].gb
GB	Flintstones, The - King Rock Treasure Island	Flintstones, The - King Rock Treasure Island (U).gb
GB	Flipull	Flipull (U) [!].gb
GB	Football International	Football International (U).gb
GB	Foreman for Real	Foreman for Real (U) [!].gb
GB	Fortified Zone	Fortified Zone (U) [!].gb
GB	Frank Thomas' Big Hurt Baseball	Frank Thomas' Big Hurt Baseball (U) [!].gb
GB	Frisky Tom	Frisky Tom (J) [S].gb
GB	Galaga & Galaxian	Galaga & Galaxian (U) [S][!].gb
GB	Game & Watch Gallery	Game & Watch Gallery (U) (V1.0) [S][!].gb
GB	Game & Watch Gallery 2	Game & Watch Gallery 2 (U) [S].gb
GB	Game of Harmony, The	Game of Harmony, The (U).gb
GB	Gameboy Gallery	Gameboy Gallery (U) [S].gb
GB	Gameboy Wars	Gameboy Wars (J).gb
GB	Gameboy Wars Turbo	Gameboy Wars Turbo (J) (Famitsu Magazine SE) [S].gb
GB	Gamera - Daikai Jukuchuu Kessen	Gamera - Daikai Jukuchuu Kessen (J) [S].gb
GB	Ganbare Goemon	Ganbare Goemon (J).gb
GB	Ganbaruga	Ganbaruga (J).gb
GB	Gargoyle's Quest - Ghosts'n Goblins	Gargoyle's Quest - Ghosts'n Goblins (UE) [!].gb
GB	Gauntlet II	Gauntlet II (U) [!].gb
GB	GB Gamejack	GB Gamejack 16M V2.00 (Unl) [!].gb
GB	GB Genjin Land - Viva Chikkun Oukoku	GB Genjin Land - Viva Chikkun Oukoku (J) [!].gb
GB	Gear Works	Gear Works (U) [!].gb
GB	Gem Gem	Gem Gem (J).gb
GB	Genjin Cottu	Genjin Cottu (J) [S].gb
GB	George Foreman's KO Boxing	George Foreman's KO Boxing (U) [!].gb
GB	Getaway, The	Getaway, The (U).gb
GB	Ghostbusters II	Ghostbusters II (UE) [!].gb
GB	Ginga	Ginga (J).gb
GB	Go Go Ackman	Go Go Ackman (J) [S].gb
GB	Go! Go! Tank	Go! Go! Tank (U) [!].gb
GB	Goal!	Goal! (U) [!].gb
GB	God Medicine	God Medicine (J).gb
GB	Godzilla	Godzilla (U) [!].gb
GB	Golf	Golf (W) [!].gb
GB	Gradius - The Interstellar Assault	Nemesis II - The Return of the Hero (E) [!].gb
GB	Grand Prix	Grand Prix (UE) [!].gb
GB	Great Greed	Great Greed (U) [!].gb
GB	Gremlins 2 - The New Batch	Gremlins 2 - The New Batch (W) [!].gb
GB	Gurander Musashi RV	Gurander Musashi RV (J) [S].gb
GB	Hal Wrestling	Hal Wrestling (U) [!].gb
GB	Hammerin' Harry - Ghost Building Company	Hammerin' Harry - Ghost Building Company (U).gb
GB	Harvest Moon GB	Harvest Moon GB (U) [S][!].gb
GB	Hatris	Hatris (U).gb
GB	Heavyweight Championship Boxing	Heavyweight Championship Boxing (U) [!].gb
GB	Heiankyo Alien	Heiankyo Alien (U) [!].gb
GB	Hercules	Hercules (U) [S].gb
GB	Hercules Eikou	Hercules Eikou (J).gb
GB	Hero Shuugou!! Pinball Party	Hero Shuugou!! Pinball Party (J) [!].gb
GB	Higashio Osamu Kanshuu Pro Yakyuu Stadium '92	Higashio Osamu Kanshuu Pro Yakyuu Stadium '92 (J).gb
GB	High Stakes Gambling	High Stakes Gambling (U) [!].gb
GB	Hit the Ice	Hit the Ice (UE) [!].gb
GB	Home Alone	Home Alone (U) [!].gb
GB	Home Alone 2	Home Alone 2 (U) [!].gb
GB	Hong Kong	Hong Kong (J).gb
GB	Hook	Hook (E) [!].gb
GB	Hudson Hawk	Hudson Hawk (U) [!].gb
GB	Hugo 2	Hugo 2 (G) [S][!].gb
GB	Humans, The	Humans, The (U) [!].gb
GB	Hunchback of Notre Dame, The - Topsy Turvy Games	Hunchback of Notre Dame, The - Topsy Turvy Games (U) [S][!].gb
GB	Hunt for Red October, The	Hunt for Red October, The (U) [!].gb
GB	Hyper Lode Runner	Hyper Lode Runner (JU) [!].gb
GB	Ikari no Yousai 2	Ikari no Yousai 2 (J) [!].gb
GB	In Your Face	In Your Face (U).gb
GB	Incredible Crash Dummies, The	Incredible Crash Dummies, The (U) [!].gb
GB	Indiana Jones and the Last Crusade	Indiana Jones and the Last Crusade (UE) [!].gb
GB	Initial D Gaiden	Initial D Gaiden (J) [S][!].gb
GB	International Superstar Soccer	International Superstar Soccer (U) [S].gb
GB	Iron League	Iron League (J).gb
GB	Ishido	Ishido (U) [!].gb
GB	Itchy & Scratchy - Miniature Golf Madness	Itchy & Scratchy - Miniature Golf Madness (U).gb
GB	J.League Big Wave Soccer	Matthias Sammer Soccer (G) [S][!].gb
GB	J.League Fighting Soccer	J.League Fighting Soccer (J).gb
GB	J.League Live '95	J.League Live '95 (J) [S].gb
GB	J.League Winning Goal	J.League Winning Goal (J) [!].gb
GB	Jack Nicklaus Golf	Jack Nicklaus Golf (U) [!].gb
GB	James Bond 007	James Bond 007 (U) [S][!].gb
GB	Jankenman	Jankenman (J).gb
GB	Jeep Jamboree	Jeep Jamboree (U) [!].gb
GB	Jelly Boy	Jelly Boy (U).gb
GB	Jeopardy!	Jeopardy! (U) [!].gb
GB	Jetsons, The	Jetsons, The (U).gb
GB	Jimmy Connors Tennis	Jimmy Connors Tennis (UE) [!].gb
GB	Joe & Mac	Joe & Mac (U) [!].gb
GB	Jordan vs Bird - One-on-One	Jordan vs Bird - One-on-One (U).gb
GB	Joshua	Joshua (Unl) [!].gb
GB	Judge Dredd	Judge Dredd (U) [!].gb
GB	Jungle Book, The	Jungle Book, The (U) [!].gb
GB	Jungle Strike	Jungle Strike (U).gb
GB	Jungle Wars	Jungle Wars (J).gb
GB	Jurassic Park	Jurassic Park (U) [!].gb
GB	Jurassic Park 2 - The Chaos Continues	Jurassic Park 2 - The Chaos Continues (UE) (M4) [!].gb
GB	Kaeruno Tameni	Kaeruno Tameni (J) [!].gb
GB	Karamucho Ziken	Karamucho Ziken (J) [S].gb
GB	Kattobi Road	Kattobi Road (J).gb
GB	Ken Griffey Jr. Presents Major League Baseball	Ken Griffey Jr. Presents Major League Baseball (U) [S][!].gb
GB	Kid Dracula	Kid Dracula (U) [!].gb
GB	Kid Icarus - Of Myths and Monsters	Kid Icarus - Of Myths and Monsters (UE) [!].gb
GB	Killer Instinct	Killer Instinct (U) [S][!].gb
GB	King James Bible	King James Bible (Unl) [!].gb
GB	King of Fighters '95, The	King of Fighters '95, The (U) [S][!].gb
GB	King of Fighters, The - Heat of Battle	King of Fighters, The - Heat of Battle (E).gb
GB	Kingdom Crusade	Kingdom Crusade (U) [!].gb
GB	Kinnikuman DM	Kinnikuman DM (J).gb
GB	Kirby's Block Ball	Kirby's Block Ball (U) [S][!].gb
GB	Kirby's Dream Land	Kirby's Dream Land (UE) [!].gb
GB	Kirby's Dream Land 2	Kirby's Dream Land 2 (U) [S][!].gb
GB	Kirby's Pinball Land	Kirby's Pinball Land (U) [!].gb
GB	Kirby's Star Stacker	Kirby's Star Stacker (U) [S][!].gb
GB	Kitarou	Kitarou (J) [S].gb
GB	Kiteretu Zyuraki	Kiteretu Zyuraki (J).gb
GB	Klax	Klax (U) [M][!].gb
GB	Knight Quest	Knight Quest (U).gb
GB	Koi Wa Kakehiki	Koi Wa Kakehiki (J).gb
GB	Konami GB Collection Vol.1	Konami Collection 1 (J) [S].gb
GB	Konami GB Collection Vol.2	Konami Collection 4 (J) [S].gb
GB	Konami GB Collection Vol.3	Konami Collection 2 (J) [S].gb
GB	Korodice	Korodice (J).gb
GB	Kumano Putaru	Kumano Putaru (J) [S].gb
GB	Kung-Fu Master	Kung-Fu Master (U).gb
GB	Kuusou Kagaku Sekai Gulliver Boy - Kuusou Kagaku Puzzle Purittopon!!	Kuusou Kagaku Sekai Gulliver Boy - Kuusou Kagaku Puzzle Purittopon!! (J) [S].gb
GB	Kwirk	Kwirk (UE) [!].gb
GB	Labyrinth (PD)	Labyrinth (PD).gb
GB	Lamborghini American Challenge	Lamborghini American Challenge (U) [!].gb
GB	Last Action Hero	Last Action Hero (U) [!].gb
GB	Lawnmower Man, The	Lawnmower Man, The (U) [!].gb
GB	Lazlos' Leap	Lazlos' Leap (U) [!].gb
GB	Legend of the River King GB	Legend of the River King GB (U) [S][!].gb
GB	Legend of Zelda, The - Link's Awakening	Legend of Zelda, The - Link's Awakening (U) (V1.0) [!].gb
GB	Lemmings	Lemmings (U) [!].gb
GB	Lemmings 2 - The Tribes	Lemmings 2 - The Tribes (U) [!].gb
GB	Les Aventures De TinTin - Le Temple du Soleil	Les Aventures De TinTin - Le Temple du Soleil (E) (M3) [M].gb
GB	Lethal Weapon	Lethal Weapon (U) [!].gb
GB	Lingo	Lingo (E) (M4) [!].gb
GB	Lion King, The	Lion King, The (U) [!].gb
GB	Little Indian in Big City	Little Indian in Big City (U) [S].gb
GB	Little Mermaid, The	Little Mermaid, The (U) [!].gb
GB	Lock 'N Chase	Lock 'N Chase (JU) [!].gb
GB	Looney Tunes	Looney Tunes (U) [!].gb
GB	Loopz	Loopz (U).gb
GB	Lost World, The - Jurassic Park	Lost World, The - Jurassic Park (U) [S][!].gb
GB	Lucky Luke	Lucky Luke (E) (M4) [M].gb
GB	Lucle	Lucle (J).gb
GB	Lunar Lander	Lunar Lander (J).gb
GB	Madden '95	Madden '95 (UE) [S][!].gb
GB	Madden '96	Madden '96 (U) [S][!].gb
GB	Madden '97	Madden '97 (U) [S][!].gb
GB	Magic Ball	Magic Ball (Unl).gb
GB	Magic Maze	Magic Maze (Sachen) [!].gb
GB	Magical Talulutokun - Raiba Zone Panic	Magical Talulutokun - Raiba Zone Panic (J).gb
GB	Magical Tower	Magical Tower (Sachen 4-in-1 Vol. 5) (Unl) [!].gb
GB	Magnetic Soccer	Magnetic Soccer (U).gb
GB	Mahou Kishi Rayearth	Mahou Kishi Rayearth (J) [S].gb
GB	Mahou Kishi Rayearth 2nd - The Missing Colors	Mahou Kishi Rayearth 2nd - The Missing Colors (J) [S].gb
GB	Makaimura Gaiden	Makaimura Gaiden (J).gb
GB	Malibu Beach Volleyball	Malibu Beach Volleyball (U) [!].gb
GB	Marble Madness	Marble Madness (U) [!].gb
GB	Mario's Picross	Mario's Picross (UE) [S][!].gb
GB	Mario's Picross 2	Mario's Picross 2 (J) [S].gb
GB	Maru's Mission	Maru's Mission (U) [!].gb
GB	Masakari Densetsu Kintarou ACG	Masakari Densetsu Kintarou ACG (J).gb
GB	Master Karateka	Master Karateka (J).gb
GB	Maus, Die	Maus, Die (E) (M4) [M].gb
GB	Max	Max (UE) [!].gb
GB	Megalit	Megalit (U) [!].gb
GB	Megaman - Dr. Wily's Revenge	Megaman - Dr. Wily's Revenge (U) [!].gb
GB	Megaman II	Megaman II (U) [!].gb
GB	Megaman III	Megaman III (U) [!].gb
GB	Megaman IV	Megaman IV (U) [!].gb
GB	Megaman V	Megaman V (U) [S][!].gb
GB	Mercenary Force	Mercenary Force (UE) [!].gb
GB	Metal Masters	Metal Masters (U).gb
GB	Metroid II - Return of Samus	Metroid II - Return of Samus (W) [!].gb
GB	Mickey Mouse - Magic Wand	Mickey Mouse - Magic Wand (U) [S][!].gb
GB	Mickey Mouse - Tokyo Disneyland	Mickey Mouse - Tokyo Disneyland (J) [S].gb
GB	Mickey's Dangerous Chase	Mickey's Dangerous Chase (U) [!].gb
GB	Mickey's Ultimate Challenge	Mickey's Ultimate Challenge (U).gb
GB	Micro Machines	Micro Machines (E) [!].gb
GB	Micro Machines 2	Micro Machines 2 (U).gb
GB	Mighty Morphin Power Rangers	Mighty Morphin Power Rangers (U) [S][!].gb
GB	Mighty Morphin Power Rangers - The Movie	Mighty Morphin Power Rangers - The Movie (U) [S].gb
GB	Milon's Secret Castle	Milon's Secret Castle (U) [!].gb
GB	Miner 2049er	Miner 2049er (U) [!].gb
GB	Minesweeper	Minesweeper (J).gb
GB	Mini Putt	Mini Putt (J).gb
GB	Miracle Adventure of Esparks	Miracle Adventure of Esparks (J).gb
GB	Missile Command	Missile Command (U) [M][!].gb
GB	Mogura De Pon!	Mogura De Pon! (J).gb
GB	Mole Mania	Mole Mania (U) [S][!].gb
GB	Momotarou Dengeki	Momotarou Dengeki (J) [T+Eng0.91_Toma].gb
GB	Momotarou Dengeki 2	Momotarou Dengeki 2 (J) [S].gb
GB	Monopoly	Monopoly (U) [M][!].gb
GB	Monster Max	Monster Max (U) (M6).gb
GB	Monster Truck	Monster Truck (J).gb
GB	Monster Truck Wars	Monster Truck Wars (U) [!].gb
GB	Montezuma's Return	Montezuma's Return (E) (M5) [M][!].gb
GB	Mortal Kombat	Mortal Kombat (U) [!].gb
GB	Mortal Kombat 3	Mortal Kombat 3 (U) [!].gb
GB	Mortal Kombat II	Mortal Kombat II (U) [!].gb
GB	Motocross Maniacs	Motocross Maniacs (U) [!].gb
GB	Mousetrap Hotel	Mousetrap Hotel (U).gb
GB	Mr Nutz	Mr Nutz (U).gb
GB	Mr. Chin's Gourmet Paradise	Mr. Chin's Gourmet Paradise (U) [!].gb
GB	Mr. Do!	Mr. Do! (E) [!].gb
GB	Ms. Pac-Man	Ms. Pac-Man (U) [!].gb
GB	Muhammad Ali's Boxing	Muhammad Ali's Boxing (U).gb
GB	Musashi Road	Musashi Road (J).gb
GB	Mysterium	Mysterium (U).gb
GB	Mystical Ninja	Mystical Ninja (U) [S][!].gb
GB	Nail'N Scale	Nail'N Scale (U).gb
GB	Nakajima Satoru - F-1 Hero '91	Nakajima Satoru - F-1 Hero '91 (J).gb
GB	Namco Classics	Namco Classics (J).gb
GB	Namco Gallery Vol.1	Namco Gallery Vol.1 (J) [S].gb
GB	Namco Gallery Vol.2	Namco Gallery Vol.2 (J) [S].gb
GB	Namco Gallery Vol.3	Namco Gallery Vol.3 (J) [S].gb
GB	Navy Seals	Navy Seals (U) [!].gb
GB	NBA All Star Challenge	NBA All Star Challenge (U) [!].gb
GB	NBA All Star Challenge 2	NBA All Star Challenge 2 (U) [!].gb
GB	NBA Jam	NBA Jam (U) [!].gb
GB	NBA Jam - Tournament Edition	NBA Jam - Tournament Edition (UE) [!].gb
GB	NBA Live 96	NBA Live 96 (U) [S][!].gb
GB	Nectaris GB	Nectaris GB (J) [S][!].gb
GB	Nekojara	Nekojara (J).gb
GB	Nemesis	Nemesis (U) [!].gb
GB	Nettou Garou 2	Nettou Garou 2 (J) [S].gb
GB	New Chessmaster, The	New Chessmaster, The (J) (M2) [!].gb
GB	NFL Football	NFL Football (U) [!].gb
GB	NFL Quarterback Club	NFL Quarterback Club (U) [!].gb
GB	NFL Quarterback Club 2	NFL Quarterback Club 2 (U) [!].gb
GB	NFL Quarterback Club 96	NFL Quarterback Club 96 (U) [!].gb
GB	NHL Hockey '95	NHL Hockey '95 (U) [S][!].gb
GB	NHL Hockey '96	NHL Hockey '96 (U) [S][!].gb
GB	Nigel Mansell's World Championship '92	Nigel Mansell's World Championship '92 (U) [!].gb
GB	Nihon Daiyou Soccer	Nihon Daiyou Soccer (J) [S].gb
GB	Ninja Boy	Ninja Boy (U) [!].gb
GB	Ninja Boy 2	Ninja Boy 2 (U).gb
GB	Ninja Gaiden Shadow	Ninja Gaiden Shadow (U).gb
GB	Ninja Taro	Ninja Taro (U) [!].gb
GB	Ninku	Ninku (J) [S].gb
GB	Nintama Eawase	Nintama Eawase (J) [S].gb
GB	Nintendo World Cup	Nintendo World Cup (U) [!].gb
GB	NIV Bible	NIV Bible (Unl) [!].gb
GB	Nobunaga's Ambition	Nobunaga's Ambition (U) [!].gb
GB	Nontan to Issho - Kurukuru Puzzle	Nontan to Issho - Kurukuru Puzzle (J).gb
GB	Noobow	Noobow (J).gb
GB	Oddworld Adventures	Oddworld Adventures (UE) [!].gb
GB	Olympic Summer Games	Olympic Summer Games (U) [S].gb
GB	Operation C	Operation C (U) [!].gb
GB	Othello	Othello (UE) [!].gb
GB	Otto's Ottifanten	Otto's Ottifanten (E).gb
GB	Out of Gas	Out of Gas (U) [!].gb
GB	Out to Lunch	Out to Lunch (UE) [!].gb
GB	Pac-Attack	Pac-Attack (U).gb
GB	Pac-in-Time	Pac-in-Time (UE) [S][!].gb
GB	Pac-Man	Pac-Man (U) (Namco Hometek) [!].gb
GB	Pachio Kun	Pachio Kun (J).gb
GB	Pagemaster, The	Pagemaster, The (U) [S][!].gb
GB	Painter Momo Pie	Painter Momo Pie (J).gb
GB	Palamedes	Palamedes (UE) [!].gb
GB	Panel Action Bingo	Panel Action Bingo (U) [!].gb
GB	Pang	Pang (U).gb
GB	Paperboy	Paperboy (U) [M][!].gb
GB	Paperboy 2	Paperboy 2 (U) [!].gb
GB	Papuwakunn	Papuwakunn (J).gb
GB	Parasol Stars	Parasol Stars (UE) [!].gb
GB	Parodius	Parodius (UE) [!].gb
GB	Peetan	Peetan (J).gb
GB	Penguin Land	Penguin Land (J).gb
GB	Penguin Wars	Penguin Wars (U) [!].gb
GB	Penta Dragon	Penta Dragon (J) [T+Eng].gb
GB	PGA European Tour	PGA European Tour (U) [S][!].gb
GB	PGA Tour '96	PGA Tour '96 (U) [S].gb
GB	Phantom Air Mission	Phantom Air Mission (E) [!].gb
GB	Pinball - Revenge of the Gator	Pinball - Revenge of the Gator (U) [!].gb
GB	Pinball Deluxe	Pinball Deluxe (U).gb
GB	Pinball Dreams	Pinball Dreams (UE) [!].gb
GB	Pinball Fantasies	Pinball Fantasies (U).gb
GB	Pinball Mania	Pinball Mania (U).gb
GB	Pingu - Sekai de 1ban Genki na Penguin	Pingu - Sekai de 1ban Genki na Penguin (J).gb
GB	Pinocchio	Pinocchio (U) (1996) [!].gb
GB	Pipe Dream	Pipe Dream (U) [!].gb
GB	Pit Fighter	Pit Fighter (U) [!].gb
GB	Play Action Football	Play Action Football (U) [!].gb
GB	Pocahontas	Pocahontas (U) [S].gb
GB	Pocket Bomberman	Pocket Bomberman (U) [S].gb
GB	Pocket Densha	Pocket Densha (J) [S].gb
GB	Pocket Golf	Pocket Golf (J) [!].gb
GB	Pocket Mahjong	Pocket Mahjong (J).gb
GB	Pocket Puyo Puyo 2 Tsuu	Pocket Puyo Puyo 2 Tsuu (J) [S].gb
GB	Pocket Sonar	Pocket Sonar (J).gb
GB	Pocket Stadium	Pocket Stadium (J).gb
GB	Pokemon - Blue Version	Pokemon - Blue Version (UE) [S][!].gb
GB	Pokemon - Red Version	Pokemon - Red Version (UE) [S][!].gb
GB	Pokemon - Yellow Version	Pocket Monsters Yellow (J) (V1.0) [S][p1][T+Chi][!].gb
GB	Pokonyan! - Yume no Daibouken	Pokonyan! - Yume no Daibouken (J) [S].gb
GB	Ponta to Hinako no Chindouchuu - Yuutou Hen	Ponta to Hinako no Chindouchuu - Yuutou Hen (J).gb
GB	Pop 'N TwinBee	Pop 'N TwinBee (E) [!].gb
GB	Popeye	Popeye (J).gb
GB	Popeye 2	Popeye 2 (E) [!].gb
GB	Populous	Populous (UE) [!].gb
GB	Power Mission	Power Mission (U) [!].gb
GB	Power Pro GB	Power Pro GB (J) (V1.1) [S][!].gb
GB	Power Racer	Power Racer (U) [!].gb
GB	Prehistorik Man	Prehistorik Man (U).gb
GB	Pri Pri - Primitive Princess!	Pri Pri - Primitive Princess! (J).gb
GB	Primal Rage	Primal Rage (U) [!].gb
GB	Prince of Persia	Prince of Persia (E) (M5) [M][!].gb
GB	Pro Mahjong Kiwame GB	Pro Mahjong Kiwame GB (J) [S].gb
GB	Prophecy - The Viking Child	Prophecy - The Viking Child (U) [!].gb
GB	Punisher, The - The Ultimate Payback	Punisher, The - The Ultimate Payback (U) [!].gb
GB	Puyo Puyo	Puyo Puyo (J) [S].gb
GB	Puzznic	Puzznic (J).gb
GB	Pyramids of Ra	Pyramids of Ra (U).gb
GB	Q Billion	Q Billion (U) [!].gb
GB	Q-bert II	Q-bert II (UE) [!].gb
GB	Qix	Qix (JU) [!].gb
GB	Quarth	Quarth (U) [!].gb
GB	R-Type	R-Type (U) [!].gb
GB	R-Type II	R-Type II (U).gb
GB	Race Drivin'	Race Drivin' (U) [!].gb
GB	Racing Tamashii	Racing Tamashii (J) [!].gb
GB	Radar Mission	Radar Mission (UE) [!].gb
GB	Raging Fighter	Raging Fighter (UE) [!].gb
GB	Railway	Railway (Sachen 4-in-1 Vol. 5) (Unl) [!].gb
GB	Rampart	Rampart (U) [M][!].gb
GB	Rats!	Reservoir Rat (E) (M5) [M][!].gb
GB	Ray-Thunder	Ray-Thunder (J) [!].gb
GB	Real Bout Special	Real Bout Special (J) [S].gb
GB	Real Ghostbusters, The	Real Ghostbusters, The (U) [!].gb
GB	Ren & Stimpy Show, The - Space Cadet Adventures	Ren & Stimpy Show, The - Space Cadet Adventures (U) [!].gb
GB	Ren & Stimpy Show, The - Veediots!	Ren & Stimpy Show, The - Veediots! (U) [!].gb
GB	Renju Club	Renju Club (J) [S].gb
GB	Riddick Bowe Boxing	Riddick Bowe Boxing (E) [!].gb
GB	Ring Rage	Ring Rage (U) [!].gb
GB	Road Rash	Road Rash (U) [M][!].gb
GB	Roadster	Roadster (J).gb
GB	Robin Hood - Prince of Thieves	Robin Hood - Prince of Thieves (U).gb
GB	Robocop	Robocop (U) (V1.0) [M][!].gb
GB	Robocop 2	Robocop 2 (U).gb
GB	RoboCop Vs. The Terminator	RoboCop Vs. The Terminator (U) [!].gb
GB	Rock'n Monster!!	Rock'n Monster!! (J) [S].gb
GB	Rodland	Rodland (U).gb
GB	Roger Clemens MVP Baseball	Roger Clemens MVP Baseball (U) [!].gb
GB	Rolan's Curse	Rolan's Curse (U) [!].gb
GB	Rolan's Curse II	Rolan's Curse II (U) [!].gb
GB	Rugrats Movie, The	Rugrats Movie, The (U) [S].gb
GB	Sagaia	Sagaia (J) [!].gb
GB	Same Game	Same Game (J) [S].gb
GB	Samurai Shodown	Samurai Shodown (U) [S].gb
GB	Sanrio Carnival	Sanrio Carnival (J) [T+Eng1.2_Six Feet Under].gb
GB	Sanrio Carnival 2	Sanrio Carnival 2 (J).gb
GB	SD Command Gundam - G-Arms	SD Command Gundam - G-Arms (J) [!].gb
GB	SD Hiryuu no Ken Gaiden	SD Hiryuu no Ken Gaiden (J) [S][!].gb
GB	SD Hiryuu no Ken Gaiden 2	SD Hiryuu no Ken Gaiden 2 (J) [S][!].gb
GB	SD Lupin III - Kinko Yaburi Daisakusen	SD Lupin III - Kinko Yaburi Daisakusen (J) [!].gb
GB	Sea Battle	Sea Battle (E) (M4).gb
GB	SeaQuest DSV	SeaQuest DSV (U) [S][!].gb
GB	Sensible Soccer - European Champions	Sensible Soccer - European Champions (E) [!].gb
GB	Serpent	Serpent (U) [!].gb
GB	Shanghai	Shanghai (U) [!].gb
GB	Shanghai Pocket	Shanghai Pocket (J) [S].gb
GB	Shaq Fu	Shaq Fu (U) [S][!].gb
GB	Shikinjou	Shikinjou (J).gb
GB	Shin Nihon Pro Wrestling Tokon Sanjushi	Shin Nihon Pro Wrestling Tokon Sanjushi (J).gb
GB	Shisenshou - Match-Mania	Shisenshou - Match-Mania (J).gb
GB	Side Pocket	Side Pocket (U) [!].gb
GB	Simpsons, The - Bart & the Beanstalk	Simpsons, The - Bart & the Beanstalk (U).gb
GB	Simpsons, The - Bart vs the Juggernauts	Simpsons, The - Bart vs the Juggernauts (U) [!].gb
GB	Simpsons, The - Escape from Camp Deadly	Simpsons, The - Escape from Camp Deadly (U) [!].gb
GB	Skate or Die - Bad 'N Rad	Skate or Die - Bad 'N Rad (U) [!].gb
GB	Skate or Die - Tour de Thrash	Skate or Die - Tour de Thrash (U).gb
GB	Sky Ace	Sky Ace (Sachen 4-in-1 Vol. 7) (Unl) [!].gb
GB	Small Soldiers	Small Soldiers (U) [S][!].gb
GB	Smurfs 2, The	Smurfs 2, The (E) (M4).gb
GB	Smurfs 3, The	Smurfs 3, The (E) (M4) [!].gb
GB	Smurfs, The	Smurfs, The (UE) (V1.0) (M4) [!].gb
GB	Sneaky Snakes	Sneaky Snakes (UE) [!].gb
GB	Snoopy - Magic Show	Snoopy - Magic Show (U) [!].gb
GB	Snoopy no Hajimete no Otsukai	Snoopy no Hajimete no Otsukai (J) [S][!].gb
GB	Snow Bros. Jr.	Snow Bros. Jr. (U) [!].gb
GB	Soccer Mania	Soccer Mania (JU) [!].gb
GB	SolarStriker	SolarStriker (W) [!].gb
GB	Soldam	Soldam (J).gb
GB	Solitaire Funpak	Solitaire Funpak (U) [!].gb
GB	Solomon's Club	Solomon's Club (E) [!].gb
GB	Space Invaders (PD)	Space Invaders (PD).gb
GB	Space Invaders [S]	Space Invaders (E) [S][!].gb
GB	Spanky's Quest	Spanky's Quest (U) [!].gb
GB	Speedball 2 - Brutal Deluxe	Speedball 2 - Brutal Deluxe (UE) [!].gb
GB	Speedy Gonzales	Speedy Gonzales (U) [!].gb
GB	Spider-Man	Spider-Man (U) [T+Chi].gb
GB	Spider-Man and the X-Men in Arcade's Revenge	Spider-Man and the X-Men in Arcade's Revenge (U).gb
GB	Spiritual Warfare	Spiritual Warfare (Unl) [!].gb
GB	Spirou	Spirou (E) (M4) [S][!].gb
GB	Splitz	Splitz (UE) [!].gb
GB	Sports Illustrated - Football & Baseball	Sports Illustrated - Football & Baseball (U) [!].gb
GB	Sports Illustrated - Golf Classic	Sports Illustrated - Golf Classic (U) [!].gb
GB	Sports Illustrated for Kids - The Ultimate Triple Dare!	Sports Illustrated for Kids - The Ultimate Triple Dare! (U) [!].gb
GB	Spot	Spot (U) [!].gb
GB	Spot - The Cool Adventure	McDonaldland (U) [!].gb
GB	Spud's Adventure	Spud's Adventure (U).gb
GB	Spy vs. Spy - Operation Boobytrap	Spy vs. Spy - Operation Boobytrap (U) (1992) [!].gb
GB	Square Deal - The Game of Two Dimensional Poker	Square Deal - The Game of Two Dimensional Poker (U) [!].gb
GB	Star Hawk	Star Hawk (U) [!].gb
GB	Star Sweep	Star Sweep (J) [S].gb
GB	Star Trek - 25th Anniversary	Star Trek - 25th Anniversary (U) [!].gb
GB	Star Trek - Generations - Beyond the Nexus	Star Trek - Generations - Beyond the Nexus (U) [S][!].gb
GB	Star Trek - The Next Generation	Star Trek - The Next Generation (U) [!].gb
GB	Star Wars	Star Wars (U) (V1.1) [!].gb
GB	Star Wars - Super Return of the Jedi	Star Wars - Super Return of the Jedi (U) [S][!].gb
GB	Star Wars - The Empire Strikes Back	Star Wars - The Empire Strikes Back (E) [!].gb
GB	Stargate	Stargate (U) [!].gb
GB	Stop That Roach!	Stop That Roach! (U).gb
GB	Street Fighter II	Street Fighter II (UE) [S][!].gb
GB	Street Racer	Street Racer (U) [!].gb
GB	Street Rider	Street Rider (Sachen 4-in-1 Vol. 1) (Unl) [!].gb
GB	Sumo Fighter	Sumo Fighter (U) [!].gb
GB	Super B-Daman - Fighting Phoenix	Super B-Daman - Fighting Phoenix (J) [S].gb
GB	Super Battletank	Super Battletank (U) [!].gb
GB	Super Bikkuriman - Densetsu no Sekiban	Super Bikkuriman - Densetsu no Sekiban (J) [T+Eng].gb
GB	Super Black Bass	Super Black Bass (U) [!].gb
GB	Super Chase H.Q.	Super Chase H.Q. (UE) [!].gb
GB	Super Chinese Fighter GB	Super Chinese Fighter GB (J) [S].gb
GB	Super Hunchback	Super Hunchback (U).gb
GB	Super James Pond	Super James Pond (E) [!].gb
GB	Super Kick Off	Super Kick Off (E) (M5) [!].gb
GB	Super Mario Land	Super Mario Land (W) (V1.0) [!].gb
GB	Super Mario Land 2 - 6 Golden Coins	Super Mario Land 2 - 6 Golden Coins (UE) (V1.0) [!].gb
GB	Super Off Road	Super Off Road (U) [!].gb
GB	Super R.C. Pro-Am	Super R.C. Pro-Am (UE) [!].gb
GB	Super Robot Taisen	Super Robot Taisen (J) [T+Eng0.70_BioEncyst].gb
GB	Super Scrabble	Super Scrabble (U) [!].gb
GB	Super Street Basketball	Super Street Basketball (J).gb
GB	Super Street Basketball 2	Super Street Basketball 2 (J) [S].gb
GB	Superman	Superman (U) [S][!].gb
GB	Swamp Thing	Swamp Thing (U) [!].gb
GB	Sword of Hope II, The	Sword of Hope II, The (U) [!].gb
GB	Sword of Hope, The	Sword of Hope, The (U) [!].gb
GB	T2 - The Arcade Game	T2 - The Arcade Game (U) [!].gb
GB	Taikyoku Renju	Taikyoku Renju (J).gb
GB	Tail Gator	Tail Gator (U) [!].gb
GB	Taiyou no Tenshi Marlowe - Ohanabatake wa Dai-Panic	Taiyou no Tenshi Marlowe - Ohanabatake wa Dai-Panic (J) [T+Eng0.50_Evolutions].gb
GB	Taiyou no Yuusha - Firebird GB	Taiyou no Yuusha - Firebird GB (J).gb
GB	Tale Spin	Tale Spin (U).gb
GB	Tamagotchi	Tamagotchi (UE) [S][!].gb
GB	Tarzan	Tarzan (U) [!].gb
GB	Tasmania Story	Tasmania Story (U) [!].gb
GB	Taz-Mania	Taz-Mania (U) [!].gb
GB	Taz-Mania 2	Taz-Mania 2 (U) [!].gb
GB	Tecmo Bowl	Tecmo Bowl (U).gb
GB	Teenage Mutant Ninja Turtles - Back From the Sewers	Teenage Mutant Ninja Turtles - Back From the Sewers (U) [!].gb
GB	Teenage Mutant Ninja Turtles - Fall of the Foot Clan	Teenage Mutant Ninja Turtles - Fall of the Foot Clan (U) [!].gb
GB	Teenage Mutant Ninja Turtles III - Radical Rescue	Teenage Mutant Ninja Turtles III - Radical Rescue (U) [!].gb
GB	Tekkyu Fight! - The Great Battle Gaiden	Tekkyu Fight! - The Great Battle Gaiden (J).gb
GB	Tennis	Tennis (W) [!].gb
GB	Tensai Bakabon	Tensai Bakabon (J).gb
GB	Terminator 2 - Judgment Day	Terminator 2 - Judgment Day (UE) [!].gb
GB	Tesserae	Tesserae (U) [!].gb
GB	Tetris	Tetris (W) (V1.0) [!].gb
GB	Tetris 2	Tetris 2 (U) [!].gb
GB	Tetris Attack	Tetris Attack (U) (V1.0) [S][!].gb
GB	Tetris Blast	Tetris Blast (U) [S][!].gb
GB	Tetris Plus	Tetris Plus (U) [S][!].gb
GB	Tintin in Tibet	Tintin in Tibet (E) (M4) [S].gb
GB	Tiny Toon Adventures - Babs' Big Break	Tiny Toon Adventures - Babs' Big Break (E) [!].gb
GB	Tiny Toon Adventures - Wacky Sports	Tiny Toon Adventures - Wacky Sports (U) [!].gb
GB	Tiny Toon Adventures 2 - Montana's Movie Madness	Tiny Toon Adventures 2 - Montana's Movie Madness (U) [!].gb
GB	Tip Off	Tip Off (UE) [!].gb
GB	Titus the Fox	Titus the Fox (UE) [M][!].gb
GB	Tokoro Jr.	Tokoro Jr. (J) [S][!].gb
GB	Tom and Jerry	Tom and Jerry (U) [M][!].gb
GB	Tom and Jerry - Frantic Antics	Tom and Jerry - Frantic Antics (U).gb
GB	Top Gun - Guts & Glory	Top Gun - Guts & Glory (U) [!].gb
GB	Top Rank Tennis	Top Rank Tennis (U) [!].gb
GB	Torpedo Range	Torpedo Range (UE) [!].gb
GB	Total Carnage	Total Carnage (UE) [!].gb
GB	Tower of Druaga, The	Tower of Druaga, The (J).gb
GB	Toxic Crusaders	Toxic Crusaders (U).gb
GB	Toy Story	Toy Story (U) (V1.0) [S][!].gb
GB	Track & Field	Track & Field (U) [!].gb
GB	Track Meet	Track Meet (U).gb
GB	Trap & Turn	Trap & Turn (Sachen) [!].gb
GB	Trax	Trax (U) [!].gb
GB	Trip World	Trip World (E) [!].gb
GB	True Lies	True Lies (U) [!].gb
GB	Trump Boy	Trump Boy (J) [!].gb
GB	Trump Boy II	Trump Boy II (J).gb
GB	Trump Collection GB	Trump Collection GB (J).gb
GB	Tumble Pop	Tumble Pop (U) [!].gb
GB	Turn and Burn	Turn and Burn (U) [!].gb
GB	Turok - Battle of the Bionosaurs	Turok - Battle of the Bionosaurs (UE) (M4) [!].gb
GB	Turrican	Turrican (UE) [!].gb
GB	Twin	Twin (J) [!].gb
GB	Uchuu no Kishi Tekkaman Blade	Uchuu no Kishi Tekkaman Blade (J) [T+Eng].gb
GB	Ultima - Runes of Virtue	Ultima - Runes of Virtue (U) [!].gb
GB	Ultima - Runes of Virtue II	Ultima - Runes of Virtue II (U).gb
GB	Ultra Golf	Ultra Golf (U).gb
GB	Ultraman	Ultraman (J).gb
GB	Ultraman Ball	Ultraman Ball (J) [S][!].gb
GB	Ultraman Chou Toushi Gekiden	Ultraman Chou Toushi Gekiden (J) [S].gb
GB	Universal Soldier	Universal Soldier (U).gb
GB	Uno - Small World	Uno - Small World (J) [!].gb
GB	Uno 2 - Small World	Uno 2 - Small World (J) [S][!].gb
GB	Urban Strike	Urban Strike (U) [S][!].gb
GB	V-Rally - Championship Edition	V-Rally - Championship Edition (U) (M3) [M][!].gb
GB	Vattle Giuce	Vattle Giuce (J) [!].gb
GB	Vegas Stakes	Vegas Stakes (U) [S][!].gb
GB	Versus Hero - Kakutou Ou heno Michi	Versus Hero - Kakutou Ou heno Michi (J).gb
GB	Vex Block	Vex Block (Sachen) [!].gb
GB	Volley Fire	Volley Fire (J).gb
GB	WanWan (PD)	WanWan (PD).gb
GB	Wario Blast Featuring Bomberman!	Wario Blast Featuring Bomberman! (U) [S][!].gb
GB	Wario Land - Super Mario Land 3	Wario Land - Super Mario Land 3 (W) [!].gb
GB	Wario Land II	Wario Land II (UE) [S][!].gb
GB	Water World	Water World (E) [!].gb
GB	Wave Race	Wave Race (E) [!].gb
GB	Wayne's World	Wayne's World (U).gb
GB	WCW Main Event	WCW Main Event (U) [!].gb
GB	We're Back! - A Dinosaur's Story	We're Back! - A Dinosaur's Story (U) [!].gb
GB	Wedding Peach - Jamapii Panic	Wedding Peach - Jamapii Panic (J) [S][!].gb
GB	Wheel of Fortune	Wheel of Fortune (U) [!].gb
GB	Who Framed Roger Rabbit	Who Framed Roger Rabbit (U) [!].gb
GB	Wild Snake	Wild Snake (U) [S].gb
GB	Wizardry Gaiden 2 - Curse of the Ancient Emperor	Wizardry Gaiden 2 - Curse of the Ancient Emperor (J) [!].gb
GB	Wizardry Gaiden 3 - Scripture of the Dark	Wizardry Gaiden 3 - Scripture of the Dark (J) [!].gb
GB	Wizards & Warriors Chapter X - The Fortress of Fear	Wizards & Warriors Chapter X - The Fortress of Fear (E) [!].gb
GB	Wordtris	Wordtris (U) [!].gb
GB	WordZap	WordZap (U).gb
GB	World Beach Volleyball 1991 GB Cup	World Beach Volleyball 1991 GB Cup (J).gb
GB	World Bowling	World Bowling (U) [!].gb
GB	World Circuit Series	World Circuit Series (U).gb
GB	World Cup USA '94	World Cup USA '94 (UE) (M8) [!].gb
GB	World Heroes 2 Jet	World Heroes 2 Jet (U) [S][!].gb
GB	World Ice Hockey	World Ice Hockey (J).gb
GB	Worm Visitor	Worm Visitor (Sachen 4-in-1 Vol. 5) (Unl) [!].gb
GB	Worms	Worms (U) [!].gb
GB	WWF King of the Ring	WWF King of the Ring (U) [!].gb
GB	WWF Raw	WWF Raw (UE) [!].gb
GB	WWF Superstars	WWF Superstars (UE) [!].gb
GB	WWF Superstars 2	WWF Superstars 2 (UE) [!].gb
GB	WWF Warzone	WWF Warzone (U) [!].gb
GB	X	X (Tech Demo) (U) [!].gb
GB	Xenon 2 - Megablast	Xenon 2 - Megablast (U).gb
GB	XVII Olympic Winter Games, The - Lillehammer 1994	XVII Olympic Winter Games, The - Lillehammer 1994 (U).gb
GB	Yaiba	Yaiba (J) [!].gb
GB	Yakyuuman	Yakyuuman (J) (V1.0) [!].gb
GB	Yogi Bear in Yogi Bear's Goldrush	Yogi Bear in Yogi Bear's Goldrush (U) [!].gb
GB	Yoshi	Yoshi (U) [!].gb
GB	Yoshi's Cookie	Yoshi's Cookie (U) [!].gb
GB	Yuu Yuu Hakusho	Yuu Yuu Hakusho (J).gb
GB	Yuu Yuu Hakusho - Ankoku Bujutsu Kai	Yuu Yuu Hakusho - Ankoku Bujutsu Kai (J).gb
GB	Yuu Yuu Hakusho - Makai no Tobira	Yuu Yuu Hakusho - Makai no Tobira (J).gb
GB	Yuu Yuu Hakusho - Makai Touitsu	Yuu Yuu Hakusho - Makai Touitsu (J) [S].gb
GB	Zankurou Musouken	Zankurou Musouken (J) [S][!].gb
GB	Zen - Intergalactic Ninja	Zen - Intergalactic Ninja (U).gb
GB	Zen-Nippon Pro Wrestling Jet	Zen-Nippon Pro Wrestling Jet (J) [S].gb
GB	Zettai Muteki Raijinou	Zettai Muteki Raijinou (J) [T+Eng].gb
GB	Zipball	Zipball (Sachen 4-in-1 Vol. 9) (Unl) [!].gb
GB	Zoids Densetsu	Zoids Densetsu (J).gb
GB	Zoo Block	Zoo Block (Sachen) [!].gb
GB	Zool	Zool (U) [!].gb
GB	Zoop	Zoop (U) [!].gb
GBA	007 - Everything or Nothing	007 - Everything or Nothing (UE) (M3) [!].gba
GBA	007 - Nightfire	007 - Nightfire (UE) (M3) [!].gba
GBA	2 Games in 1 - Brother Bear & The Lion King	2 Games in 1 - Brother Bear & The Lion King (E) (M8).gba
GBA	2 Games in 1 - Columns Crown & Chu Chu Rocket!	2 Games in 1 - Columns Crown & Chu Chu Rocket! (E) (M5).gba
GBA	2 Games in 1 - Crash & Spyro Super Pack Volume 1 - Spyro - Season of Ice & Spyro - Season of Flame	2 Games in 1 - Crash & Spyro Super Pack Volume 1 - Spyro - Season of Ice & Spyro - Season of Flame (E) (M6).gba
GBA	2 Games in 1 - Crash & Spyro Super Pack Volume 2 - Spyro 2 - Season of Flame & Crash Nitro Kart	2 Games in 1 - Crash & Spyro Super Pack Volume 2 - Spyro 2 - Season of Flame & Crash Nitro Kart (E) (M6).gba
GBA	2 Games in 1 - Crash & Spyro Super Pack Volume 3 - Crash Bandicoot - Fusion & Spyro - Fusion	2 Games in 1 - Crash & Spyro Super Pack Volume 3 - Crash Bandicoot - Fusion & Spyro - Fusion (E) (M5).gba
GBA	2 Games in 1 - Disney Princess & Brother Bear	2 Games in 1 - Disney Princess & Brother Bear (E) (M8).gba
GBA	2 Games in 1 - Disney Princess & Lizzie McGuire	2 Games in 1 - Disney Princess & Lizzie McGuire (E).gba
GBA	2 Games in 1 - Disney's Finding Nemo & Finding Nemo - The Continuing Adventures	2 Games in 1 - Disney's Finding Nemo & Finding Nemo - The Continuing Adventures (E) (M1+M5).gba
GBA	2 Games in 1 - Disney's Finding Nemo & The Incredibles	2 Games in 1 - Alla Ricerca di Nemo & Gli Incredibili (E) (M2) (Ita-Spa).gba
GBA	2 Games in 1 - Disney's Sports Pack - Football & SkateBoarding	2 Games in 1 - Disney's Sports Pack - Football & SkateBoarding (E) (M5).gba
GBA	2 Games in 1 - Disney's The Lion King & Disney Princess	2 Games in 1 - Disney's The Lion King & Disney Princess (E) (M7).gba
GBA	2 Games in 1 - Gauntlet & Rampart	2 Games in 1 - Gauntlet & Rampart (E) (M5).gba
GBA	2 Games in 1 - GT Advance 3 - Pro Concept Racing & Moto GP	2 Games in 1 - GT Advance 3 - Pro Concept Racing & Moto GP (E) (M5).gba
GBA	2 Games in 1 - Hugo - Bukkazoom! & Hugo - The Evil Mirror Advance	2 Games in 1 - Hugo - Bukkazoom! & Hugo - The Evil Mirror Advance (E) (M12).gba
GBA	2 Games in 1 - Marble Madness & Klax	2 Games in 1 - Marble Madness & Klax (E) (M5).gba
GBA	2 Games in 1 - Peter Pan - Return to Neverland & Lilo and Stitch 2	2 Games in 1 - Peter Pan - Return to Neverland & Lilo and Stitch 2 (E) (M6).gba
GBA	2 Games in 1 - Sonic Advance & Chu Chu Rocket!	2 Games in 1 - Sonic Advance & Chu Chu Rocket! (E) (M5).gba
GBA	2 Games in 1 - Sonic Advance & Sonic Pinball Party	2-in-1 - Sonic Gamepack - Sonic Pinball Party & Sonic Advance (U) (M5).gba
GBA	2 Games in 1 - Sonic Battle & Chu Chu Rocket!	2 Games in 1 - Sonic Battle & Chu Chu Rocket! (E) (M6).gba
GBA	2 Games in 1 - Sonic Battle & Sonic Advance	2 Games in 1 - Sonic Battle & Sonic Advance (E) (M5).gba
GBA	2 Games in 1 - Sonic Pinball Party & Columns Crown	2 Games in 1 - Sonic Pinball Party & Columns Crown (E) (M6).gba
GBA	2 Games in 1 - Sonic Pinball Party & Sonic Battle	2 Games in 1 - Sonic Pinball Party & Sonic Battle (E) (M6).gba
GBA	2 Games in 1 - SpongeBob SquarePants - Battle for Bikini Bottom & Jimmy Neutron - Boy Genius	2 Games in 1 - SpongeBob SquarePants - Battle for Bikini Bottom & Jimmy Neutron - Boy Genius (E) (M4).gba
GBA	2 Games in 1 - SpongeBob SquarePants - SuperSponge & Rugrats - Go Wild	2 Games in 1 - SpongeBob SquarePants - SuperSponge & Rugrats - Go Wild (E).gba
GBA	2 Games in 1 - SpongeBob SquarePants - SuperSponge & SpongeBob SquarePants - Battle for Bikini Bottom	2 Games in 1 - SpongeBob SquarePants - SuperSponge & SpongeBob SquarePants - Battle for Bikini Bottom (E) (M2).gba
GBA	2 Games in 1 - SpongeBob SquarePants - The Movie & SpongeBob and Friends - Freeze Frame Frenzy	2 Games in 1 - SpongeBob SquarePants - The Movie & SpongeBob and Friends - Freeze Frame Frenzy (E) (M6).gba
GBA	2 Games in 1 - Spyro - Season of Ice & Crash Bandicoot 2 - N-Tranced	2 Games in 1 - Spyro - Season of Ice & Crash Bandicoot 2 - N-Tranced (E).gba
GBA	2 Games in 1 - UbiSoft Gamepack - Prince of Persia & Tomb Raider - The Prophecy	2 Games in 1 - UbiSoft Gamepack - Prince of Persia & Tomb Raider - The Prophecy (E) (M5).gba
GBA	2 Games in 1 - V-Rally 3 & Stuntman	2 Games in 1 - V-Rally 3 & Stuntman (E) (M5).gba
GBA	2 Games in 1 - Winnie the Pooh's Rumbly Tumbly Adventure & Rayman 3 - Hoodlum Havoc	2 Games in 1 - Winnie the Pooh's Rumbly Tumbly Adventure & Rayman 3 - Hoodlum Havoc (E) (M10).gba
GBA	2-in-1 - Asterix & Obelix - Bash! Them All! & Asterix & Obelix XXL	2-in-1 - Asterix & Obelix - Bash! Them All! & Asterix & Obelix XXL (E) (M6).gba
GBA	2-in-1 - Cartoon Network - Block Party & Cartoon Network - Speedway	2-in-1 - Cartoon Network - Block Party & Cartoon Network - Speedway (U).gba
GBA	2-in-1 - Castlevania Double Pack - Harmony of Dissonance & Aria of Sorrow	2-in-1 - Castlevania Double Pack - Harmony of Dissonance & Aria of Sorrow (U) [!].gba
GBA	2-in-1 - Crash & Spyro Super Pack - Spyro - Season of Ice & Crash Bandicoot - The Huge Adventure	2-in-1 - Crash & Spyro Super Pack - Spyro - Season of Ice & Crash Bandicoot - The Huge Adventure (U) [!].gba
GBA	2-in-1 - Crash Bandicoot Purple - Ripto's Rampage & Spyro Orange - The Cortex Conspiracy	2-in-1 - Crash Bandicoot Purple - Ripto's Rampage & Spyro Orange - The Cortex Conspiracy (U).gba
GBA	2-in-1 - Dora the Explorer - Double Pack	2-in-1 - Dora the Explorer - Double Pack (U).gba
GBA	2-in-1 - Dragon Ball Z Gamepack - Buu's Fury & GT - Transformation	2-in-1 - Dragon Ball Z Gamepack - Buu's Fury & GT - Transformation (U).gba
GBA	2-in-1 - Dragon Ball Z Gamepack - The Legacy of Goku I & II	2-in-1 - Dragon Ball Z Gamepack - The Legacy of Goku I & II (U).gba
GBA	2-in-1 - Finding Nemo - The Continuing Adventures & The Incredibles	2-in-1 - Finding Nemo - The Continuing Adventures & The Incredibles (U).gba
GBA	2-in-1 - Gauntlet & Rampart	2-in-1 - Gauntlet & Rampart (U) [!].gba
GBA	2-in-1 - Golden Nugget Casino & Texas Hold'em Poker	2-in-1 - Golden Nugget Casino & Texas Hold'em Poker (U) [!].gba
GBA	2-in-1 - Hot Wheels - Stunt Track Challenge & Hot Wheels - World Race	2-in-1 - Hot Wheels - Stunt Track Challenge & Hot Wheels - World Race (UE) [!].gba
GBA	2-in-1 - Hot Wheels - Velocity X & Hot Wheels - World Race	2-in-1 - Hot Wheels - Velocity X & Hot Wheels - World Race (U).gba
GBA	2-in-1 - Looney Tunes - Double Pack	2-in-1 - Looney Tunes - Double Pack (U).gba
GBA	2-in-1 - Madagascar & Shrek 2	2-in-1 - Madagascar & Shrek 2 (U).gba
GBA	2-in-1 - Madagascar - Operation Penguin & Shrek 2	2-in-1 - Madagascar - Operation Penguin & Shrek 2 (U).gba
GBA	2-in-1 - Marble Madness & Klax	2-in-1 - Marble Madness & Klax (U) [!].gba
GBA	2-in-1 - Monster Trucks & Quad Desert Fury	2-in-1 - Monster Trucks & Quad Desert Fury (U) [!].gba
GBA	2-in-1 - Monsters Inc. & Disney's Finding Nemo	2-in-1 - Monsters Inc. & Disney's Finding Nemo (U).gba
GBA	2-in-1 - Pac-Man Gamepack - Pac-Man World & Ms. Pac-Man - Maze Madness	2-in-1 - Pac-Man Gamepack - Pac-Man World & Ms. Pac-Man - Maze Madness (U).gba
GBA	2-in-1 - Paperboy & Rampage	2-in-1 - Paperboy & Rampage (U) [!].gba
GBA	2-in-1 - Power Rangers - Ninja Storm & Power Rangers - Time Force	2-in-1 - Power Rangers - Ninja Storm & Power Rangers - Time Force (U) (M3).gba
GBA	2-in-1 - Scooby Doo! - The Movie & Scooby-Doo! 2 - Monsters Unleashed	2-in-1 - Scooby Doo! - The Movie & Scooby-Doo! 2 - Monsters Unleashed (U).gba
GBA	2-in-1 - Scooby-Doo! - Mystery Mayhem & Scooby-Doo! and the Cyber Chase	2-in-1 - Scooby-Doo! - Mystery Mayhem & Scooby-Doo! and the Cyber Chase (U) (M3) [!].gba
GBA	2-in-1 - Shark Tale & Shrek 2	2-in-1 - Shark Tale & Shrek 2 (U) [!].gba
GBA	2-in-1 - Spider-Man & Spider-Man 2	2-in-1 - Spider-Man & Spider-Man 2 (U) (M4).gba
GBA	2-in-1 - Spider-Man - Mysterio's Menace & X2 - Wolverine's Revenge	2-in-1 - Spider-Man - Mysterio's Menace & X2 - Wolverine's Revenge (UE).gba
GBA	2-in-1 - SpongeBob SquarePants - Battle for Bikini Bottom & Nicktoons - Freeze Frame Frenzy	2-in-1 - SpongeBob SquarePants - Battle for Bikini Bottom & Nicktoons - Freeze Frame Frenzy (U).gba
GBA	2-in-1 - SpongeBob SquarePants - Battle for Bikini Bottom & The Fairly Odd Parents! - Breakin' da Rules	2-in-1 - SpongeBob SquarePants - Battle for Bikini Bottom & The Fairly Odd Parents! - Breakin' da Rules (U).gba
GBA	2-in-1 - SpongeBob SquarePants - SuperSponge & Revenge of the Flying Dutchman	2-in-1 - SpongeBob SquarePants - SuperSponge & Revenge of the Flying Dutchman (U).gba
GBA	2-in-1 - Spy Hunter & Super Sprint	2-in-1 - Spy Hunter & Super Sprint (U) [!].gba
GBA	2-in-1 - Tony Hawk's Underground & Kelly Slater's Pro Surfer	2-in-1 - Tony Hawk's Underground & Kelly Slater's Pro Surfer (UE) [!].gba
GBA	2-in-1 - Uno & Skin Bo	2-in-1 - Uno & Skin Bo (U).gba
GBA	3 Games in 1 - Breakout & Centipede & Warlords	3 Games in 1 - Breakout & Centipede & Warlords (E) (M5).gba
GBA	3-in-1 - Breakout & Centipede & Warlords	3-in-1 - Breakout & Centipede & Warlords (U) [!].gba
GBA	3-in-1 - Candy Land & Chutes and Ladders & Memory	3-in-1 - Candy Land & Chutes and Ladders & Memory (U).gba
GBA	3-in-1 - Hanna Barbera Rec Room Challenge - Darts & Shuffle & Skeeball	3-in-1 - Hanna Barbera Rec Room Challenge - Darts & Shuffle & Skeeball (U).gba
GBA	3-in-1 - Life & Yahtzee & Payday	3-in-1 - Life & Yahtzee & Payday (U).gba
GBA	3-in-1 - Majesco Sports Pack - Paintball Splat! & Dodgeball & Big Alley Bowling	3-in-1 - Majesco Sports Pack - Paintball Splat! & Dodgeball & Big Alley Bowling (U).gba
GBA	3-in-1 - Mousetrap & Simon & Operation	3-in-1 - Mousetrap & Simon & Operation (U).gba
GBA	3-in-1 - Pong & Asteroids & Yars' Revenge	3-in-1 - Pong & Asteroids & Yars' Revenge (U) [!].gba
GBA	3-in-1 - Rugrats - I Gotta Go Party & SpongeBob - SuperSponge & Tak and the Power of Juju	3-in-1 - Rugrats - I Gotta Go Party & SpongeBob - SuperSponge & Tak and the Power of Juju (E) (M3).gba
GBA	3-in-1 - Sorry & Aggravation & Scrabble Junior	3-in-1 - Sorry & Aggravation & Scrabble Junior (U) [!].gba
GBA	3-in-1 - Super Breakout & Lunar Lander & Millipede	3-in-1 - Super Breakout & Lunar Lander & Millipede (U) [!].gba
GBA	4-in-1 - GT Advance - Championship Racing & GT Advance 2 - Rally Racing & GT Advance 3 - Pro Concept Racing & Moto GP	4-in-1 - GT Advance - Championship Racing & GT Advance 2 - Rally Racing & GT Advance 3 - Pro Concept Racing & Moto GP (U) (M6).gba
GBA	Ace Combat Advance	Ace Combat Advance (UE) [!].gba
GBA	Ace Lightning	Ace Lightning (E).gba
GBA	Action Man - Robot Atack	Action Man - Robot Atack (E) (M5).gba
GBA	Activision Anthology	Activision Anthology (U) [!].gba
GBA	Advance Guardian Heroes	Advance Guardian Heroes (U) [!].gba
GBA	Advance Wars	Advance Wars (U) (V1.0) [!].gba
GBA	Advance Wars 2 - Black Hole Rising	Advance Wars 2 - Black Hole Rising (UA) [!].gba
GBA	Adventures of Jimmy Neutron Boy Genius vs. Jimmy Negatron, The	Adventures of Jimmy Neutron Boy Genius vs. Jimmy Negatron, The (UE) [!].gba
GBA	Adventures of Jimmy Neutron Boy Genius, The - Attack of the Twonkies	Adventures of Jimmy Neutron Boy Genius, The - Attack of the Twonkies (UE) [!].gba
GBA	Adventures of Jimmy Neutron Boy Genius, The - Jet Fusion	Adventures of Jimmy Neutron Boy Genius, The - Jet Fusion (UE) [!].gba
GBA	Adventures of Jimmy Neutron Boy Genius, The - Volume 1	Adventures of Jimmy Neutron Boy Genius, The - Volume 1 (U).gba
GBA	Aero the Acro-Bat - Rascal Rival Revenge	Aero the Acro-Bat - Rascal Rival Revenge (U).gba
GBA	Agassi Tennis Generation	Agassi Tennis Generation (U) [!].gba
GBA	Agent Hugo - Roborumble	Agent Hugo - Roborumble (E) (M11).gba
GBA	Aggressive Inline	Aggressive Inline (U) [!].gba
GBA	Airforce Delta Storm	Airforce Delta Storm (U) (M4) [!].gba
GBA	Alex Ferguson's Player Manager 2002	Alex Ferguson's Player Manager 2002 (E) (M6) [!].gba
GBA	Alex Rider - Stormbreaker	Alex Rider - Stormbreaker (U) [!].gba
GBA	Alien Homonid	Alien Homonid (E) (M5).gba
GBA	Alienators - Evolution Continues	Alienators - Evolution Continues (UE) [!].gba
GBA	All-Star Baseball 2003	All-Star Baseball 2003 (U).gba
GBA	All-Star Baseball 2004	All-Star Baseball 2004 (U).gba
GBA	Altered Beast - Guardian of the Realms	Altered Beast - Guardian of the Realms (U) [!].gba
GBA	Amazing Virtual Sea-Monkeys, The	Amazing Virtual Sea-Monkeys, The (U).gba
GBA	American Bass Challenge	American Bass Challenge (U) [!].gba
GBA	American Idol	American Idol (U).gba
GBA	American Tail, An - Fievel's Gold Rush	American Tail, An - Fievel's Gold Rush (U) (M2).gba
GBA	Animal Snap - Rescue Them 2 by 2	Animal Snap - Rescue Them 2 by 2 (U) [!].gba
GBA	Animaniacs - Lights, Camera, Action!	Animaniacs - Lights, Camera, Action! (E) (M5).gba
GBA	Ant Bully, The	Ant Bully, The (U) (M2) [!].gba
GBA	Antz - Extreme Racing	Antz - Extreme Racing (U) [!].gba
GBA	Archer Maclean's 3D Pool	Archer Maclean's 3D Pool (U).gba
GBA	Archer Maclean's Super Dropzone	Archer Maclean's Super Dropzone (U).gba
GBA	Arctic Tale	Arctic Tale (U).gba
GBA	Army Men - Operation Green	Army Men - Operation Green (UE) (M5) [!].gba
GBA	Army Men - Turf Wars	Army Men - Turf Wars (U) [!].gba
GBA	Army Men Advance	Army Men Advance (UE) (M5) [!].gba
GBA	Around the World in 80 Days	Around the World in 80 Days (U) [!].gba
GBA	Arthur and the Invisibles	Arthur and the Invisibles (U) (M3).gba
GBA	Asterix & Obelix - Bash! Them All!	Asterix & Obelix - Bash! Them All! (E) (M6).gba
GBA	Asterix & Obelix - XXL	Asterix & Obelix - XXL (E) (M6).gba
GBA	Astro Boy - Omega Factor	Astro Boy - Omega Factor (U) (M6).gba
GBA	Atari Anniversary Advance	Atari Anniversary Advance (U) [!].gba
GBA	Atlantis - The Lost Empire	Atlantis - The Lost Empire (U) [!].gba
GBA	Atomic Betty	Atomic Betty (U) [!].gba
GBA	ATV - Quad Power Racing	ATV - Quad Power Racing (U) [!].gba
GBA	ATV - Thunder Ridge Riders	ATV - Thunder Ridge Riders (U).gba
GBA	Avatar - The Last Airbender	Avatar - The Last Airbender (U).gba
GBA	Avatar - The Last Airbender - The Burning Earth	Avatar - The Last Airbender - The Burning Earth (U) [!].gba
GBA	Babar to The Rescue	Babar to The Rescue (U) (M3).gba
GBA	Back to Stone	Back to Stone (U) (M2) [!].gba
GBA	Backtrack	Backtrack (U) [!].gba
GBA	Backyard Baseball	Backyard Baseball (U) [!].gba
GBA	Backyard Baseball 2006	Backyard Baseball 2006 (U) [!].gba
GBA	Backyard Basketball	Backyard Basketball (U).gba
GBA	Backyard Football	Backyard Football (U) [!].gba
GBA	Backyard Football 2006	Backyard Football 2006 (U) [!].gba
GBA	Backyard Hockey	Backyard Hockey (U).gba
GBA	Backyard Skateboarding	Backyard Skateboarding (U).gba
GBA	Backyard Sports Baseball 2007	Backyard Sports Baseball 2007 (U).gba
GBA	Backyard Sports Basketball 2007	Backyard Sports Basketball 2007 (U).gba
GBA	Backyard Sports Football 2007	Backyard Sports Football 2007 (U).gba
GBA	Baldur's Gate - Dark Alliance	Baldur's Gate - Dark Alliance (U) [!].gba
GBA	Ballistic - Ecks vs. Sever	Ballistic - Ecks vs. Sever (U) [!].gba
GBA	Banjo-Kazooie - Grunty's Revenge	Banjo-Kazooie - Grunty's Revenge (U) [!].gba
GBA	Banjo-Pilot	Banjo-Pilot (U).gba
GBA	Barbie - The Princess and the Pauper	Barbie - The Princess and the Pauper (U).gba
GBA	Barbie and The Magic of Pegasus	Barbie and The Magic of Pegasus (U) [!].gba
GBA	Barbie as The Island Princess	Barbie as The Island Princess (U).gba
GBA	Barbie Diaries, The - High School Mystery	Barbie Diaries, The - High School Mystery (U).gba
GBA	Barbie Groovy Games	Barbie Groovy Games (U).gba
GBA	Barbie Horse Adventures	Barbie Horse Adventures (E) (M6).gba
GBA	Barbie Horse Adventures - Blue Ribbon Race	Barbie Horse Adventures - Blue Ribbon Race (U) [!].gba
GBA	Barbie in The 12 Dancing Princesses	Barbie in The 12 Dancing Princesses (U) [!].gba
GBA	Barbie Secret Agent - Royal Jewels Mission	Barbie Secret Agent - Royal Jewels Mission (U) [!].gba
GBA	Barbie Superpack - Secret Agent & Groovy Games	Barbie Superpack - Secret Agent & Groovy Games (U).gba
GBA	Barnyard	Barnyard (U).gba
GBA	Baseball Advance	Baseball Advance (U) [!].gba
GBA	Batman - Rise of Sin Tzu	Batman - Rise of Sin Tzu (U) (M3) [!].gba
GBA	Batman - Vengeance	Batman - Vengeance (U) (M3) [!].gba
GBA	Batman Begins	Batman Begins (UE) (M6) [!].gba
GBA	Battle B-Daman	Battle B-Daman (U) [!].gba
GBA	Battle B-Daman - Fire Spirits!	Battle B-Daman - Fire Spirits! (U).gba
GBA	Battle Network Rockman EXE 4.5 - Real Operation	Battle Network Rockman EXE 4.5 - Real Operation (J) [T+Eng1.2_Spikeman].gba
GBA	BattleBots - Beyond the Battlebox	BattleBots - Beyond the Battlebox (U).gba
GBA	BattleBots - Design & Destroy	BattleBots - Design & Destroy (U) [!].gba
GBA	Bee Game, The	Bee Game, The (U).gba
GBA	Berenstain Bears and the Spooky Old Tree, The	Berenstain Bears and the Spooky Old Tree, The (U).gba
GBA	Best Friends - Hunde & Katzen	Best Friends - Hunde & Katzen (E) (M2).gba
GBA	Beyblade G-Revolution	Beyblade G-Revolution (U).gba
GBA	Beyblade VForce - Ultimate Blader Jam	Beyblade VForce - Ultimate Blader Jam (U) [!].gba
GBA	Bible Game, The	Bible Game, The (U) [!].gba
GBA	Big Mutha Truckers	Big Mutha Truckers (U) [!].gba
GBA	Bionicle - Maze of Shadows	Bionicle - Maze of Shadows (U).gba
GBA	Bionicle Heroes	Bionicle Heroes (U) (M6).gba
GBA	Black Belt Challenge	Black Belt Challenge (E).gba
GBA	BlackThorne	BlackThorne (U) [!].gba
GBA	Blades of Thunder	Blades of Thunder (U).gba
GBA	Blender Bros.	Blender Bros. (U) [!].gba
GBA	BMX Trick Racer	BMX Trick Racer (U) [!].gba
GBA	Board Game Classics	Board Game Classics (U) [!].gba
GBA	Boktai - The Sun is in Your Hand	Boktai - The Sun is in Your Hand (U) [!].gba
GBA	Boktai 2 - Solar Boy Django	Boktai 2 - Solar Boy Django (U) [!].gba
GBA	Bomberman Max 2	Bomberman Max 2 - Blue Advance (U) [!].gba
GBA	Bomberman Tournament	Bomberman Tournament (U) [!].gba
GBA	Bookworm	Bookworm (U) [!].gba
GBA	Boulder Dash EX	Boulder Dash EX (U).gba
GBA	Boxing Fever	Boxing Fever (U) [!].gba
GBA	Bratz	Bratz (U) (M3).gba
GBA	Bratz - Babyz	Bratz - Babyz (U).gba
GBA	Bratz - Forever Diamondz	Bratz - Forever Diamondz (U) [!].gba
GBA	Bratz - Rock Angelz	Bratz - Rock Angelz (U) [!].gba
GBA	Bratz - The Movie	Bratz - The Movie (U).gba
GBA	Breath of Fire	Breath of Fire (U) [!].gba
GBA	Breath of Fire II	Breath of Fire II (U) [!].gba
GBA	Britney's Dance Beat	Britney's Dance Beat (U) [!].gba
GBA	Broken Sword - The Shadow of The Templars	Broken Sword - The Shadow of The Templars (U) (M5) [!].gba
GBA	Bruce Lee - Return of the Legend	Bruce Lee - Return of the Legend (U) [!].gba
GBA	Bubble Bobble - Old & New	Bubble Bobble - Old & New (U).gba
GBA	Butt-Ugly Martians - B.K.M. Battles	Butt-Ugly Martians - B.K.M. Battles (U) [!].gba
GBA	Cabbage Patch Kids - The Patch Puppy Rescue	Cabbage Patch Kids - The Patch Puppy Rescue (U).gba
GBA	Cabela's Big Game Hunter	Cabela's Big Game Hunter (U).gba
GBA	Cabela's Big Game Hunter - 2005 Adventures	Cabela's Big Game Hunter - 2005 Adventures (U) [!].gba
GBA	Caesar's Palace Advance	Caesar's Palace Advance (U) [!].gba
GBA	Camp Lazlo - Leaky Lake Games	Camp Lazlo - Leaky Lake Games (U) [!].gba
GBA	Capcom Classics - Mini Mix	Capcom Classics - Mini Mix (U) [!].gba
GBA	Car Battler Joe	Car Battler Joe (U) [!].gba
GBA	Care Bears - The Care Quests	Care Bears - The Care Quests (U) (M3).gba
GBA	Cars	Cars (U) [!].gba
GBA	Cars - Mater-National Championship	Cars - Mater-National Championship (U) (M2).gba
GBA	Cartoon Network - Block Party	Cartoon Network - Block Party (U) [!].gba
GBA	Cartoon Network - Speedway	Cartoon Network - Speedway (U) [!].gba
GBA	Cartoon Network Collection - Limited Edition	Cartoon Network Collection - Limited Edition (U).gba
GBA	Cartoon Network Collection - Platinum Edition	Cartoon Network Collection - Platinum Edition (U).gba
GBA	Cartoon Network Collection - Premium Edition	Cartoon Network Collection - Premium Edition (U) [!].gba
GBA	Cartoon Network Collection - Special Edition	Cartoon Network Collection - Special Edition (U) [!].gba
GBA	Cartoon Network Collection - Volume 1	Cartoon Network Collection - Volume 1 (U) [!].gba
GBA	Cartoon Network Collection - Volume 2	Cartoon Network Collection - Volume 2 (U) [!].gba
GBA	Casper	Casper (U) (M3).gba
GBA	Castlevania - Aria of Sorrow	Castlevania - Aria of Sorrow (U) [!].gba
GBA	Castlevania - Circle of the Moon	Castlevania - Circle of the Moon (U) [!].gba
GBA	Castlevania - Harmony of Dissonance	Castlevania - Harmony of Dissonance (U) [!].gba
GBA	Catwoman	Catwoman (UE) (M7).gba
GBA	Catz	Catz (U) [!].gba
GBA	Charlie and the Chocolate Factory	Charlie and the Chocolate Factory (U) (M4).gba
GBA	Charlotte's Web	Charlotte's Web (U) (M5) [!].gba
GBA	Cheetah Girls, The	Cheetah Girls, The (U).gba
GBA	Chessmaster	Chessmaster (U).gba
GBA	Chicken Little	Chicken Little (UE) (M6) [!].gba
GBA	Chicken Shoot	Chicken Shoot (U).gba
GBA	Chicken Shoot 2	Chicken Shoot 2 (U).gba
GBA	Chronicles of Narnia, The	Chronicles of Narnia, The (UE) (M8) [!].gba
GBA	Chu Chu Rocket	Chu Chu Rocket (U) (M5) [!].gba
GBA	CIMA - The Enemy	CIMA - The Enemy (U).gba
GBA	Classic NES Series - Bomberman	Classic NES Series - Bomberman (U).gba
GBA	Classic NES Series - Castlevania	Classic NES Series - Castlevania (U).gba
GBA	Classic NES Series - Donkey Kong	Classic NES Series - Donkey Kong (U).gba
GBA	Classic NES Series - Dr. Mario	Classic NES Series - Dr. Mario (U).gba
GBA	Classic NES Series - Excitebike	Classic NES Series - Excitebike (U).gba
GBA	Classic NES Series - Ice Climber	Classic NES Series - Ice Climber (U) [!].gba
GBA	Classic NES Series - Metroid	Classic NES Series - Metroid (U) [!].gba
GBA	Classic NES Series - Pac-Man	Classic NES Series - Pac-Man (U).gba
GBA	Classic NES Series - Super Mario Bros.	Classic NES Series - Super Mario Bros. (U).gba
GBA	Classic NES Series - The Legend of Zelda	Classic NES Series - The Legend of Zelda (U).gba
GBA	Classic NES Series - Xevious	Classic NES Series - Xevious (U).gba
GBA	Classic NES Series - Zelda II - The Adventure of Link	Classic NES Series - Zelda II - The Adventure of Link (U) [!].gba
GBA	Cocoto - Kart Racer	Cocoto - Kart Racer (E) (M5).gba
GBA	Cocoto - Platform Jumper	Cocoto - Platform Jumper (E) (M5).gba
GBA	Codename Kids Next Door - Operation S.O.D.A.	Codename Kids Next Door - Operation S.O.D.A. (U) [!].gba
GBA	Codename Kids Next Door - Volume 1	Codename Kids Next Door - Volume 1 (U).gba
GBA	Colin McRae Rally 2.0	Colin McRae Rally 2.0 (U) (M3).gba
GBA	Columns Crown	Columns Crown (U) [!].gba
GBA	Comix Zone	Comix Zone (E) (M5).gba
GBA	Connect Four, Perfection, Trouble	Connect Four, Perfection, Trouble (U) [!].gba
GBA	Contra Advance - The Alien Wars EX	Contra Advance - The Alien Wars EX (U) [!].gba
GBA	Corvette 50th Anniversary	Corvette 50th Anniversary (U) (M5).gba
GBA	Crash Bandicoot - The Huge Adventure	Crash Bandicoot - The Huge Adventure (U) [!].gba
GBA	Crash Bandicoot 2 - N-Tranced	Crash Bandicoot 2 - N-Tranced (U).gba
GBA	Crash Bandicoot Purple - Ripto's Rampage	Crash Bandicoot Purple - Ripto's Rampage (U) (V1.0).gba
GBA	Crash Nitro Kart	Crash Nitro Kart (U).gba
GBA	Crash of the Titans	Crash of the Titans (U) (M2) [!].gba
GBA	Crash Superpack - Crash Bandicoot 2 - N-Tranced & Crash Nitro Kart	Crash Superpack - Crash Bandicoot 2 - N-Tranced & Crash Nitro Kart (U).gba
GBA	Crazy Chase	Crazy Chase (Beta) (U).gba
GBA	Crazy Frog Racer	Crazy Frog Racer (E) (M4).gba
GBA	Crazy Taxi - Catch a Ride	Crazy Taxi - Catch a Ride (U) [!].gba
GBA	Creatures	Creatures (E) (M3) (Eng-Ger-Fre).gba
GBA	Crouching Tiger, Hidden Dragon	Crouching Tiger, Hidden Dragon (U) (M3) [!].gba
GBA	Cruis'n Velocity	Cruis'n Velocity (U) [!].gba
GBA	Crushed Baseball	Crushed Baseball (U) [!].gba
GBA	CT Special Forces	CT Special Forces (U) (M6).gba
GBA	CT Special Forces 2 - Back in The Trenches	CT Special Forces 2 - Back in The Trenches (U) (M6) [!].gba
GBA	CT Special Forces 3 - Bioterror	CT Special Forces 3 - Bioterror (E) (M6).gba
GBA	Cubix - Robots for Everyone - Clash 'n Bash	Cubix - Robots for Everyone - Clash 'n Bash (U).gba
GBA	Curious George	Curious George (U).gba
GBA	Danny Phantom - The Ultimate Enemy	Danny Phantom - The Ultimate Enemy (U) [!].gba
GBA	Danny Phantom - Urban Jungle	Danny Phantom - Urban Jungle (U) [!].gba
GBA	Daredevil	Daredevil (U) [!].gba
GBA	Dark Arena	Dark Arena (U) [!].gba
GBA	Dave Mirra Freestyle BMX 2	Dave Mirra Freestyle BMX 2 (U) [!].gba
GBA	Dave Mirra Freestyle BMX 3	Dave Mirra Freestyle BMX 3 (U) [!].gba
GBA	David Beckham Soccer	David Beckham Soccer (U) [!].gba
GBA	Davis Cup	Davis Cup (E) (M5) [!].gba
GBA	Dead to Rights	Dead to Rights (U).gba
GBA	Deal or No Deal	Deal or No Deal (U).gba
GBA	Defender	Defender (U) [!].gba
GBA	Defender of The Crown	Defender of The Crown (U).gba
GBA	DemiKids	DemiKids - Dark Version (U) [!].gba
GBA	Demon Driver - Time to Burn Rubber!	Demon Driver - Time to Burn Rubber! (U) [!].gba
GBA	Denki Blocks!	Denki Blocks! (E) (M5) [!].gba
GBA	Desert Strike Advance	Desert Strike Advance (U).gba
GBA	Dexter's Laboratory - Chess Challenge	Dexter's Laboratory - Chess Challenge (U) [!].gba
GBA	Dexter's Laboratory - Deesaster Strikes!	Dexter's Laboratory - Deesaster Strikes! (U) (M5) (V1.0) [!].gba
GBA	Digimon - Battle Spirit	Digimon - Battle Spirit (U).gba
GBA	Digimon - Battle Spirit 2	Digimon - Battle Spirit 2 (U) (M5) [!].gba
GBA	Digimon Racing	Digimon Racing (U) (M5).gba
GBA	Disney Channel Collection - Volume 1	Disney Channel Collection - Volume 1 (U).gba
GBA	Disney Princess	Disney Princess (UE) [!].gba
GBA	Disney Princess - Royal Adventure	Disney Princess - Royal Adventure (U).gba
GBA	Disney Sports - American Football	Disney Sports - American Football (U).gba
GBA	Disney Sports - Basketball	Disney Sports - Basketball (U).gba
GBA	Disney Sports - Motocross	Disney Sports - Motocross (E) (M5).gba
GBA	Disney Sports - Skateboarding	Disney Sports - Skateboarding (U).gba
GBA	Disney Sports - Snowboarding	Disney Sports - Snowboarding (U).gba
GBA	Disney Sports - Soccer	Disney Sports - Soccer (U).gba
GBA	Disney's Aladdin	Disney's Aladdin (U) (M4).gba
GBA	Disney's American Dragon Jake Long - Rise of the Huntsclan!	Disney's American Dragon Jake Long - Rise of the Huntsclan! (UE) (M5) [!].gba
GBA	Disney's Brother Bear	Disney's Brother Bear (U) [!].gba
GBA	Disney's Cinderella - Magical Dreams	Disney's Cinderella - Magical Dreams (U) (M5) [!].gba
GBA	Disney's Extreme Skate Adventure	Disney's Extreme Skate Adventure (U) [!].gba
GBA	Disney's Finding Nemo	Disney's Finding Nemo (U) [!].gba
GBA	Disney's Finding Nemo - The Continuing Adventures	Disney's Finding Nemo - The Continuing Adventures (U) [!].gba
GBA	Disney's Herbie - Fully Loaded	Disney's Herbie - Fully Loaded (U) [!].gba
GBA	Disney's Home on the Range	Disney's Home on the Range (U) (M2) [!].gba
GBA	Disney's Kim Possible - Revenge of Monkey Fist	Disney's Kim Possible - Revenge of Monkey Fist (U) [!].gba
GBA	Disney's Kim Possible 2 - Drakken's Demise	Disney's Kim Possible 2 - Drakken's Demise (U) (M2) [!].gba
GBA	Disney's Kim Possible 3 - Team Possible	Disney's Kim Possible 3 - Team Possible (U) (M2) [!].gba
GBA	Disney's Lilo & Stitch	Disney's Lilo & Stitch (E) (M6) (V1.0) [!].gba
GBA	Disney's Lilo & Stitch 2 - Haemsterviel Havoc	Disney's Lilo & Stitch 2 - Haemsterviel Havoc (U) [!].gba
GBA	Disney's Little Einstein	Disney's Little Einstein (U).gba
GBA	Disney's Magical Quest 2	Disney's Magical Quest 2 Starring Mickey & Minnie (U) (M3) [!].gba
GBA	Disney's Magical Quest 3 Starring Mickey & Donald	Disney's Magical Quest 3 Starring Mickey & Donald (U) (M3).gba
GBA	Disney's Magical Quest Starring Mickey & Minnie	Disney's Magical Quest Starring Mickey & Minnie (U).gba
GBA	Disney's Party	Disney's Party (UE) (M5).gba
GBA	Disney's Peter Pan - Return to Neverland	Disney's Peter Pan - Return to Neverland (U).gba
GBA	Disney's Tarzan - Return to the Jungle	Disney's Tarzan - Return to the Jungle (UE) [!].gba
GBA	Disney's The Jungle Book	Disney's The Jungle Book (U) (M6) [!].gba
GBA	Disney's The Lion King 1.5	Disney's The Lion King 1.5 (U) [!].gba
GBA	Disney's The Little Mermaid - Magic in Two Kingdoms	Disney's The Little Mermaid - Magic in Two Kingdoms (U) (M5) [!].gba
GBA	Disney's Treasure Planet	Disney's Treasure Planet (U) [!].gba
GBA	DK - King of Swing	DK - King of Swing (U) (Kiosk Demo).gba
GBA	Dogz	Dogz (U) [!].gba
GBA	Dogz - Fashion	Dogz - Fashion (U).gba
GBA	Dogz 2	Dogz 2 (U) [!].gba
GBA	Dokapon Monster Hunter	Dokapon Monster Hunter (U) [!].gba
GBA	Donald Duck Advance	Donald Duck Advance (U) [!].gba
GBA	Donkey Kong Country	Donkey Kong Country (U) [!].gba
GBA	Donkey Kong Country 2	Donkey Kong Country 2 (U).gba
GBA	Donkey Kong Country 3	Donkey Kong Country 3 (U) [!].gba
GBA	Doom	Doom (U) [!].gba
GBA	Doom II	Doom II (U) [!].gba
GBA	Dora the Explorer - Super Spies	Dora the Explorer - Super Spies (U) [!].gba
GBA	Dora the Explorer - Super Star Adventures!	Dora the Explorer - Super Star Adventures! (U).gba
GBA	Dora the Explorer - The Search for Pirate Pig's Treasure	Dora the Explorer - The Search for Pirate Pig's Treasure (U) [!].gba
GBA	Dora the Explorer - Volume 1	Dora the Explorer - Volume 1 (U).gba
GBA	Dora's World Adventure!	Dora's World Adventure! (U).gba
GBA	Double Dragon Advance	Double Dragon Advance (U) [!].gba
GBA	Dr. Mario & Puzzle League	Dr. Mario & Puzzle League (U).gba
GBA	Dr. Seuss' Green Eggs and Ham	Dr. Seuss' Green Eggs and Ham (U).gba
GBA	Dr. Seuss' The Cat in the Hat - Super Stoop	Dr. Seuss' The Cat in the Hat - Super Stoop (U) [!].gba
GBA	Dr. Sudoku	Dr. Sudoku (U).gba
GBA	Dragon Ball - Advanced Adventure	Dragon Ball - Advanced Adventure (U).gba
GBA	Dragon Ball GT - Transformation	Dragon Ball GT - Transformation (U) [!].gba
GBA	Dragon Ball GT - Volume 1	Dragon Ball GT - Volume 1 (U).gba
GBA	Dragon Ball Z - Buu's Fury	Dragon Ball Z - Buu's Fury (U) [!].gba
GBA	Dragon Ball Z - Supersonic Warriors	Dragon Ball Z - Supersonic Warriors (U) [!].gba
GBA	Dragon Ball Z - Taiketsu	Dragon Ball Z - Taiketsu (U) [!].gba
GBA	Dragon Ball Z - The Collectible Card Game	Dragon Ball Z - The Collectible Card Game (U).gba
GBA	Dragon Ball Z - The Legacy of Goku	Dragon Ball Z - The Legacy of Goku (U) [!].gba
GBA	Dragon Ball Z - The Legacy of Goku II	Dragon Ball Z - The Legacy of Goku II (U) [!].gba
GBA	Dragon Quest Monsters - Caravan Heart	Dragon Quest Monsters - Caravan Heart (J) [T+Eng1.0_KaioShin].gba
GBA	Dragon Tales - Dragon Adventures	Dragon Tales - Dragon Adventures (U).gba
GBA	Dragon's Rock	Dragon's Rock (E) (M5).gba
GBA	Drake and Josh	Drake and Josh (U) (M2) [!].gba
GBA	Drill Dozer	Drill Dozer (U) [!].gba
GBA	Driv3r	Driv3r (U) [!].gba
GBA	Driven	Driven (U) (M5) [!].gba
GBA	Driver 2 Advance	Driver 2 Advance (U) [!].gba
GBA	Droopy's Tennis Open	Droopy's Tennis Open (E) (M6).gba
GBA	Dual Blades	Dual Blades (U).gba
GBA	Duel Masters - Kaijudo Showdown	Duel Masters - Kaijudo Showdown (U) [!].gba
GBA	Duel Masters - Sempai Legends	Duel Masters - Sempai Legends (U) [!].gba
GBA	Duel Masters - Shadow of the Code	Duel Masters - Shadow of the Code (U) [!].gba
GBA	Duke Nukem Advance	Duke Nukem Advance (U).gba
GBA	Dungeons and Dragons - Eye of the Beholder	Dungeons and Dragons - Eye of the Beholder (U) [!].gba
GBA	Dynasty Warriors Advance	Dynasty Warriors Advance (U) [!].gba
GBA	E.T. The Extra-Terrestrial	E.T. The Extra-Terrestrial (U).gba
GBA	Earthworm Jim	Earthworm Jim (U) [!].gba
GBA	Earthworm Jim 2	Earthworm Jim 2 (U).gba
GBA	Ecks vs. Sever	Ecks vs. Sever (U) (M5).gba
GBA	Ed, Edd n Eddy - Jawbreakers!	Ed, Edd n Eddy - Jawbreakers! (U) (V1.0) [!].gba
GBA	Ed, Edd n Eddy - The Mis-Edventures	Ed, Edd n Eddy - The Mis-Edventures (U) (M2) [!].gba
GBA	Egg Mania	Egg Mania (U) (M3) [!].gba
GBA	Elf - The Movie	Elf - The Movie (U) (M5).gba
GBA	Elf Bowling 1 & 2	Elf Bowling 1 & 2 (U).gba
GBA	Enchanted - Once Upon Andalasia	Enchanted - Once Upon Andalasia (U) (M2).gba
GBA	Eragon	Eragon (U) [!].gba
GBA	ESPN Final Round Golf 2002	ESPN Final Round Golf 2002 (U) [!].gba
GBA	ESPN Great Outdoor Games - Bass 2002	ESPN Great Outdoor Games - Bass 2002 (U) [!].gba
GBA	ESPN International Winter Sports 2002	ESPN International Winter Sports 2002 (U) [!].gba
GBA	ESPN Winter X-Games Snowboarding 2002	ESPN Winter X-Games Snowboarding 2002 (U) [!].gba
GBA	ESPN X-Games Skateboarding	ESPN X-Games Skateboarding (U) [!].gba
GBA	European Super League	European Super League (E) (M5).gba
GBA	Evergirl	Evergirl (U).gba
GBA	Extreme Ghostbusters - Code Ecto-1	Extreme Ghostbusters - Code Ecto-1 (U).gba
GBA	F-14 Tomcat	F-14 Tomcat (U) [!].gba
GBA	F-Zero - Climax	F-Zero - Climax (J) [T+Eng0.1_Heian].gba
GBA	F-Zero - Maximum Velocity	F-Zero - Maximum Velocity (UE) [!].gba
GBA	F-Zero GP Legend	F-Zero GP Legend (U).gba
GBA	F1 2002	F1 2002 (U) [!].gba
GBA	F24 - Stealth Fighter	F24 - Stealth Fighter (U) [!].gba
GBA	Fairly Odd Parents!, The - Breakin' da Rules	Fairly Odd Parents!, The - Breakin' da Rules (U) [!].gba
GBA	Fairly Odd Parents!, The - Clash With The Anti-World	Fairly Odd Parents!, The - Clash With The Anti-World (U) [!].gba
GBA	Fairly Odd Parents!, The - Shadow Showdown	Fairly Odd Parents!, The - Shadow Showdown (U).gba
GBA	Fairly Odd Parents!, The - Volume 1	Fairly Odd Parents!, The - Volume 1 (U).gba
GBA	Fairly Odd Parents!, The - Volume 2	Fairly Odd Parents!, The - Volume 2 (U).gba
GBA	Family Feud	Family Feud (U).gba
GBA	Fantastic 4	Fantastic 4 (U).gba
GBA	Fantastic 4 - Flame On	Fantastic 4 - Flame On (U).gba
GBA	Fear Factor Unleashed	Fear Factor Unleashed (U).gba
GBA	FIFA 06	FIFA 06 (UE) (M6).gba
GBA	FIFA 07	FIFA 07 (UE) (M4) [!].gba
GBA	FIFA 2003	FIFA 2003 (UE) (M5) [!].gba
GBA	FIFA 2005	FIFA 2005 (UE) (M6).gba
GBA	FIFA Football 2004	FIFA 2004 (UE) (M6).gba
GBA	FIFA World Cup Germany 2006	FIFA World Cup Germany 2006 (U) (M5) [!].gba
GBA	Fight Box	Fight Box (E).gba
GBA	FILA Decathlon	FILA Decathlon (E) (M6).gba
GBA	Final Fantasy I & II - Dawn of Souls	Final Fantasy I & II - Dawn of Souls (U) [!].gba
GBA	Final Fantasy IV Advance	Final Fantasy IV Advance (U) [!].gba
GBA	Final Fantasy Tactics Advance	Final Fantasy Tactics Advance (U) [!].gba
GBA	Final Fantasy V Advance	Final Fantasy V Advance (U) [!].gba
GBA	Final Fantasy VI Advance	Final Fantasy VI Advance (U) [!].gba
GBA	Final Fight One	Final Fight One (U).gba
GBA	Fire Emblem	Fire Emblem (U) [!].gba
GBA	Fire Emblem - Fuuin no Tsurugi	Fire Emblem - Fuuin no Tsurugi (J) [T-Eng10.2_Dark Twilkitri].gba
GBA	Fire Emblem - The Sacred Stones	Fire Emblem - The Sacred Stones (U) [!].gba
GBA	Fire Pro Wrestling 2	Fire Pro Wrestling 2 (U).gba
GBA	Fire Pro Wrestling A	Fire Pro Wrestling A (U) [!].gba
GBA	Flintstones, The - Big Trouble in Bedrock	Flintstones, The - Big Trouble in Bedrock (U) [!].gba
GBA	Flushed Away	Flushed Away (U) [!].gba
GBA	Ford Racing 3	Ford Racing 3 (U).gba
GBA	Fortress	Fortress (U) [!].gba
GBA	Foster's Home for Imaginary Friends	Foster's Home for Imaginary Friends (U).gba
GBA	Franklin the Turtle	Franklin the Turtle (U) (M9).gba
GBA	Franklin's Great Adventures	Franklin's Great Adventures (U) (M3).gba
GBA	Freekstyle	Freekstyle (U) [!].gba
GBA	Frogger Advance - The Great Quest	Frogger Advance - The Great Quest (U) [!].gba
GBA	Frogger's Adventures - Temple of The Frog	Frogger's Adventures - Temple of The Frog (U) (M5) [!].gba
GBA	Frogger's Adventures 2 - The Lost Wand	Frogger's Adventures 2 - The Lost Wand (U) (M2) [!].gba
GBA	Frogger's Journey - The Forgotten Relic	Frogger's Journey - The Forgotten Relic (U) [!].gba
GBA	Gadget Racers	Gadget Racers (U) [!].gba
GBA	Galidor - Defenders of the Outer Dimension	Galidor - Defenders of the Outer Dimension (U) (M8) [!].gba
GBA	Game & Watch Gallery 4	Game & Watch Gallery 4 (U) [!].gba
GBA	Games Explosion	Games Explosion (U).gba
GBA	Garfield - The Search for Pooky	Garfield - The Search for Pooky (U) (M5).gba
GBA	Garfield and His Nine Lives	Garfield and His Nine Lives (U) (M3).gba
GBA	Gauntlet - Dark Legacy	Gauntlet - Dark Legacy (U) [!].gba
GBA	GBA Video - Proud Family, The Vol. 1	GBA Video - Proud Family, The Vol. 1 (U).gba
GBA	Gekido Advance - Kintaro's Revenge	Gekido Advance - Kintaro's Revenge (U).gba
GBA	Gem Smashers	Gem Smashers (U).gba
GBA	Ghost Rider	Ghost Rider (UE) (M6) [!].gba
GBA	Go! Go! Beckham! Adventure On Soccer Island	Go! Go! Beckham! Adventure On Soccer Island (E) (M5).gba
GBA	Godzilla - Domination!	Godzilla - Domination! (U).gba
GBA	Golden Nugget Casino	Golden Nugget Casino (U) [!].gba
GBA	Golden Sun	Golden Sun (UE) [!].gba
GBA	Golden Sun - The Lost Age	Golden Sun - The Lost Age (UE) [!].gba
GBA	Gradius Galaxies	Gradius Galaxies (U) [!].gba
GBA	Grand Theft Auto Advance	Grand Theft Auto Advance (U).gba
GBA	Greg Hastings' Tournament Paintball Max'd	Greg Hastings' Tournament Paintball Max'd (U).gba
GBA	Gremlins - Stripe vs. Gizmo	Gremlins - Stripe vs. Gizmo (U).gba
GBA	Grim Adventures of Billy and Mandy, The	Grim Adventures of Billy and Mandy, The (U).gba
GBA	GT Advance 2 - Rally Racing	GT Advance 2 - Rally Racing (U) [!].gba
GBA	GT Advance 3 - Pro Concept Racing	GT Advance 3 - Pro Concept Racing (U) [!].gba
GBA	GT Championship Racing	GT Championship Racing (U) [!].gba
GBA	GT Racers	GT Racers (E) (M5).gba
GBA	Guilty Gear X - Advance Edition	Guilty Gear X - Advance Edition (U) [!].gba
GBA	Gumby vs. the Astrobots	Gumby vs. the Astrobots (U).gba
GBA	Gunstar Super Heroes	Gunstar Super Heroes (U) [!].gba
GBA	Hamtaro - Ham-Ham Games	Hamtaro - Ham-Ham Games (E) (M5).gba
GBA	Hamtaro - Ham-Ham Heartbreak	Hamtaro - Ham-Ham Heartbreak (U).gba
GBA	Hamtaro - Rainbow Rescue	Hamtaro - Rainbow Rescue (E) (M5).gba
GBA	Happy Feet	Happy Feet (U) (M2).gba
GBA	Hardcore Pinball	Hardcore Pinball (U) [!].gba
GBA	Hardcore Pool	Hardcore Pool (E) (M4).gba
GBA	Harlem Globetrotters - World Tour	Harlem Globetrotters - World Tour (U).gba
GBA	Harry Potter - Quidditch World Cup	Harry Potter - Quidditch World Cup (UE) (M8) [!].gba
GBA	Harry Potter and The Chamber of Secrets	Harry Potter and The Chamber of Secrets (UE) (M12) [!].gba
GBA	Harry Potter and The Goblet of Fire	Harry Potter and The Goblet of Fire (UE) (M8).gba
GBA	Harry Potter and The Order of The Phoenix	Harry Potter and The Order of The Phoenix (UE) (M7) [!].gba
GBA	Harry Potter and The Prisoner of Azkaban	Harry Potter and The Prisoner of Azkaban (UE) (M8) [!].gba
GBA	Harry Potter and The Sorcerer's Stone	Harry Potter and The Sorcerer's Stone (UE) (M12) [!].gba
GBA	Harry Potter Collection - The Philosopher's Stone & The Chamber of Secrets & The Prisoner of Azkaban	Harry Potter Collection - The Philosopher's Stone & The Chamber of Secrets & The Prisoner of Azkaban (E) (M12).gba
GBA	Harvest Moon - Friends of Mineral Town	Harvest Moon - Friends of Mineral Town (U) [!].gba
GBA	Harvest Moon - More Friends of Mineral Town	Harvest Moon - More Friends of Mineral Town (U).gba
GBA	Hello Kitty - Happy Party Pals	Hello Kitty - Happy Party Pals (U) [!].gba
GBA	Hey Arnold! - The Movie	Hey Arnold! - The Movie (U) [!].gba
GBA	Hi Hi Puffy AmiYumi - Kaznapped!	Hi Hi Puffy AmiYumi - Kaznapped! (U).gba
GBA	High Heat Major League Baseball 2002	High Heat Major League Baseball 2002 (U) [!].gba
GBA	High Heat Major League Baseball 2003	High Heat Major League Baseball 2003 (U) [!].gba
GBA	High School Musical - Livin' the Dream	High School Musical - Livin' the Dream (U).gba
GBA	Hobbit, The	Hobbit, The (U) [!].gba
GBA	Horsez	Horsez (U) [!].gba
GBA	Hot Potato!	Hot Potato! (U) [!].gba
GBA	Hot Wheels - All Out	Hot Wheels - All Out (U).gba
GBA	Hot Wheels - Burnin' Rubber	Hot Wheels - Burnin' Rubber (U) [!].gba
GBA	Hot Wheels - Stunt Track Challenge	Hot Wheels - Stunt Track Challenge (U) [!].gba
GBA	Hot Wheels - Velocity X	Hot Wheels - Velocity X (U).gba
GBA	Hot Wheels - World Race	Hot Wheels - World Race (U).gba
GBA	Hugo - The Evil Mirror Advance	Hugo - The Evil Mirror Advance (U) (M3).gba
GBA	I Spy Challenger	I Spy Challenger (U).gba
GBA	Ice Age	Ice Age (U) (M3).gba
GBA	Ice Age 2 - The Meltdown	Ice Age 2 - The Meltdown (U).gba
GBA	Ice Nine	Ice Nine (U) (M5).gba
GBA	Incredible Hulk, The	Incredible Hulk, The (U) [!].gba
GBA	Incredibles, The	Incredibles, The (U) [!].gba
GBA	Incredibles, The - Rise of the Underminer	Incredibles, The - Rise of the Underminer (U) [!].gba
GBA	Inspector Gadget - Advance Mission	Inspector Gadget - Advance Mission (U) (M6) [!].gba
GBA	Inspector Gadget Racing	Inspector Gadget Racing (E) (M6).gba
GBA	International Karate Advanced	International Karate Advanced (E).gba
GBA	International Karate Plus	International Karate Plus (U).gba
GBA	International Superstar Soccer	International Superstar Soccer (E) [!].gba
GBA	International Superstar Soccer Advance	International Superstar Soccer Advance (E).gba
GBA	Invader	Invader (E).gba
GBA	Invincible Iron Man, The	Invincible Iron Man, The (U).gba
GBA	Iridion 3D	Iridion 3D (U) [!].gba
GBA	Iridion II	Iridion II (U) [!].gba
GBA	It's Mr. Pants	It's Mr. Pants (U) [!].gba
GBA	Jackie Chan Adventures - Legend of The Dark Hand	Jackie Chan Adventures - Legend of The Dark Hand (U) [!].gba
GBA	James Pond - Codename Robocod	James Pond - Codename Robocod (U) (M4).gba
GBA	Jazz Jackrabbit	Jazz Jackrabbit (U) [!].gba
GBA	Jet Grind Radio	Jet Grind Radio (U).gba
GBA	Jimmy Neutron - Boy Genius	Jimmy Neutron - Boy Genius (U) [!].gba
GBA	Jonny Moseley Mad Trix	Jonny Moseley Mad Trix (UE) (M5) [!].gba
GBA	Juka and the Monophonic Menace	Juka and the Monophonic Menace (U) (M3).gba
GBA	Jurassic Park III - Island Attack	Jurassic Park III - Island Attack (U) [!].gba
GBA	Jurassic Park III - Park Builder	Jurassic Park III - Park Builder (U) [!].gba
GBA	Jurassic Park III - The DNA Factor	Jurassic Park III - The DNA Factor (E) (M5) [!].gba
GBA	Justice League - Injustice for All	Justice League - Injustice for All (U) [!].gba
GBA	Justice League Chronicles	Justice League Chronicles (U) [!].gba
GBA	Justice League Heroes - The Flash	Justice League Heroes - The Flash (U).gba
GBA	Kao the Kangaroo	Kao the Kangaroo (U) (M6).gba
GBA	Karnaaj Rally	Karnaaj Rally (U) [!].gba
GBA	Kelly Slater's Pro Surfer	Kelly Slater's Pro Surfer (U) [!].gba
GBA	KerPlunk!, Toss Across, and TipIt	KerPlunk!, Toss Across, and TipIt (U).gba
GBA	Kid Paddle	Kid Paddle (E) (M2).gba
GBA	Kid's Cards	Kid's Cards (U).gba
GBA	Kien	Kien (U).gba
GBA	Kill Switch	Kill Switch (U) [!].gba
GBA	Killer 3D Pool	Killer 3D Pool (U) [!].gba
GBA	King Kong - The Official Game of the Movie	King Kong - The Official Game of the Movie (E) (M6).gba
GBA	King of Fighters EX, The - NeoBlood	King of Fighters EX, The - NeoBlood (U) (V1.0) [!].gba
GBA	King of Fighters EX2, The - Howling Blood	King of Fighters EX2, The - Howling Blood (U) [!].gba
GBA	Kingdom Hearts - Chain of Memories	Kingdom Hearts - Chain of Memories (U).gba
GBA	Kirby & The Amazing Mirror	Kirby & The Amazing Mirror (U) [!].gba
GBA	Kirby - Nightmare in Dreamland	Kirby - Nightmare in Dreamland (U) [!].gba
GBA	Klonoa - Empire of Dreams	Klonoa - Empire of Dreams (U) [!].gba
GBA	Klonoa 2 - Dream Champ Tournament	Klonoa 2 - Dream Champ Tournament (U).gba
GBA	Knights' Kingdom	Knights' Kingdom (U).gba
GBA	Koala Brothers, The - Outback Adventures	Koala Brothers, The - Outback Adventures (U) (M8).gba
GBA	Konami Collectors Series - Arcade Classics	Konami Collectors Series - Arcade Classics (U) [!].gba
GBA	Kong - King of Atlantis	Kong - King of Atlantis (U).gba
GBA	Kong - The 8th Wonder of the World	Kong - The 8th Wonder of the World (U) (M3) [!].gba
GBA	Kong - The Animated Series	Kong - The Animated Series (U) (M6).gba
GBA	Krazy Racers	Krazy Racers (U) [!].gba
GBA	Kuru Kuru Kururin	Kuru Kuru Kururin (E) [!].gba
GBA	Kururin Paradise	Kururin Paradise (J) [T+Eng0.10].gba
GBA	Lady Sia	Lady Sia (U) (M6) [!].gba
GBA	Land Before Time, The	Land Before Time, The (E) (M5) [!].gba
GBA	Land Before Time, The - Into the Mysterious Beyond	Land Before Time, The - Into the Mysterious Beyond (U) (M3).gba
GBA	Lara Croft Tomb Raider - Legend	Lara Croft Tomb Raider - Legend (U) (M5) [!].gba
GBA	Legend of Spyro, The - A New Beginning	Legend of Spyro, The - A New Beginning (U) [!].gba
GBA	Legend of Spyro, The - The Eternal Night	Legend of Spyro, The - The Eternal Night (U) (M2).gba
GBA	Legend of Zelda, The - A Link To The Past with Four Swords	Legend of Zelda, The - A Link To The Past with Four Swords (U) [!].gba
GBA	Legend of Zelda, The - The Minish Cap	Legend of Zelda, The - The Minish Cap (U) [!].gba
GBA	Legends of Wrestling 2	Legends of Wrestling 2 (E).gba
GBA	LEGO 2-in-1 - Bionicle & Knights' Kingdom	LEGO 2-in-1 - Bionicle & Knights' Kingdom (E) (M4).gba
GBA	LEGO Bionicle	LEGO Bionicle (U) (M2) [!].gba
GBA	LEGO Bionicle - Matoran Adventures	LEGO Bionicle - Matoran Adventures (UE) (M8) [!].gba
GBA	LEGO Bionicle - The Game	LEGO Bionicle - The Game (U) (M2) [!].gba
GBA	LEGO Drome Racers	LEGO Drome Racers (U) [!].gba
GBA	LEGO Football Mania	LEGO Football Mania (UE) (M8) [!].gba
GBA	LEGO Island - Xtreme Stunts	LEGO Island - Xtreme Stunts (UE) (M8) [!].gba
GBA	LEGO Island 2 - The Brickster's Revenge	LEGO Island 2 - The Brickster's Revenge (U) (M2) [!].gba
GBA	LEGO Racers 2	LEGO Racers 2 (U) (M2) [!].gba
GBA	LEGO Star Wars - The Video Game	LEGO Star Wars - The Video Game (UE) (M7) [!].gba
GBA	LEGO Star Wars II - The Original Trilogy	LEGO Star Wars II - The Original Trilogy (U) [!].gba
GBA	Lemony Snicket's A Series of Unfortunate Events	Lemony Snicket's A Series of Unfortunate Events (U) [!].gba
GBA	Let's Ride! - Dreamer	Let's Ride! - Dreamer (U).gba
GBA	Let's Ride! - Friends Forever	Let's Ride! - Friends Forever (U).gba
GBA	Let's Ride! - Sunshine Stables	Let's Ride! - Sunshine Stables (U) [!].gba
GBA	Little League Baseball 2002	Little League Baseball 2002 (U) (M2).gba
GBA	Lizzie McGuire - On the Go!	Lizzie McGuire - On The Go! (U).gba
GBA	Lizzie McGuire 2 - Lizzie Diaries	Lizzie McGuire 2 - Lizzie Diaries (U) (M2).gba
GBA	Lizzie McGuire 3 - Homecoming Havoc	Lizzie McGuire 3 - Homecoming Havoc (U) [!].gba
GBA	Looney Tunes - Back in Action	Looney Tunes - Back in Action (U) (M5) [!].gba
GBA	Lord of the Rings, The - The Fellowship of the Ring	Lord of the Rings, The - The Fellowship of the Ring (U) [!].gba
GBA	Lord of the Rings, The - The Return of the King	Lord of the Rings, The - The Return of the King (UE) (M5) [!].gba
GBA	Lord of the Rings, The - The Third Age	Lord of the Rings, The - The Third Age (UE) (M5) [!].gba
GBA	Lord of the Rings, The - The Two Towers	Lord of the Rings, The - The Two Towers (UE) (M6) [!].gba
GBA	Lost Vikings, The	Lost Vikings, The (U).gba
GBA	Lucky Luke - Wanted!	Lucky Luke - Wanted! (E) (M6).gba
GBA	Lufia - The Ruins of Lore	Lufia - The Ruins of Lore (U) [!].gba
GBA	Lunar Legend	Lunar Legend (U) [!].gba
GBA	M&M's - Blast!	M&M's - Blast! (U) [!].gba
GBA	M&M's - Break' Em	M&M's - Break' Em (V1.1) (U).gba
GBA	Madagascar	Madagascar (U).gba
GBA	Madagascar - Operation Penguin	Madagascar - Operation Penguin (U) [!].gba
GBA	Madden NFL 06	Madden NFL 06 (U) [!].gba
GBA	Madden NFL 07	Madden NFL 07 (U) [!].gba
GBA	Madden NFL 2002	Madden NFL 2002 (U).gba
GBA	Madden NFL 2003	Madden NFL 2003 (U).gba
GBA	Madden NFL 2004	Madden NFL 2004 (U) [!].gba
GBA	Madden NFL 2005	Madden NFL 2005 (U).gba
GBA	Major League Baseball 2007	Major League Baseball 2007 (U).gba
GBA	Manic Miner	Manic Miner (E) (M5) [!].gba
GBA	March of the Penguins	March of the Penguins (U) [!].gba
GBA	Marie, Elie & Anis No Atelier - Soyokaze Kara No Dengon	Marie, Elie & Anis No Atelier - Soyokaze Kara No Dengon (J).gba
GBA	Mario & Luigi - Superstar Saga	Mario & Luigi - Superstar Saga (U) [!].gba
GBA	Mario Golf - Advance Tour	Mario Golf - Advance Tour (U).gba
GBA	Mario Kart Super Circuit	Mario Kart Super Circuit (U) [!].gba
GBA	Mario Party Advance	Mario Party Advance (U).gba
GBA	Mario Pinball Land	Mario Pinball Land (U) [!].gba
GBA	Mario Power Tennis	Mario Power Tennis (E) (M5) [!].gba
GBA	Mario Tennis Advance - Power Tour	Mario Tennis Advance - Power Tour (UA) (M5) [!].gba
GBA	Mario vs. Donkey Kong	Mario vs. Donkey Kong (U) [!].gba
GBA	Marvel Ultimate Alliance	Marvel Ultimate Alliance (U) [!].gba
GBA	Mary-Kate and Ashley - Girls Night Out	Mary-Kate and Ashley - Girls Night Out (U).gba
GBA	Mary-Kate and Ashley - Sweet 16 - Licensed to Drive	Mary-Kate and Ashley - Sweet 16 - Licensed to Drive (U).gba
GBA	Masters of the Universe - He-man Power of Grayskull	Masters of the Universe - He-man Power of Grayskull (U).gba
GBA	Mat Hoffman's Pro BMX	Mat Hoffman's Pro BMX (U) [!].gba
GBA	Mat Hoffman's Pro BMX 2	Mat Hoffman's Pro BMX 2 (U) [!].gba
GBA	Matchbox Cross Town Heroes	Matchbox Cross Town Heroes (U).gba
GBA	Matchbox Missions - Emergency Response & Air, Land and Sea Rescue	Matchbox Missions - Emergency Response & Air, Land and Sea Rescue (U) [!].gba
GBA	Math Patrol - The Kleptoid Threat	Math Patrol - The Kleptoid Threat (U).gba
GBA	Max Payne	Max Payne (U) [!].gba
GBA	Maya the Bee - Sweet Gold	Maya the Bee - Sweet Gold (E) (M5).gba
GBA	Maya The Bee - The Great Adventure	Maya The Bee - The Great Adventure (E) (M5).gba
GBA	Mazes of Fate	Mazes of Fate (U) (M5) [!].gba
GBA	Mech Platoon	Mech Platoon (U) [!].gba
GBA	Medabots	Medabots - Metabee Version (U).gba
GBA	Medabots AX	Medabots AX - Rokusho Version (U) [!].gba
GBA	Medal of Honor - Infiltrator	Medal of Honor - Infiltrator (UE) (M3) [!].gba
GBA	Medal of Honor - Underground	Medal of Honor - Underground (U) [!].gba
GBA	Meet the Robinsons	Meet the Robinsons (U) [!].gba
GBA	Megaman & Bass	Megaman & Bass (U) [!].gba
GBA	Megaman Battle Chip Challenge	Megaman Battle Chip Challenge (U) [!].gba
GBA	Megaman Battle Network	Megaman Battle Network (U) [!].gba
GBA	Megaman Battle Network 2	Megaman Battle Network 2 (U) [!].gba
GBA	Megaman Battle Network 3	Megaman Battle Network 3 - Blue Version (U) [!].gba
GBA	Megaman Battle Network 4	Megaman Battle Network 4 - Blue Moon (U) [!].gba
GBA	Megaman Battle Network 5	Megaman Battle Network 5 - Team Colonel (U) [!].gba
GBA	Megaman Battle Network 6	Megaman Battle Network 6 - Cybeast Falzar (U) [!].gba
GBA	Megaman Zero	Megaman Zero (U) [!].gba
GBA	Megaman Zero 2	Megaman Zero 2 (U) [!].gba
GBA	Megaman Zero 3	Megaman Zero 3 (U) [!].gba
GBA	Megaman Zero 4	Megaman Zero 4 (U).gba
GBA	Men in Black - The Series	Men in Black - The Series (U) [!].gba
GBA	Metal Slug Advance	Metal Slug Advance (U) [!].gba
GBA	Metroid - Zero Mission	Metroid - Zero Mission (U) [!].gba
GBA	Metroid Fusion	Metroid Fusion (U) [!].gba
GBA	Micro Machines	Micro Machines (E) (M5).gba
GBA	Midnight Club Street Racing	Midnight Club Street Racing (U) [!].gba
GBA	Midway's Greatest Arcade Hits	Midway's Greatest Arcade Hits (U) [!].gba
GBA	Mighty Beanz Pocket Puzzles	Mighty Beanz Pocket Puzzles (U) [!].gba
GBA	Mike Tyson's Boxing	Mike Tyson's Boxing (U) (M5) [!].gba
GBA	Minority Report - Everybody Runs	Minority Report - Everybody Runs (U) [!].gba
GBA	Mission Impossible - Operation Surma	Mission Impossible - Operation Surma (U) (M3) [!].gba
GBA	MLB SlugFest 2004	MLB SlugFest 2004 (U) [!].gba
GBA	Mobile Suit Gundam Seed - Battle Assault	Mobile Suit Gundam Seed - Battle Assault (U).gba
GBA	Monopoly	Monopoly (U) [!].gba
GBA	Monster Bass Fishing	Monster Bass Fishing (U).gba
GBA	Monster Force	Monster Force (U).gba
GBA	Monster House	Monster House (U) (M2) [!].gba
GBA	Monster Jam - Maximum Destruction	Monster Jam - Maximum Destruction (U).gba
GBA	Monster Rancher Advanced	Monster Rancher Advanced (U) [!].gba
GBA	Monster Rancher Advanced 2	Monster Rancher Advanced 2 (U) [!].gba
GBA	Monster Truck Madness	Monster Truck Madness (U) [!].gba
GBA	Monster Trucks	Monster Trucks (U).gba
GBA	Monster Trucks - Mayhem	Monster Trucks - Mayhem (U) [!].gba
GBA	Monsters Inc.	Monsters Inc. (U) [!].gba
GBA	Moorhen 3 - The Chicken Chase!	Moorhen 3 - The Chicken Chase! (E) (M5).gba
GBA	Mortal Kombat - Deadly Alliance	Mortal Kombat - Deadly Alliance (U) (M5) [!].gba
GBA	Mortal Kombat - Tournament Edition	Mortal Kombat - Tournament Edition (U) (M5) [!].gba
GBA	Mortal Kombat Advance	Mortal Kombat Advance (U) [!].gba
GBA	Mother 1+2	Mother 1+2 (J) [T+Eng1.01_Jeffman+Tomato].gba
GBA	Mother 3	Mother 3 (J) [T+Eng1.1_Chewy+Jeffman+Tomato].gba
GBA	Moto GP	Moto GP (U) (M5) [!].gba
GBA	Moto Racer Advance	Motoracer Advance (U) (M5).gba
GBA	Motocross Maniacs Advance	Motocross Maniacs Advance (U) (M2) [!].gba
GBA	Mr. Driller 2	Mr. Driller 2 (U).gba
GBA	Ms. Pac-Man - Maze Madness	Ms. Pac-Man - Maze Madness (U) [!].gba
GBA	Mucha Lucha! - Mascaritas of the Lost Code	Mucha Lucha! - Mascaritas of the Lost Code (U) (M3) [!].gba
GBA	Mummy, The	Mummy, The (U) (M5).gba
GBA	Muppet Pinball Mayhem	Muppet Pinball Mayhem (U) [!].gba
GBA	MX 2K2 Ricky Carmichael	MX 2K2 Ricky Carmichael (UE) [!].gba
GBA	My Animal Centre in Africa	My Animal Centre in Africa (E) (M5).gba
GBA	My Little Pony Crystal Princess - The Runaway Rainbow	My Little Pony Crystal Princess - The Runaway Rainbow (U).gba
GBA	Namco Museum	Namco Museum (U) [!].gba
GBA	Namco Museum - 50th Anniversary	Namco Museum - 50th Anniversary (U) [!].gba
GBA	Nancy Drew - Message in a Haunted Mansion	Nancy Drew - Message in a Haunted Mansion (U) [!].gba
GBA	Naruto - Ninja Council	Naruto - Ninja Council (U) [!].gba
GBA	Naruto - Ninja Council 2	Naruto - Ninja Council 2 (U) [!].gba
GBA	NASCAR Heat 2002	NASCAR Heat 2002 (U).gba
GBA	NBA Jam 2002	NBA Jam 2002 (U) [!].gba
GBA	Need for Speed - Carbon - Own the City	Need for Speed - Carbon - Own the City (U) [!].gba
GBA	Need for Speed - Most Wanted	Need for Speed - Most Wanted (UE) (M4) [!].gba
GBA	Need for Speed - Porsche Unleashed	Need for Speed - Porsche Unleashed (U) [!].gba
GBA	Need for Speed - Underground	Need for Speed - Underground (UE) (M4).gba
GBA	Need for Speed - Underground 2	Need for Speed - Underground 2 (UE) (M4).gba
GBA	NFL Blitz 2002	NFL Blitz 2002 (U) [!].gba
GBA	NFL Blitz 2003	NFL Blitz 2003 (U).gba
GBA	NHL 2002	NHL 2002 (U) [!].gba
GBA	NHL Hitz 2003	NHL Hitz 2003 (U).gba
GBA	Nickelodeon Vol. 1 - GBA 4-Pack	Nickelodeon Vol. 1 - GBA 4-Pack (U).gba
GBA	Nicktoons - Attack of the Toybots	Nicktoons - Attack of the Toybots (U) [!].gba
GBA	Nicktoons - Battle for Volcano Island	Nicktoons - Battle for Volcano Island (U) [!].gba
GBA	Nicktoons - Freeze Frame Frenzy	Nicktoons - Freeze Frame Frenzy (U) [!].gba
GBA	Nicktoons Collection - Volume 1	Nicktoons Collection - Volume 1 (U).gba
GBA	Nicktoons Collection - Volume 2	Nicktoons Collection - Volume 2 (U).gba
GBA	Nicktoons Collection - Volume 3	Nicktoons Collection - Volume 3 (U).gba
GBA	Nicktoons Racing	Nicktoons Racing (U).gba
GBA	Nicktoons Unite!	Nicktoons Unite! (U) [!].gba
GBA	Ninja Five-0	Ninja Five-0 (U) [!].gba
GBA	No Rules - Get Phat	No Rules - Get Phat (UE) (M6) [!].gba
GBA	Noddy - A Day in Toyland	Noddy - A Day in Toyland (U) (M3).gba
GBA	Oddworld - Munch's Oddysee	Oddworld - Munch's Oddysee (U) [!].gba
GBA	Onimusha Tactics	Onimusha Tactics (U) [!].gba
GBA	Open Season	Open Season (U) (M3) [!].gba
GBA	Operation Armored Liberty	Operation Armored Liberty (U) [!].gba
GBA	Oriental Blue - Ao no Tengai	Oriental Blue - Ao no Tengai (J).gba
GBA	Over the Hedge	Over the Hedge (U).gba
GBA	Over the Hedge - Hammy Goes Nuts	Over the Hedge - Hammy Goes Nuts (U) [!].gba
GBA	Ozzy & Drix	Ozzy & Drix (U) [!].gba
GBA	Pac-Man Collection	Pac-Man Collection (U) [!].gba
GBA	Pac-Man Pinball Advance	Pac-Man Pinball Advance (U).gba
GBA	Pac-Man World	Pac-Man World (U).gba
GBA	Pac-Man World 2	Pac-Man World 2 (U).gba
GBA	Paws & Claws - Pet Resort	Paws & Claws - Pet Resort (U).gba
GBA	Paws and Claws - Pet Resort	My Pet Hotel (E) (M2).gba
GBA	Payback	Payback (E) (M5).gba
GBA	Peter Pan - The Motion Picture Event	Peter Pan - The Motion Picture Event (U).gba
GBA	Petz - Hamsterz Life 2	Petz - Hamsterz Life 2 (U).gba
GBA	Petz Vet	Petz Vet (U).gba
GBA	Phalanx - The Enforce Fighter A-144	Phalanx - The Enforce Fighter A-144 (U) [!].gba
GBA	Phantasy Star Collection	Phantasy Star Collection (U) [!].gba
GBA	Phil of the Future	Phil of the Future (U).gba
GBA	Piglet's Big Game	Piglet's Big Game (U) [!].gba
GBA	Pinball Advance	Pinball Advance (E) (M5).gba
GBA	Pinball Challenge Deluxe	Pinball Challenge Deluxe (E).gba
GBA	Pinball of The Dead, The	Pinball of The Dead, The (U) [!].gba
GBA	Pinball Tycoon	Pinball Tycoon (U).gba
GBA	Pink Panther - Pinkadelic Pursuit	Pink Panther - Pinkadelic Pursuit (U) [!].gba
GBA	Pinky and The Brain - The Master Plan	Pinky and The Brain - The Master Plan (E) (M5).gba
GBA	Pinobee - Wings of Adventure	Pinobee - Wings of Adventure (UE) [!].gba
GBA	Pirates of the Caribbean - Dead Man's Chest	Pirates of the Caribbean - Dead Man's Chest (UE) (M5) [!].gba
GBA	Pirates of the Caribbean - The Curse of the Black Pearl	Pirates of the Caribbean - The Curse of the Black Pearl (U) (M5) [!].gba
GBA	Pitfall - The Lost Expedition	Pitfall - The Lost Expedition (U).gba
GBA	Pitfall - The Mayan Adventure	Pitfall - The Mayan Adventure (U) [!].gba
GBA	Planet of the Apes	Planet of the Apes (U) (M6) [!].gba
GBA	Pocket Dogs	Pocket Dogs (U).gba
GBA	Pocket Music	Pocket Music (E) (M5) [!].gba
GBA	Pocket Professor Kwik Notes Vol. 1	Pocket Professor Kwik Notes Vol. 1 (U).gba
GBA	Pocky & Rocky with Becky	Pocky & Rocky with Becky (U).gba
GBA	Pokemon - Emerald Version	Pokemon - Emerald Version (UE) [!].gba
GBA	Pokemon - Leaf Green Version & Fire Red Version	Pokemon - Fire Red Version (U) (V1.0) [!].gba
GBA	Pokemon - Ruby Version & Sapphire Version	Pokemon - Ruby Version (U) (V1.0) [!].gba
GBA	Pokemon - Volume 1	Pokemon - Volume 1 (U).gba
GBA	Pokemon - Volume 2	Pokemon - Volume 2 (U).gba
GBA	Pokemon - Volume 3	Pokemon - Volume 3 (U).gba
GBA	Pokemon - Volume 4	Pokemon - Volume 4 (U).gba
GBA	Pokemon Mystery Dungeon - Red Rescue Team	Pokemon Mystery Dungeon - Red Rescue Team (U) [!].gba
GBA	Pokemon Pinball - Ruby & Sapphire	Pokemon Pinball - Ruby & Sapphire (U) (V1.0).gba
GBA	Polar Express, The	Polar Express, The (UE) (M5) [!].gba
GBA	Polarium Advance	Polarium Advance (E) (M5) [!].gba
GBA	Polly Pocket - Super Splash Island	Polly Pocket! - Super Splash Island (U) (Destination Software) [!].gba
GBA	Popeye - Rush for Spinach	Popeye - Rush for Spinach (UE) (M5) [!].gba
GBA	Postman Pat and the Greendale Rocket	Postman Pat and the Greendale Rocket (E) (M3).gba
GBA	Power Rangers - Dino Thunder	Power Rangers - Dino Thunder (U) [!].gba
GBA	Power Rangers - Ninja Storm	Power Rangers - Ninja Storm (U) [!].gba
GBA	Power Rangers - S.P.D.	Power Rangers - S.P.D. (UE) [!].gba
GBA	Power Rangers - Time Force	Power Rangers - Time Force (U) [!].gba
GBA	Power Rangers - Wild Force	Power Rangers - Wild Force (U).gba
GBA	Powerpuff Girls, The - Him and Seek	Powerpuff Girls, The - Him and Seek (U) [!].gba
GBA	Powerpuff Girls, The - Mojo Jojo A-Go-Go!	Powerpuff Girls, The - Mojo Jojo A-Go-Go! (U) (M6).gba
GBA	Prehistorik Man	Prehistorik Man (UE) (M6) [!].gba
GBA	Premier Action	Premier Action (E) (M5).gba
GBA	Premier Manager 2003-04	Premier Manager 2003-04 (E) (M4).gba
GBA	Premier Manager 2004-2005	Premier Manager 2004-2005 (E) (M4) [!].gba
GBA	Premier Manager 2005-2006	Premier Manager 2005-2006 (E) (M4).gba
GBA	Prince of Persia - The Sands of Time	Prince of Persia - The Sands of Time (U) (M3) [!].gba
GBA	Princess Natasha - Student, Secret Agent, Princess	Princess Natasha - Student, Secret Agent, Princess (U) [!].gba
GBA	Proud Family, The	Proud Family, The (U).gba
GBA	Punch King - Arcade Boxing	Punch King - Arcade Boxing (U) [!].gba
GBA	Puppy Luv - Spa and Resort	Puppy Luv - Spa and Resort (U).gba
GBA	Puyo Pop	Puyo Pop (U) (M2) [!].gba
GBA	Puyo Pop Fever	Puyo Pop Fever (E) (M5).gba
GBA	Quad Desert Fury	Quad Desert Fury (U) [!].gba
GBA	R-Type III - The Third Lightning	R-Type III - The Third Lightning (U).gba
GBA	Racing Fever	Racing Fever (E) (M4).gba
GBA	Racing Gears Advance	Racing Gears Advance (U).gba
GBA	Rampage Puzzle Attack	Rampage Puzzle Attack (U) [!].gba
GBA	Rapala Pro Fishing	Rapala Pro Fishing (U) [!].gba
GBA	Ratatouille	Ratatouille (U).gba
GBA	Rave Master Special Attack Force	Rave Master Special Attack Force (U).gba
GBA	Rayman - Hoodlum's Revenge	Rayman - Hoodlum's Revenge (U) (M3).gba
GBA	Rayman - Hoodlums' Revenge	Rayman - Hoodlums' Revenge (E) (M6).gba
GBA	Rayman - Raving Rabbids	Rayman - Raving Rabbids (U) (M3).gba
GBA	Rayman 10th Anniversary - Rayman Advance & Rayman 3	Rayman 10th Anniversary - Rayman Advance & Rayman 3 (U) (M5).gba
GBA	Rayman 3	Rayman 3 (U) (M3).gba
GBA	Rayman Advance	Rayman Advance (U) (M5) [!].gba
GBA	Razor Freestyle Scooter	Razor Freestyle Scooter (U).gba
GBA	Ready 2 Rumble Boxing - Round 2	Ready 2 Rumble Boxing - Round 2 (U) [!].gba
GBA	Rebelstar - Tactical Command	Rebelstar - Tactical Command (U) [!].gba
GBA	Reign of Fire	Reign of Fire (U) (M5) [!].gba
GBA	Rescue Heroes - Billy Blazes!	Rescue Heroes - Billy Blazes! (U) [!].gba
GBA	Revenge of Shinobi, The	Revenge of Shinobi, The (U) [!].gba
GBA	Rhythm Tengoku	Rhythm Tengoku (J) (V1.0) [T+EngBeta6c].gba
GBA	Ripping Friends, The	Ripping Friends, The (U) [!].gba
GBA	Risk, Battleship, Clue	Risk, Battleship, Clue (U) (V1.1) [!].gba
GBA	River City Ransom EX	River City Ransom EX (U).gba
GBA	Riviera - The Promised Land	Riviera - The Promised Land (U).gba
GBA	Road Rash - Jailbreak	Road Rash - Jailbreak (U)15c24091.gba
GBA	Robopon 2	Robopon 2 - Ring Version (U) [!].gba
GBA	Robot Wars - Advanced Destruction	Robot Wars - Advanced Destruction (U).gba
GBA	Robotech - The Macross Saga	Robotech - The Macross Saga (UE) (M6) [!].gba
GBA	Robots	Robots (U) [!].gba
GBA	Rock 'em Sock 'em Robots	Rock 'em Sock 'em Robots (U).gba
GBA	Rock N' Roll Racing	Rock N' Roll Racing (U).gba
GBA	Rocket Power - Beach Bandits	Rocket Power - Beach Bandits (U) [!].gba
GBA	Rocket Power - Dream Scheme	Rocket Power - Dream Scheme (U) [!].gba
GBA	Rocket Power - Zero Gravity Zone	Rocket Power - Zero Gravity Zone (U) [!].gba
GBA	Rocky	Rocky (U) (M5).gba
GBA	Roland Garros 2002 - Next Generation Tennis	Roland Garros 2002 - Next Generation Tennis (E) (M6).gba
GBA	Rugrats - All Grown Up! - Express Yourself	Rugrats - All Grown Up! - Express Yourself (E) (M2).gba
GBA	Rugrats - All Grown Up! - Volume 1	Rugrats - All Grown Up! - Volume 1 (U).gba
GBA	Rugrats - Castle Capers	Rugrats - Castle Capers (U) [!].gba
GBA	Rugrats - Go Wild	Rugrats - Go Wild (U) [!].gba
GBA	Rugrats - I Gotta Go Party	Rugrats - I Gotta Go Party (U) [!].gba
GBA	Sabre Wulf	Sabre Wulf (U).gba
GBA	Sabrina The Teenage Witch - Potion Commotion	Sabrina The Teenage Witch - Potion Commotion (U) (M3) [!].gba
GBA	Salt Lake 2002	Salt Lake 2002 (U) (M6) [!].gba
GBA	Samurai Deeper Kyo	Samurai Deeper Kyo (U).gba
GBA	Samurai Jack - The Amulet of Time	Samurai Jack - The Amulet of Time (U) [!].gba
GBA	Santa Claus Saves the Earth	Santa Claus Saves the Earth (E).gba
GBA	Santa Clause 3, The - The Escape Clause	Santa Clause 3, The - The Escape Clause (U).gba
GBA	Scooby-Doo!	Scooby-Doo! (U).gba
GBA	Scooby-Doo! - Mystery Mayhem	Scooby-Doo! - Mystery Mayhem (U) (M2).gba
GBA	Scooby-Doo! - Unmasked	Scooby-Doo! - Unmasked (U) (M2).gba
GBA	Scooby-Doo! 2 - Monsters Unleashed	Scooby-Doo! 2 - Monsters Unleashed (U).gba
GBA	Scooby-Doo! and The Cyber Chase	Scooby-Doo! and The Cyber Chase (U) [!].gba
GBA	Scorpion King, The - Sword of Osiris	Scorpion King, The - Sword of Osiris (U) [!].gba
GBA	Scrabble	Scrabble (E) (M4).gba
GBA	Scrabble Blast!	Scrabble Blast! (U).gba
GBA	Scurge Hive	Scurge - Hive (U) (M3) [!].gba
GBA	SD Gundam Force	SD Gundam Force (U).gba
GBA	Sea Trader - Rise of Taipan	Sea Trader - Rise of Taipan (U) [!].gba
GBA	Sega Arcade Gallery	Sega Arcade Gallery (U).gba
GBA	Sega Rally Championship	Sega Rally Championship (U).gba
GBA	Sega Smash Pack	Sega Smash Pack (U) [!].gba
GBA	Sengoku Kakumei Gaiden	Sengoku Kakumei Gaiden (J).gba
GBA	Serious Sam Advance	Serious Sam Advance (U) (M3) [!].gba
GBA	Shamu's Deep Sea Adventures	Shamu's Deep Sea Adventures (U).gba
GBA	Shark Tale	Shark Tale (U) [!].gba
GBA	Shaun Palmer's Pro Snowboarder	Shaun Palmer's Pro Snowboarder (U) [!].gba
GBA	Shifting Gears - Road Trip	Shifting Gears - Road Trip (U).gba
GBA	Shining Force - Resurrection of the Dark Dragon	Shining Force - Resurrection of the Dark Dragon (U) [!].gba
GBA	Shining Soul	Shining Soul (U) [!].gba
GBA	Shining Soul II	Shining Soul II (U) [!].gba
GBA	Shonen Jump's - One Piece	Shonen Jump's - One Piece (U) [!].gba
GBA	Shonen Jump's - Shaman King - Legacy of the Spirits	Shonen Jump's - Shaman King - Legacy of the Spirits - Sprinting Wolf (U) [!].gba
GBA	Shonen Jump's - Shaman King - Master of Spirits	Shonen Jump's - Shaman King - Master of Spirits (U) [!].gba
GBA	Shonen Jump's - Shaman King - Master of Spirits 2	Shonen Jump's - Shaman King - Master of Spirits 2 (U).gba
GBA	Shrek - Hassle at the Castle	Shrek - Hassle at the Castle (U) (M6).gba
GBA	Shrek - Reekin' Havoc	Shrek - Reekin' Havoc (U) (M6) [!].gba
GBA	Shrek - Smash 'n Crash Racing	Shrek - Smash 'n Crash Racing (U).gba
GBA	Shrek - Super Slam	Shrek - Super Slam (U).gba
GBA	Shrek - Swamp Kart Speedway	Shrek - Swamp Kart Speedway (UE) (M6) [!].gba
GBA	Shrek 2	Shrek 2 (U) (M5) [!].gba
GBA	Shrek 2 - Beg for Mercy	Shrek 2 - Beg for Mercy (U) (V1.1) [!].gba
GBA	Shrek the Third	Shrek the Third (U).gba
GBA	Sigma Star Saga	Sigma Star Saga (U).gba
GBA	Silent Scope	Silent Scope (U) (M5) [!].gba
GBA	Sim City 2000	Sim City 2000 (U) (M4).gba
GBA	Simpsons, The - Road Rage	Simpsons, The - Road Rage (U) [!].gba
GBA	Sims 2, The	Sims 2, The (UE) (M6) [!].gba
GBA	Sims 2, The - Pets	Sims 2, The - Pets (U).gba
GBA	Sims, The - Bustin' Out	Sims, The - Bustin' Out (UE) (M6) [!].gba
GBA	Sitting Ducks	Sitting Ducks (U) (M6) [!].gba
GBA	Sky Dancers - They Magically Fly!	Sky Dancers - They Magically Fly! (U).gba
GBA	Smashing Drive	Smashing Drive (U).gba
GBA	Smuggler's Run	Smuggler's Run (U).gba
GBA	Smurfs, The - The Revenge of The Smurfs	Smurfs, The - The Revenge of The Smurfs (E) (M5).gba
GBA	Snood	Snood (U) [!].gba
GBA	Snood 2 - Snoods on Vacation	Snood 2 - Snoods on Vacation (U).gba
GBA	Soccer Kid	Soccer Kid (U) [!].gba
GBA	Sonic Advance	Sonic Advance (U) (M2) [!].gba
GBA	Sonic Advance 2	Sonic Advance 2 (U) (M6) [!].gba
GBA	Sonic Advance 3	Sonic Advance 3 (U) (M6) [!].gba
GBA	Sonic Battle	Sonic Battle (U) (M6) [!].gba
GBA	Sonic Pinball Party	Sonic Pinball Party (U) (M6) [!].gba
GBA	Sonic The Hedgehog - Genesis	Sonic The Hedgehog - Genesis (U) [!].gba
GBA	Sonic X - Volume 1	Sonic X - Volume 1 (U).gba
GBA	Sound of Thunder, A	Sound of Thunder, A (U) (M5).gba
GBA	Space Channel 5 - Ulala's Cosmic Attack	Space Channel 5 - Ulala's Cosmic Attack (U).gba
GBA	Space Invaders	Space Invaders (U) [!].gba
GBA	Speedball 2 - Brutal Deluxe	Speedball 2 - Brutal Deluxe (E) (M5).gba
GBA	Spider-Man - Battle for New York	Spider-Man - Battle for New York (U).gba
GBA	Spider-Man - Mysterio's Menace	Spider-Man - Mysterio's Menace (U) [!].gba
GBA	Spider-Man - The Movie	Spider-Man - The Movie (U) [!].gba
GBA	Spider-Man 2	Spider-Man 2 (U) [!].gba
GBA	Spider-Man 3	Spider-Man 3 (U) [!].gba
GBA	Spirit - Stallion of the Cimarron	Spirit - Stallion of The Cimarron (U) [!].gba
GBA	Spirits & Spells	Spirits & Spells (U).gba
GBA	SpongeBob SquarePants - Battle for Bikini Bottom	SpongeBob SquarePants - Battle for Bikini Bottom (U) [!].gba
GBA	SpongeBob SquarePants - Creature from the Krusty Krab	SpongeBob SquarePants - Creature from the Krusty Krab (U) [!].gba
GBA	SpongeBob SquarePants - Lights, Camera, Pants!	SpongeBob SquarePants - Lights, Camera, Pants! (U) [!].gba
GBA	SpongeBob SquarePants - Revenge of The Flying Dutchman	SpongeBob SquarePants - Revenge of The Flying Dutchman (U) [!].gba
GBA	SpongeBob SquarePants - SuperSponge	SpongeBob SquarePants - SuperSponge (U) [!].gba
GBA	SpongeBob SquarePants - The Movie	SpongeBob SquarePants - The Movie (U) [!].gba
GBA	SpongeBob SquarePants - Volume 1	SpongeBob SquarePants - Volume 1 (U) [!].gba
GBA	SpongeBob SquarePants - Volume 2	SpongeBob SquarePants - Volume 2 (U).gba
GBA	SpongeBob SquarePants - Volume 3	SpongeBob SquarePants - Volume 3 (U).gba
GBA	SpongeBob's Atlantis SquarePantis	SpongeBob's Atlantis SquarePantis (U) [!].gba
GBA	Sports Illustrated For Kids Baseball	Sports Illustrated For Kids Baseball (U).gba
GBA	Sports Illustrated For Kids Football	Sports Illustrated For Kids Football (U) [!].gba
GBA	Spy Hunter	Spy Hunter (U) (M5) [!].gba
GBA	Spy Kids 3-D - Game Over	Spy Kids 3-D - Game Over (U).gba
GBA	Spy Kids Challenger	Spy Kids Challenger (U).gba
GBA	Spy Muppets - License to Croak	Spy Muppets - License to Croak (U) (M6) [!].gba
GBA	Spyro - Attack of the Rhynocs	Spyro - Attack of the Rhynocs (U).gba
GBA	Spyro - Season of Ice	Spyro - Season of Ice (U) [!].gba
GBA	Spyro 2 - Season of Flame	Spyro 2 - Season of Flame (U) [!].gba
GBA	Spyro Orange - The Cortex Conspiracy	Spyro Orange - The Cortex Conspiracy (U) (V1.0).gba
GBA	SSX 3	SSX 3 (U) [!].gba
GBA	SSX Tricky	SSX Tricky (UE) (M3) [!].gba
GBA	Stadium Games	Stadium Games (U).gba
GBA	Star Wars - Episode II - Attack of The Clones	Star Wars - Episode II - Attack of The Clones (U) [!].gba
GBA	Star Wars - Episode III - Revenge of the Sith	Star Wars - Episode III - Revenge of the Sith (U) (M3) [!].gba
GBA	Star Wars - Flight of the Falcon	Star Wars - Flight of the Falcon (U) [!].gba
GBA	Star Wars - Jedi Power Battles	Star Wars - Jedi Power Battles (U).gba
GBA	Star Wars - The New Droid Army	Star Wars - The New Droid Army (U) [!].gba
GBA	Star Wars Trilogy - Apprentice of The Force	Star Wars Trilogy - Apprentice of The Force (U) (M3) [!].gba
GBA	Star X	Star X (U) (M6) [!].gba
GBA	Starsky & Hutch	Starsky & Hutch (U) [!].gba
GBA	Steel Empire	Steel Empire (E).gba
GBA	Steven Gerrard's Total Soccer 2002	Steven Gerrard's Total Soccer 2002 (E) (M6) [!].gba
GBA	Strawberry Shortcake - Ice Cream Island - Riding Camp	Strawberry Shortcake - Ice Cream Island - Riding Camp (E) (M8).gba
GBA	Strawberry Shortcake - Summertime Adventure	Strawberry Shortcake - Summertime Adventure (U) [!].gba
GBA	Strawberry Shortcake - Sweet Dreams	Strawberry Shortcake - Sweet Dreams (U).gba
GBA	Strawberry Shortcake - Volume 1	Strawberry Shortcake - Volume 1 (U).gba
GBA	Street Fighter Alpha 3	Street Fighter Alpha 3 (U) [!].gba
GBA	Street Jam Basketball	Street Jam Basketball (U) [!].gba
GBA	Street Racing Syndicate	Street Racing Syndicate (U).gba
GBA	Strike Force Hydra	Strike Force Hydra (U).gba
GBA	Stuart Little 2	Stuart Little 2 (U) [!].gba
GBA	Stuntman	Stuntman (U) (M3).gba
GBA	Sudoku Fever	Sudoku Fever (U) [!].gba
GBA	Suite Life of Zack and Cody, The - Tipton Caper	Suite Life of Zack and Cody, The - Tipton Caper (U) (M2).gba
GBA	Sum of All Fears, The	Sum of All Fears, The (U) (M5) [!].gba
GBA	Summon Night	Summon Night (U) [!].gba
GBA	Summon Night - Swordcraft Story 2	Summon Night - Swordcraft Story 2 (U).gba
GBA	Super Army War	Super Army War (U).gba
GBA	Super Bubble Pop	Super Bubble Pop (U).gba
GBA	Super Bust-A-Move	Super Bust-A-Move (U) (M3) [!].gba
GBA	Super Collapse II	Super Collapse II (U).gba
GBA	Super Dodgeball Advance	Super Dodgeball Advance (U) [!].gba
GBA	Super Duper Sumos	Super Duper Sumos (U).gba
GBA	Super Ghouls 'N Ghosts	Super Ghouls 'N Ghosts (U) [!].gba
GBA	Super Hornet FA 18F	Super Hornet FA 18F (U) [!].gba
GBA	Super Mario Advance	Super Mario Advance (U) [!].gba
GBA	Super Mario Advance 2 - Super Mario World	Super Mario Advance 2 - Super Mario World (U) [!].gba
GBA	Super Mario Advance 3 - Yoshi's Island	Super Mario Advance 3 - Yoshi's Island (U) [!].gba
GBA	Super Mario Advance 4 - Super Mario Bros. 3	Super Mario Advance 4 - Super Mario Bros. 3 (U) (V1.1) [!].gba
GBA	Super Monkey Ball Jr	Super Monkey Ball Jr (U) [!].gba
GBA	Super Puzzle Fighter II Turbo	Super Puzzle Fighter II Turbo (U).gba
GBA	Super Robot Monkey Team - Volume 1	Super Robot Monkey Team - Volume 1 (U).gba
GBA	Super Robot Taisen - Original Generation	Super Robot Taisen - Original Generation (U).gba
GBA	Super Robot Taisen - Original Generation 2	Super Robot Taisen - Original Generation 2 (U) [!].gba
GBA	Super Street Fighter II Turbo - Revival	Super Street Fighter II Turbo - Revival (U) [!].gba
GBA	Superman - Countdown to Apokolips	Superman - Countdown to Apokolips (U) [!].gba
GBA	Superman Returns - Fortress of Solitude	Superman Returns - Fortress of Solitude (UE) (M5) [!].gba
GBA	Surf's Up	Surf's Up (U) (M3).gba
GBA	Sword of Mana	Sword of Mana (U) [!].gba
GBA	Tactics Ogre - The Knight of Lodis	Tactics Ogre - The Knight of Lodis (U) [!].gba
GBA	Tak - The Great Juju Challenge	Tak - The Great Juju Challenge (U) [!].gba
GBA	Tak 2 - The Staff of Dreams	Tak 2 - The Staff of Dreams (U) [!].gba
GBA	Tak and the Power of Juju	Tak and the Power of Juju (U) [!].gba
GBA	Tales of Phantasia	Tales of Phantasia (U) [!].gba
GBA	Tang Tang	Tang Tang (U) [!].gba
GBA	Teen Titans	Teen Titans (U) (M2) [!].gba
GBA	Teen Titans 2 - The Brotherhood's Revenge	Teen Titans 2 - The Brotherhood's Revenge (U) (M2).gba
GBA	Teenage Mutant Ninja Turtles	Teenage Mutant Ninja Turtles (U) [!].gba
GBA	Teenage Mutant Ninja Turtles - Volume 1	Teenage Mutant Ninja Turtles - Volume 1 (U).gba
GBA	Teenage Mutant Ninja Turtles 2 - Battle Nexus	Teenage Mutant Ninja Turtles 2 - Battle Nexus (U).gba
GBA	Teenage Mutant Ninja Turtles Double Pack	Teenage Mutant Ninja Turtles Double Pack (U) (M5).gba
GBA	Teenage Mutant Ninja Turtles Gamepack	Teenage Mutant Ninja Turtles Gamepack (E) (M5).gba
GBA	Tekken Advance	Tekken Advance (U) [!].gba
GBA	Ten Pin Alley 2	Ten Pin Alley 2 (U).gba
GBA	Tennis Masters Series 2003	Tennis Masters Series 2003 (E) (M6).gba
GBA	Terminator 3 - Rise of The Machines	Terminator 3 - Rise of The Machines (U).gba
GBA	Tetris Worlds	Tetris Worlds (U) [!].gba
GBA	Texas Hold'em Poker	Texas Hold'em Poker (U) [!].gba
GBA	That's SO Raven	That's SO Raven (U) [!].gba
GBA	That's SO Raven 2 - Supernatural Style	That's SO Raven 2 - Supernatural Style (M2) (U) [!].gba
GBA	Three Stooges, The	Three Stooges, The (U) [!].gba
GBA	Thunder Alley	Thunder Alley (U) [!].gba
GBA	Thunderbirds	Thunderbirds (U).gba
GBA	Thunderbirds - International Rescue	Thunderbirds - International Rescue (E).gba
GBA	Tiger Woods PGA Tour 2004	Tiger Woods PGA Tour 2004 (U) [!].gba
GBA	Tiger Woods PGA Tour Golf	Tiger Woods PGA Tour Golf (UE) [!].gba
GBA	Tim Burton's The Nightmare Before Christmas - The Pumpkin King	Tim Burton's The Nightmare Before Christmas - The Pumpkin King (UE) (M5).gba
GBA	Tiny Toon Adventures - Scary Dreams	Tiny Toon Adventures - Scary Dreams (U).gba
GBA	Tiny Toon Adventures - Wacky Stackers	Tiny Toon Adventures - Wacky Stackers (U).gba
GBA	TMNT	TMNT (U) (M3).gba
GBA	TOCA World Touring Cars	TOCA World Touring Cars (E) [!].gba
GBA	Tokyo Xtreme Racer Advance	Tokyo Xtreme Racer Advance (U) [!].gba
GBA	Tom and Jerry - Infurnal Escape	Tom and Jerry - Infurnal Escape (U).gba
GBA	Tom and Jerry - The Magic Ring	Tom and Jerry - The Magic Ring (U) (M5) [!].gba
GBA	Tom and Jerry Tales	Tom and Jerry Tales (U) (M3).gba
GBA	Tom Clancy's Rainbow Six - Rogue Spear	Tom Clancy's Rainbow Six - Rogue Spear (E) (M5) [!].gba
GBA	Tom Clancy's Splinter Cell	Tom Clancy's Splinter Cell (U) (M3) [!].gba
GBA	Tom Clancy's Splinter Cell - Pandora Tomorrow	Tom Clancy's Splinter Cell - Pandora Tomorrow (U) (M3).gba
GBA	Tomb Raider - The Prophecy	Tomb Raider - The Prophecy (E) (M5) [!].gba
GBA	Tonka - On the Job	Tonka - On the Job (U).gba
GBA	Tony Hawk's American Sk8land	Tony Hawk's American Sk8land (U) [!].gba
GBA	Tony Hawk's Downhill Jam	Tony Hawk's Downhill Jam (U) [!].gba
GBA	Tony Hawk's Pro Skater 2	Tony Hawk's Pro Skater 2 (UE) [!].gba
GBA	Tony Hawk's Pro Skater 3	Tony Hawk's Pro Skater 3 (UE) [!].gba
GBA	Tony Hawk's Pro Skater 4	Tony Hawk's Pro Skater 4 (UE) [!].gba
GBA	Tony Hawk's Underground	Tony Hawk's Underground (UE) [!].gba
GBA	Tony Hawk's Underground 2	Tony Hawk's Underground 2 (UE).gba
GBA	Tootuff - The Gagmachine	Tootuff - The Gagmachine (E) (M5) (Prototype).gba
GBA	Top Gear GT Championship	Top Gear GT Championship (U) [!].gba
GBA	Top Gear Rally	Top Gear Rally (U).gba
GBA	Top Gun - Combat Zones	Top Gun - Combat Zones (U) (M5) [!].gba
GBA	Top Gun Firestorm Advance	Top Gun Firestorm Advance (UE) (M5) [!].gba
GBA	Top Spin 2	Top Spin 2 (U) (M5) [!].gba
GBA	Totally Spies!	Totally Spies! (U).gba
GBA	Totally Spies! 2 - Undercover	Totally Spies! 2 - Undercover (U).gba
GBA	Tower SP, The	Tower SP, The (U).gba
GBA	Trick Star	Trick Star (E) (M5).gba
GBA	Tringo	Tringo (U).gba
GBA	Trollz - Hair Affair!	Trollz - Hair Affair! (U).gba
GBA	Tron 2.0 - Killer App	Tron 2.0 - Killer App (U).gba
GBA	Turbo Turtle Adventure	Turbo Turtle Adventure (U).gba
GBA	Turok Evolution	Turok Evolution (U) [!].gba
GBA	Tweety and the Magic Gems	Tweety and the Magic Gems (U) [!].gba
GBA	Ty the Tasmanian Tiger 2 - Bush Rescue	Ty the Tasmanian Tiger 2 - Bush Rescue (UE) (M3) [!].gba
GBA	Ty the Tasmanian Tiger 3 - Night of the Quinkan	Ty the Tasmanian Tiger 3 - Night of the Quinkan (U).gba
GBA	Ultimate Arcade Games	Ultimate Arcade Games (U).gba
GBA	Ultimate Beach Soccer	Ultimate Beach Soccer (U).gba
GBA	Ultimate Brain Games	Ultimate Brain Games (U) [!].gba
GBA	Ultimate Card Games	Ultimate Card Games (U) [!].gba
GBA	Ultimate Muscle - The Path of the Superhero	Ultimate Muscle - The Path of the Superhero (U) [!].gba
GBA	Ultimate Puzzle Games	Ultimate Puzzle Games (U).gba
GBA	Ultimate Spider-Man	Ultimate Spider-Man (U).gba
GBA	Ultimate Winter Games	Ultimate Winter Games (U).gba
GBA	Unfabulous	Unfabulous (U).gba
GBA	Uno 52	Uno 52 (U).gba
GBA	Uno Free Fall	Uno Free Fall (U).gba
GBA	Urban Yeti	Urban Yeti (U) [!].gba
GBA	Urbz, The - Sims in the City	Urbz, The - Sims in the City (UE) (M6) [!].gba
GBA	V-Rally 3	V-Rally 3 (E) (M5) [!].gba
GBA	V.I.P.	V.I.P. (E) (M6).gba
GBA	Van Helsing	Van Helsing (U) [!].gba
GBA	VeggieTales - LarryBoy and the Bad Apple	VeggieTales - LarryBoy and the Bad Apple (U) [!].gba
GBA	Virtua Tennis	Virtua Tennis (U) [!].gba
GBA	Virtual Kasparov	Virtual Kasparov (U) (M5) [!].gba
GBA	W.i.t.c.h.	W.i.t.c.h. (E) (M5).gba
GBA	Wade Hixton's Counter Punch	Wade Hixton's Counter Punch (U) [!].gba
GBA	Wakeboarding Unleashed featuring Shaun Murray	Wakeboarding Unleashed featuring Shaun Murray (U).gba
GBA	Wario Land 4	Wario Land 4 (UE) [!].gba
GBA	WarioWare - Twisted!	WarioWare - Twisted! (U).gba
GBA	WarioWare Inc.	WarioWare Inc. (U) [!].gba
GBA	Whac-a-Mole	Whac-a-Mole (U) [!].gba
GBA	Who Wants To Be A Millionaire	Who Wants To Be a Millionaire (A).gba
GBA	Who Wants To Be a Millionaire - 2nd Edition	Who Wants To Be a Millionaire - 2nd Edition (E).gba
GBA	Who Wants To Be a Millionaire - Junior Edition	Who Wants To Be a Millionaire - Junior Edition (E).gba
GBA	Wild Thornberrys, The - Chimp Chase	Wild Thornberrys, The - Chimp Chase (U) [!].gba
GBA	Wild Thornberrys, The - The Movie	Wild Thornberrys, The - The Movie (U) [!].gba
GBA	Wild, The	Wild, The (UE) (M4) [!].gba
GBA	Wing Commander - Prophecy	Wing Commander - Prophecy (U) [!].gba
GBA	Wings	Wings (U).gba
GBA	Winnie the Pooh's Rumbly Tumbly Adventure	Winnie the Pooh's Rumbly Tumbly Adventure (U) (M3) [!].gba
GBA	Winter Sports	Winter Sports (E) (M5).gba
GBA	WinX Club	WinX Club (U) [!].gba
GBA	WinX Club - Quest for the Codex	WinX Club - Quest for the Codex (U).gba
GBA	Wolfenstein 3D	Wolfenstein 3D (UE) [!].gba
GBA	Woody Woodpecker in Crazy Castle 5	Woody Woodpecker in Crazy Castle 5 (U).gba
GBA	World Championship Poker	World Championship Poker (U) [!].gba
GBA	World Poker Tour	World Poker Tour (U).gba
GBA	World Tennis Stars	World Tennis Stars (U).gba
GBA	Worms - Blast	Worms - Blast (E) (M5).gba
GBA	Worms - World Party	Worms - World Party (U) (M5).gba
GBA	WTA Tour Tennis	WTA Tour Tennis (U).gba
GBA	WWE - Survivor Series	WWE - Survivor Series (UE) [!].gba
GBA	WWF - Road to Wrestlemania	WWF - Road to Wrestlemania (U) [!].gba
GBA	X-Bladez - Inline Skater	X-Bladez - Inline Skater (U) [!].gba
GBA	X-Men - Reign of Apocalypse	X-Men - Reign of Apocalypse (U) [!].gba
GBA	X-Men - The Official Game	X-Men - The Official Game (U) [!].gba
GBA	X-Men 2 - Wolverine's Revenge	X-Men 2 - Wolverine's Revenge (U) [!].gba
GBA	XS Moto	XS Moto (U).gba
GBA	xXx	xXx (U) [!].gba
GBA	Yggdra Union - We'll Never Fight Alone	Yggdra Union - We'll Never Fight Alone (U).gba
GBA	Yoshi Topsy-Turvy	Yoshi Topsy-Turvy (U).gba
GBA	Yu Yu Hakusho - Spirit Detective	Yu Yu Hakusho - Spirit Detective (U) [!].gba
GBA	Yu Yu Hakusho - Tournament Tactics	Yu Yu Hakusho - Tournament Tactics (U) [!].gba
GBA	Yu-Gi-Oh! - 7 Trials to Glory - World Championship Tournament 2005	Yu-Gi-Oh! - 7 Trials to Glory - World Championship Tournament 2005 (U) (M6) [!].gba
GBA	Yu-Gi-Oh! - Destiny Board Traveler	Yu-Gi-Oh! - Destiny Board Traveler (U) [!].gba
GBA	Yu-Gi-Oh! - Dungeon Dice Monsters	Yu-Gi-Oh! - Dungeon Dice Monsters (U) (M2) [!].gba
GBA	Yu-Gi-Oh! - GX Duel Academy	Yu-Gi-Oh! - GX Duel Academy (U).gba
GBA	Yu-Gi-Oh! - Reshef of Destruction	Yu-Gi-Oh! - Reshef of Destruction (U) [!].gba
GBA	Yu-Gi-Oh! - The Eternal Duelist Soul	Yu-Gi-Oh! - The Eternal Duelist Soul (U) [!].gba
GBA	Yu-Gi-Oh! - The Sacred Cards	Yu-Gi-Oh! - The Sacred Cards (U) [!].gba
GBA	Yu-Gi-Oh! - Ultimate Masters 2006	Yu-Gi-Oh! - Ultimate Masters 2006 (U).gba
GBA	Yu-Gi-Oh! - World Championship Tournament 2004	Yu-Gi-Oh! - World Championship Tournament 2004 (U) (M6) [!].gba
GBA	Yu-Gi-Oh! - Worldwide Edition - Stairway to the Destined Duel	Yu-Gi-Oh! - Worldwide Edition - Stairway to the Destined Duel (U) (M6) [!].gba
GBA	Yu-Gi-Oh! - Yugi vs. Joey - Volume 1	Yu-Gi-Oh! - Yugi vs. Joey - Volume 1 (U).gba
GBA	Yu-Gi-Oh! Gamepack - The Sacred Cards & Reshef of Destruction	Yu-Gi-Oh! Gamepack - The Sacred Cards & Reshef of Destruction (U) (M5).gba
GBA	Yu-Gi-Oh! Gamepack 2 - Destiny Board Traveler & Dungeon Dice Monsters	Yu-Gi-Oh! Gamepack 2 - Destiny Board Traveler & Dungeon Dice Monsters (UE) (M5) [!].gba
GBA	Zapper	Zapper (U) [!].gba
GBA	ZatchBell! - Electric Arena	ZatchBell! - Electric Arena (U) [!].gba
GBA	Zidane - Football Generation	Zidane - Football Generation (E) (M5).gba
GBA	Zoey 101	Zoey 101 (UE) [!].gba
GBA	Zoids Legacy	Zoids Legacy (U).gba
GBA	Zone of The Enders - The Fist of Mars	Zone of The Enders - The Fist of Mars (U) [!].gba
GBA	ZooCube	ZooCube (U).gba
GBA	Zooo	Zooo (E) (M5).gba
GBC	007 - The World is Not Enough	007 - The World is Not Enough (U) [C][!].gbc
GBC	10-Pin Bowling	10-Pin Bowling (U) [C][!].gbc
GBC	102 Dalmatians - Puppies to the Rescue	102 Dalmatians - Puppies to the Rescue (U) [C][!].gbc
GBC	1942	1942 (U) [C][!].gbc
GBC	3-D Ultra Pinball - Thrillride	3-D Ultra Pinball - Thrillride (U) [C][!].gbc
GBC	3D Pocket Pool	3D Pocket Pool (E) (M6) [C][!].gbc
GBC	720 Degrees	720 Degrees (U) [C][!].gbc
GBC	Action Man - Search for Base X	Action Man - Search for Base X (U) [C][!].gbc
GBC	Adventures of the Smurfs, The	Adventures of the Smurfs, The (E) (M6) [C][!].gbc
GBC	AirForce Delta	AirForce Delta (U) [C][!].gbc
GBC	Aladdin	Aladdin (U) [C][!].gbc
GBC	Alice in Wonderland	Alice in Wonderland (U) [C][!].gbc
GBC	Aliens - Thanatos Encounter	Aliens - Thanatos Encounter (U) [C][!].gbc
GBC	All Star Tennis 2000	All Star Tennis 2000 (U) [C][!].gbc
GBC	All-Star Baseball 2000	All-Star Baseball 2000 (U) [C][!].gbc
GBC	All-Star Baseball 2001	All-Star Baseball 2001 (U) [C][!].gbc
GBC	Alone in the Dark - The New Nightmare	Alone in the Dark - The New Nightmare (U) (M3) [C][!].gbc
GBC	Animorphs	Animorphs (U) [C][!].gbc
GBC	Antz	Antz (U) (M3) [C][!].gbc
GBC	Antz Racing	Antz Racing (U) (M6) [C][!].gbc
GBC	Antz World Sportz	Antz World Sportz (E) (M6) [C][!].gbc
GBC	Armada - FX Racers	Armada - FX Racers (U) [C][!].gbc
GBC	Armorines - Project S.W.A.R.M.	Armorines - Project S.W.A.R.M. (E) (M2) [C][!].gbc
GBC	Army Men	Army Men (U) (M3) [C][!].gbc
GBC	Army Men - Air Combat	Army Men - Air Combat (U) (M3) [C][!].gbc
GBC	Army Men - Sarge's Heroes 2	Army Men - Sarge's Heroes 2 (U) (M3) [C][!].gbc
GBC	Army Men 2	Army Men 2 (U) (M3) [C][!].gbc
GBC	Arthur's Absolutely Fun Day!	Arthur's Absolutely Fun Day! (U) [C][!].gbc
GBC	Asterix & Obelix vs Caesar	Asterix & Obelix vs Caesar (E) (M5) [C][!].gbc
GBC	Asterix - Search for Dogmatix	Asterix - Search for Dogmatix (E) (M6) [C][!].gbc
GBC	Asteroids	Asteroids (U) [C][!].gbc
GBC	Atlantis - The Lost Empire	Atlantis - The Lost Empire (U) [C][!].gbc
GBC	ATV Racing	ATV Racing (Unl) [C][!].gbc
GBC	Austin Powers - Oh, Behave!	Austin Powers - Oh, Behave! (U) [C][!].gbc
GBC	Austin Powers - Welcome to My Underground Lair!	Austin Powers - Welcome to My Underground Lair! (U) [C][!].gbc
GBC	Azure Dreams	Azure Dreams (U) [C][!].gbc
GBC	Babe and Friends	Babe and Friends (U) [C][!].gbc
GBC	Baby Felix - Halloween	Baby Felix - Halloween (E) (M6) [C][!].gbc
GBC	Backgammon	Backgammon (E) (M4) [C][!].gbc
GBC	Ballistic	Ballistic (U) [C][!].gbc
GBC	Barbie - Fashion Pack Games	Barbie - Fashion Pack Games (U) [C][!].gbc
GBC	Barbie - Magic Genie Adventure	Barbie - Magic Genie Adventure (U) [C][!].gbc
GBC	Barbie - Ocean Discovery	Barbie - Ocean Discovery (U) [C][!].gbc
GBC	Barbie - Pet Rescue	Barbie - Pet Rescue (U) [C][!].gbc
GBC	Bass Masters Classic	Bass Masters Classic (U) [C][!].gbc
GBC	Batman Beyond - Return of the Joker	Batman Beyond - Return of the Joker (U) [C][!].gbc
GBC	Battle Tanx	Battle Tanx (U) [C][!].gbc
GBC	Battleship	Battleship (U) [C][!].gbc
GBC	Bear in the Big Blue House	Bear in the Big Blue House (U) (M7) [C][!].gbc
GBC	Beauty and the Beast - A Board Game Adventure	Beauty and the Beast - A Board Game Adventure (U) [C][!].gbc
GBC	Billy Bob's Huntin' 'n' Fishin'	Billy Bob's Huntin' 'n' Fishin' (U) [C][!].gbc
GBC	Bionic Commando - Elite Forces	Bionic Commando - Elite Forces (U) [C][!].gbc
GBC	Black Bass - Lure Fishing	Black Bass - Lure Fishing (U) [C][!].gbc
GBC	Blade	Blade (U) [C][!].gbc
GBC	Blaster Master - Enemy Below	Blaster Master - Enemy Below (U) [C][!].gbc
GBC	Blue's Clues - Blue's Alphabet Book	Blue's Clues - Blue's Alphabet Book (U) [C][!].gbc
GBC	Boarder Zone	Boarder Zone (U) [C][!].gbc
GBC	Bob the Builder - Fix It Fun!	Bob the Builder - Fix It Fun! (U) [C][!].gbc
GBC	Bomberman Max	Bomberman Max - Blue Champion (U) [C][!].gbc
GBC	Bomberman Quest	Bomberman Quest (U) [C][!].gbc
GBC	Bubble Bobble	Bubble Bobble (U) [C][!].gbc
GBC	Buffy the Vampire Slayer	Buffy the Vampire Slayer (U) [C][!].gbc
GBC	Bug's Life, A	Bug's Life, A (U) [C][!].gbc
GBC	Bugs Bunny & Lola Bunny - Carrot Crazy	Bugs Bunny & Lola Bunny - Carrot Crazy (U) (M3) [C][!].gbc
GBC	Bugs Bunny - Crazy Castle 3	Bugs Bunny - Crazy Castle 3 (U) [C][!].gbc
GBC	Bugs Bunny - Crazy Castle 4	Bugs Bunny - Crazy Castle 4 (U) [C][!].gbc
GBC	Bust-A-Move 4	Bust-A-Move 4 (UE) [C][!].gbc
GBC	Bust-A-Move Millennium	Bust-A-Move Millennium (U) [C][!].gbc
GBC	Buzz Lightyear of Star Command	Buzz Lightyear of Star Command (U) [C][!].gbc
GBC	Caesars Palace II	Caesars Palace II (U) [C][!].gbc
GBC	Cannon Fodder	Cannon Fodder (U) (M5) [C][!].gbc
GBC	Carl Lewis Athletics 2000	Carl Lewis Athletics 2000 (U) (M6) [C][!].gbc
GBC	Carmageddon	Carmageddon (UE) (M4) [C][!].gbc
GBC	Casper	Casper (U) [C][!].gbc
GBC	Caterpillar Construction Zone	Caterpillar Construction Zone (U) [C][!].gbc
GBC	Catwoman	Catwoman (U) [C][!].gbc
GBC	Centipede	Centipede (U) [C][!].gbc
GBC	Championship Motocross 2001 featuring Ricky Carmichael	Championship Motocross 2001 featuring Ricky Carmichael (U) [C][!].gbc
GBC	Chase H.Q. - Secret Police	Chase H.Q. - Secret Police (U) (Metro 3D re-release) [C][!].gbc
GBC	Chessmaster, The	Chessmaster, The (U) [C][!].gbc
GBC	Chicken Run	Chicken Run (U) (M5) [C][!].gbc
GBC	Colin McRae Rally	Colin McRae Rally (E) [C][!].gbc
GBC	Commander Keen	Commander Keen (U) [C][!].gbc
GBC	Conker's Pocket Tales	Conker's Pocket Tales (UE) (M3) [C][!].gbc
GBC	Cool Bricks	Cool Bricks (E) (M5) [C][!].gbc
GBC	Croc	Croc (UE) [C][!].gbc
GBC	Croc 2	Croc 2 (U) [C][!].gbc
GBC	Cruis'n Exotica	Cruis'n Exotica (U) [C][!].gbc
GBC	Crystalis	Crystalis (U) [C][!].gbc
GBC	Cubix - Robots For Everyone - Race 'N Robots	Cubix - Robots For Everyone - Race 'N Robots (U) (M5) [C][!].gbc
GBC	Cyber Tiger	Cyber Tiger (U) [C][!].gbc
GBC	Daffy Duck - Fowl Play	Daffy Duck - Fowl Play (U) [C][!].gbc
GBC	Daikatana	Daikatana (E) (M3) (Eng-Fre-Ita) [C][!].gbc
GBC	Dave Mirra Freestyle BMX	Dave Mirra Freestyle BMX (UE) [C][!].gbc
GBC	David Beckham Soccer	David Beckham Soccer (E) (M5) [C][!].gbc
GBC	Deer Hunter	Deer Hunter (U) [C][!].gbc
GBC	Deja Vu I & II	Deja Vu I & II (U) [C][!].gbc
GBC	Denki Blocks!	Denki Blocks! (E) (M5) [C][!].gbc
GBC	Dexter's Laboratory - Robot Rampage	Dexter's Laboratory - Robot Rampage (U) [C][!].gbc
GBC	Dinosaur	Dinosaur (U) [C][!].gbc
GBC	Dinosaur'us	Dinosaur'us (U) (M6) [C][!].gbc
GBC	Diva Starz - Mall Mania	Diva Starz - Mall Mania (U) [C][!].gbc
GBC	Donald Duck - Quack Attack	Donald Duck - Goin' Quackers (U) (M5) [C][!].gbc
GBC	Donkey Kong Country	Donkey Kong Country (UE) (M5) [C][!].gbc
GBC	Doug's Big Game	Doug's Big Game (U) [C][!].gbc
GBC	Dracula - Crazy Vampire	Dracula - Crazy Vampire (U) [C][!].gbc
GBC	Dragon Ball Z - Legendary Super Warriors	Dragon Ball Z - Legendary Super Warriors (U) [C][!].gbc
GBC	Dragon Dance	Dragon Dance (U) [C][!].gbc
GBC	Dragon Tales - Dragon Adventures	Dragon Tales - Dragon Adventures (U) [C][!].gbc
GBC	Dragon Tales - Dragon Wings	Dragon Tales - Dragon Wings (U) [C][!].gbc
GBC	Dragon Warrior I & II	Dragon Warrior I & II (U) [C][!].gbc
GBC	Dragon Warrior III	Dragon Warrior III (U) [C][!].gbc
GBC	Dragon Warrior Monsters	Dragon Warrior Monsters (U) [C][!].gbc
GBC	Dragon Warrior Monsters 2	Dragon Warrior Monsters 2 - Cobi's Journey (U) [C][!].gbc
GBC	Dragon's Lair	Dragon's Lair (U) (M6) [C][!].gbc
GBC	Driver - You Are The Wheelman	Driver - You Are The Wheelman (U) (M5) [C][!].gbc
GBC	Dropzone	Dropzone (U) [C][!].gbc
GBC	Duke Nukem	Duke Nukem (U) (M5) [C][!].gbc
GBC	Dukes of Hazzard, The - Racing for Home	Dukes of Hazzard, The - Racing for Home (U) [C][!].gbc
GBC	E.T. The Extra Terrestrial - Digital Companion	E.T. The Extra Terrestrial - Digital Companion (U) [C][!].gbc
GBC	E.T. The Extra Terrestrial - Escape from Planet Earth	E.T. The Extra Terrestrial - Escape from Planet Earth (U) [C][!].gbc
GBC	E.T. The Extra Terrestrial and the Cosmic Garden	E.T. The Extra Terrestrial and the Cosmic Garden (E) (M6) [C][!].gbc
GBC	Earthworm Jim - Menace 2 the Galaxy	Earthworm Jim - Menace 2 the Galaxy (U) [C][!].gbc
GBC	ECW Hardcore Revolution	ECW Hardcore Revolution (U) [C][!].gbc
GBC	Elmo in Grouchland	Elmo in Grouchland (U) [C][!].gbc
GBC	Elmo's 123s	Elmo's 123s (U) [C][!].gbc
GBC	Elmo's ABCs	Elmo's ABCs (U) [C][!].gbc
GBC	Emperor's New Groove, The	Emperor's New Groove, The (U) [C][!].gbc
GBC	ESPN International Track & Field	ESPN International Track & Field (U) [C][!].gbc
GBC	ESPN National Hockey Night	ESPN National Hockey Night (U) [C][!].gbc
GBC	Evel Knievel	Evel Knievel (U) [C][!].gbc
GBC	Extreme Ghostbusters	Extreme Ghostbusters (E) (M6) [C][!].gbc
GBC	Extreme Sports with The Berenstain Bears	Extreme Sports with The Berenstain Bears (U) (M5) [C][!].gbc
GBC	F-1 Racing Championship	F-1 Racing Championship (E) (M5) (Beta) [C][!].gbc
GBC	F-1 World Grand Prix II	F-1 World Grand Prix II (U) (M4) [C][!].gbc
GBC	F.A. Premier League Stars 2001, The	F.A. Premier League Stars 2001, The (U) [C][!].gbc
GBC	F1 Championship Season 2000	F1 Championship Season 2000 (E) (M5) [C][!].gbc
GBC	FIFA 2000	FIFA 2000 (U) [C][!].gbc
GBC	Fish Files, The	Fish Files, The (E) (M5) [C].gbc
GBC	Fix & Foxi - Episode 1 Lupo	Fix & Foxi - Episode 1 Lupo (E) (M3) [C][!].gbc
GBC	Flintstones, The - Burgertime in Bedrock	Flintstones, The - Burgertime in Bedrock (U) [C][!].gbc
GBC	Flipper & Lopaka	Flipper & Lopaka (E) (M10) [C][!].gbc
GBC	Force 21	Force 21 (U) (M3) [C][!].gbc
GBC	Formula One 2000	Formula One 2000 (U) [C][!].gbc
GBC	Fort Boyard	Fort Boyard (E) (M7) [C][!].gbc
GBC	FREME Tuner	FREME Tuner (U) [C].gbc
GBC	Frogger	Frogger (U) (V1.0) [C][!].gbc
GBC	Frogger 2	Frogger 2 (U) [C][!].gbc
GBC	Full Time Soccer	Full Time Soccer (Unl) [C][!].gbc
GBC	Galaga - Destination Earth	Galaga - Destination Earth (U) [C][!].gbc
GBC	Game & Watch Gallery 2	Game & Watch Gallery 2 (UE) [C][!].gbc
GBC	Game & Watch Gallery 3	Game & Watch Gallery 3 (UE) [C][!].gbc
GBC	Gex - Enter the Gecko	Gex - Enter the Gecko (U) [C][!].gbc
GBC	Gex 3 - Deep Cover Gecko	Gex 3 - Deep Cover Gecko (U) [C][!].gbc
GBC	Ghosts 'N Goblins	Ghosts 'N Goblins (U) [C][!].gbc
GBC	Gift	Gift (Demo Version) (E) [C][!].gbc
GBC	Gobs of Games	Gobs of Games (U) (M3) [C][!].gbc
GBC	Godzilla - The Series	Godzilla - The Series - Monster Wars (U) (M3) [C][!].gbc
GBC	Gold and Glory - The Road to El Dorado	Gold and Glory - The Road to El Dorado (U) [C][!].gbc
GBC	Grand Theft Auto	Grand Theft Auto (U) [C][!].gbc
GBC	Grand Theft Auto 2	Grand Theft Auto 2 (U) [C][!].gbc
GBC	Gremlins Unleashed	Gremlins Unleashed (E) (M6) (Beta) [C][!].gbc
GBC	Grinch, The	Grinch, The (U) [C][!].gbc
GBC	Halloween Racer	Halloween Racer (E) (M6) [C][!].gbc
GBC	Hamtaro - Ham-Hams Unite!	Hamtaro - Ham-Hams Unite! (U) [C][!].gbc
GBC	Hands of Time	Hands of Time (UE) (M6) [C][!].gbc
GBC	Hang Time Basketball	Hang Time Basketball (Unl) [C][!].gbc
GBC	Harley-Davidson - Race Across America	Harley-Davidson - Race Across America (U) [C][!].gbc
GBC	Harry Potter and The Chamber of Secrets	Harry Potter and The Chamber of Secrets (UE) (M10) [C][!].gbc
GBC	Harry Potter and The Sorcerer's Stone	Harry Potter and The Sorcerer's Stone (UE) (M13) [C][!].gbc
GBC	Harvest Moon 2 GBC	Harvest Moon 2 GBC (U) [C][!].gbc
GBC	Harvest Moon 3 GBC	Harvest Moon 3 GBC (U) [C][!].gbc
GBC	Harvest Moon GB	Harvest Moon GB (U) [C][!].gbc
GBC	Hello Kitty's Cube Frenzy	Hello Kitty's Cube Frenzy (U) [C][!].gbc
GBC	Hercules - The Legendary Journeys	Hercules - The Legendary Journeys (U) (M6) [C][!].gbc
GBC	Heroes of Might and Magic	Heroes of Might and Magic (U) (M3) [C][!].gbc
GBC	Heroes of Might and Magic II	Heroes of Might and Magic II (U) (M3) [C][!].gbc
GBC	Hexcite - The Shapes of Victory	Hexcite - The Shapes of Victory (U) [C][!].gbc
GBC	Hole in One Golf	Hole in One Golf (U) [C][!].gbc
GBC	Hollywood Pinball	Hollywood Pinball (UE) (M4) [C][!].gbc
GBC	Hot Wheels - Stunt Track Driver	Hot Wheels - Stunt Track Driver (U) [C][!].gbc
GBC	Hoyle Card Games	Hoyle Card Games (U) [C][!].gbc
GBC	Hoyle Casino	Hoyle Casino (U) [C][!].gbc
GBC	Hugo - Black Diamond Fever	Hugo - Black Diamond Fever (E) (M11) [C][!].gbc
GBC	Hugo - The Evil Mirror	Hugo - The Evil Mirror (E) (M11) [C].gbc
GBC	Hype - The Time Quest	Hype - The Time Quest (E) (M8) [C][!].gbc
GBC	Indiana Jones and the Infernal Machine	Indiana Jones and the Infernal Machine (U) (M3) [C][!].gbc
GBC	Inspector Gadget - Operation Madkactus	Inspector Gadget - Operation Madkactus (U) [C][!].gbc
GBC	International Karate	International Karate (E) [C][!].gbc
GBC	International Rally	International Rally (U) [C][!].gbc
GBC	International Superstar Soccer '99	International Superstar Soccer '99 (U) [C][!].gbc
GBC	International Superstar Soccer 2000	International Superstar Soccer 2000 (U) [C][!].gbc
GBC	International Track & Field	International Track & Field (U) [C][!].gbc
GBC	Jeff Gordon XS Racing	Jeff Gordon XS Racing (U) [C][!].gbc
GBC	Jeremy McGrath Supercross 2000	Jeremy McGrath Supercross 2000 (U) [C][!].gbc
GBC	Jimmy White's Cueball	Jimmy White's Cueball (E) [C][!].gbc
GBC	Joust & Defender	Joust & Defender (U) [C][!].gbc
GBC	JumpStart Dino Adventure - Field Trip	JumpStart Dino Adventure - Field Trip (U) [C].gbc
GBC	Jungle Book, The - Mowgli's Wild Adventure	Jungle Book, The - Mowgli's Wild Adventure (U) (M5) [C][!].gbc
GBC	Jurassic Boy 2	Jurassic Boy 2 (E) [C][!].gbc
GBC	Karate Joe	Karate Joe (Unl) [C][!].gbc
GBC	Keep the Balance	Keep the Balance (E) (M5) [C][!].gbc
GBC	Kelly Club - Clubhouse Fun	Kelly Club - Clubhouse Fun (U) [C][!].gbc
GBC	Ken Griffey Jr.'s Slugfest	Ken Griffey Jr.'s Slugfest (U) [C][!].gbc
GBC	Kirby's Tilt 'n' Tumble	Kirby's Tilt 'n' Tumble (U) [C][!].gbc
GBC	Kirikou	Kirikou (E) (M6) [C][!].gbc
GBC	Klax	Klax (U) [C][!].gbc
GBC	Klustar	Klustar (U) [C][!].gbc
GBC	Knockout Kings	Knockout Kings (UE) [C][!].gbc
GBC	Konami GB Collection Vol.1	Konami GB Collection Vol.1 (E) [C][!].gbc
GBC	Konami GB Collection Vol.2	Konami GB Collection Vol.2 (E) [C][!].gbc
GBC	Konami GB Collection Vol.3	Konami GB Collection Vol.3 (E) [C][!].gbc
GBC	Konami GB Collection Vol.4	Konami GB Collection Vol.4 (E) [C][!].gbc
GBC	Land Before Time, The	Land Before Time, The (U) [C][!].gbc
GBC	Las Vegas Cool Hand	Las Vegas Cool Hand (U) [C][!].gbc
GBC	Laura	Laura (U) [C][!].gbc
GBC	Legend of the River King 2	Legend of the River King 2 (U) [C][!].gbc
GBC	Legend of the River King GB	Legend of the River King GB (U) [C][!].gbc
GBC	Legend of Zelda, The - Link's Awakening	Legend of Zelda, The - Link's Awakening DX (U) (V1.0) [C][!].gbc
GBC	Legend of Zelda, The - Oracles	Legend of Zelda, The - Oracle of Ages (U) [C][!].gbc
GBC	LEGO Alpha Team	LEGO Alpha Team (U) [C][!].gbc
GBC	LEGO Island 2 - The Brickster's Revenge	LEGO Island 2 - The Brickster's Revenge (U) (M3) [C][!].gbc
GBC	LEGO Racers	LEGO Racers (U) (M3) [C][!].gbc
GBC	LEGO Stunt Rally	LEGO Stunt Rally (U) [C][!].gbc
GBC	Lemmings & Oh No! More Lemmings	Lemmings & Oh No! More Lemmings (U) [C][!].gbc
GBC	Les Aventures De TinTin - Le Temple du Soleil	Les Aventures De TinTin - Le Temple du Soleil (E) (M3) [C][!].gbc
GBC	Lil' Monster	Lil' Monster (U) [C][!].gbc
GBC	Lion King, The - Simba's Mighty Adventure	Lion King, The - Simba's Mighty Adventure (U) [C][!].gbc
GBC	Little Mermaid II, The - Pinball Frenzy	Little Mermaid II, The - Pinball Frenzy (U) (M5) [C][!].gbc
GBC	Little Nicky	Little Nicky (U) [C][!].gbc
GBC	Logical	Logical (U) (Sunsoft) [C][!].gbc
GBC	Looney Tunes	Looney Tunes (U) [C][!].gbc
GBC	Looney Tunes Collector - Alert!	Looney Tunes Collector - Alert! (U) (M3) [C][!].gbc
GBC	Looney Tunes Racing	Looney Tunes Racing (U) (M6) [C][!].gbc
GBC	Lucky Luke	Lucky Luke (U) (M4) [C][!].gbc
GBC	Lucky Luke - Desperado Train	Lucky Luke - Desperado Train (E) (M6) [C][!].gbc
GBC	Lufia - The Legend Returns	Lufia - The Legend Returns (U) [C][!].gbc
GBC	M&M's Minis Madness	M&M's Minis Madness (U) [C][!].gbc
GBC	Madden NFL 2000	Madden NFL 2000 (U) [C][!].gbc
GBC	Madden NFL 2001	Madden NFL 2001 (U) [C][!].gbc
GBC	Madden NFL 2002	Madden NFL 2002 (U) [C][!].gbc
GBC	Magi Nation	Magi Nation (U) [C][!].gbc
GBC	Magical Drop	Magical Drop (U) [C][!].gbc
GBC	Magical Tetris Challenge	Magical Tetris Challenge (U) [C][!].gbc
GBC	Marble Madness	Marble Madness (U) [C][!].gbc
GBC	Mario Golf	Mario Golf (U) [C][!].gbc
GBC	Mario Tennis	Mario Tennis (U) [C][!].gbc
GBC	Marvin Strikes Back!	Looney Tunes Collector - Martian Revenge! (E) (M6) [C][!].gbc
GBC	Mary-Kate & Ashley - Crush Course	Mary-Kate & Ashley - Crush Course (U) [C][!].gbc
GBC	Mary-Kate & Ashley - Get a Clue!	Mary-Kate & Ashley - Get a Clue! (U) [C][!].gbc
GBC	Mary-Kate & Ashley - Pocket Planner	Mary-Kate & Ashley - Pocket Planner (U) [C][!].gbc
GBC	Mary-Kate & Ashley - Winners Circle	Mary-Kate & Ashley - Winners Circle (U) [C][!].gbc
GBC	Mask of Zorro, The	Mask of Zorro, The (U) [C][!].gbc
GBC	Mat Hoffman's Pro BMX	Mat Hoffman's Pro BMX (U) [C][!].gbc
GBC	Matchbox - Emergency Patrol	Matchbox - Emergency Patrol (U) [C][!].gbc
GBC	Maus, Die	Maus, Die (E) (M4) [C][!].gbc
GBC	Maya the Bee & Her Friends	Maya the Bee & Her Friends (E) (M3) [C][!].gbc
GBC	Maya the Bee - Garden Adventures	Maya the Bee - Garden Adventures (E) (M4) [C][!].gbc
GBC	Megaman Xtreme	Megaman Xtreme (U) [C][!].gbc
GBC	Megaman Xtreme 2	Megaman Xtreme 2 (U) [C][!].gbc
GBC	Men In Black - The Series	Men In Black - The Series (U) [C][!].gbc
GBC	Men In Black 2 - The Series	Men In Black 2 - The Series (U) (M3) [C][!].gbc
GBC	Merlin	Merlin (E) (M6) [C][!].gbc
GBC	Metal Gear Solid	Metal Gear Solid (U) [C][!].gbc
GBC	Metal Walker	Metal Walker (U) [C][!].gbc
GBC	Mia Hamm Soccer Shootout	Mia Hamm Soccer Shootout (U) [C][!].gbc
GBC	Mickey's Racing Adventure	Mickey's Racing Adventure (U) (M5) [C][!].gbc
GBC	Mickey's Speedway USA	Mickey's Speedway USA (U) (M4) [C][!].gbc
GBC	Micro Machines 1 and 2 - Twin Turbo	Micro Machines 1 and 2 - Twin Turbo (U) [C][!].gbc
GBC	Micro Machines V3	Micro Machines V3 (U) [C][!].gbc
GBC	Micro Maniacs	Micro Maniacs (E) [C][!].gbc
GBC	Microsoft Entertainment Pack	Microsoft Entertainment Pack (U) [C][!].gbc
GBC	Microsoft Pinball Arcade	Microsoft Pinball Arcade (U) [C][!].gbc
GBC	Microsoft Puzzle Collection	Microsoft Puzzle Collection (E) (M5) [C][!].gbc
GBC	Millenium Winter Sports	Millenium Winter Sports (U) [C][!].gbc
GBC	Missile Command	Missile Command (U) [C][!].gbc
GBC	Mission Impossible	Mission Impossible (U) (M3) [C][!].gbc
GBC	Monkey Puncher	Monkey Puncher (E) [C][!].gbc
GBC	Monopoly	Monopoly (U) [C][!].gbc
GBC	Monster Rancher Battle Card GB	Monster Rancher Battle Card GB (U) [C][!].gbc
GBC	Monster Rancher Explorer	Monster Rancher Explorer (U) [C][!].gbc
GBC	Monsters, Inc.	Monsters, Inc. (U) [C][!].gbc
GBC	Moomin's Tale	Moomin's Tale (U) (M3) [C][!].gbc
GBC	Moon Patrol & Spy Hunter	Moon Patrol & Spy Hunter (U) [C][!].gbc
GBC	Moorhen 3 - The Chicken Chase!	Moorhen 3 - The Chicken Chase! (E) (M5) [C].gbc
GBC	Mortal Kombat 4	Mortal Kombat 4 (U) [C][!].gbc
GBC	Motocross Maniacs 2	Motocross Maniacs 2 (U) [C][!].gbc
GBC	Mr Nutz	Mr Nutz (U) (M3) [C][!].gbc
GBC	Mr. Driller	Mr. Driller (U) [C][!].gbc
GBC	Ms. Pac-Man Special Color Edition	Ms. Pac-Man Special Color Edition (U) [C][!].gbc
GBC	MTV Sports - Pure Ride	MTV Sports - Pure Ride (U) [C][!].gbc
GBC	MTV Sports - Skateboarding featuring Andy MacDonald	MTV Sports - Skateboarding featuring Andy MacDonald (U) [C][!].gbc
GBC	MTV Sports - T.J. Lavin's Ultimate BMX	MTV Sports - T.J. Lavin's Ultimate BMX (U) [C][!].gbc
GBC	Mummy Returns, The	Mummy Returns, The (U) [C][!].gbc
GBC	Mummy, The	Mummy, The (U) [C][!].gbc
GBC	Muppets, The	Muppets, The (U) [C][!].gbc
GBC	NASCAR 2000	NASCAR 2000 (E) [C][!].gbc
GBC	NASCAR Challenge	NASCAR Challenge (U) [C][!].gbc
GBC	NASCAR Heat	NASCAR Heat (U) [C][!].gbc
GBC	NASCAR Racers	NASCAR Racers (U) [C][!].gbc
GBC	Nations, The - Land of Legends	Nations, The - Land of Legends (E) (M2) [C][!].gbc
GBC	NBA 3 on 3 featuring Kobe Bryant	NBA 3 on 3 featuring Kobe Bryant (U) [C][!].gbc
GBC	NBA Hoopz	NBA Hoopz (U) [C][!].gbc
GBC	NBA In The Zone	NBA In The Zone (U) [C][!].gbc
GBC	NBA In The Zone 2000	NBA In The Zone 2000 (U) [C][!].gbc
GBC	NBA Jam '99	NBA Jam '99 (UE) [C][!].gbc
GBC	NBA Jam 2001	NBA Jam 2001 (U) [C][!].gbc
GBC	NBA Showtime - NBA on NBC	NBA Showtime - NBA on NBC (U) [C][!].gbc
GBC	New Addams Family Series, The	New Addams Family Series, The (E) (M6) [C].gbc
GBC	New Adventures of Mary-Kate & Ashley, The	New Adventures of Mary-Kate & Ashley, The (U) [C][!].gbc
GBC	New Batman Adventures, The - Chaos in Gotham	New Batman Adventures, The - Chaos in Gotham (U) [C][!].gbc
GBC	NFL Blitz	NFL Blitz (U) (V1.0) [C][!].gbc
GBC	NFL Blitz 2000	NFL Blitz 2000 (U) [C][!].gbc
GBC	NFL Blitz 2001	NFL Blitz 2001 (U) [C][!].gbc
GBC	NHL 2000	NHL 2000 (U) [C][!].gbc
GBC	NHL Blades of Steel	NHL Blades of Steel (U) [C][!].gbc
GBC	NHL Blades of Steel 2000	NHL Blades of Steel 2000 (U) [C][!].gbc
GBC	Nicktoons Racing	Nicktoons Racing (U) [C][!].gbc
GBC	No Fear - Downhill Mountain Biking	No Fear - Downhill Mountain Biking (E) [C][!].gbc
GBC	Noddy and the Birthday Party	Noddy and the Birthday Party (E) (M4) [C][!].gbc
GBC	NSYNC - Get to the Show	NSYNC - Get to the Show (U) [C][!].gbc
GBC	O'Leary Manager 2000	O'Leary Manager 2000 (E) (M7) [C][!].gbc
GBC	Oddworld Adventures II	Oddworld Adventures II (E) (M5) [C][!].gbc
GBC	Pac-Man Special Color Edition	Pac-Man Special Color Edition (U) [C][!].gbc
GBC	Painter	Painter (Unl) [C][!].gbc
GBC	Paperboy	Paperboy (U) [C][!].gbc
GBC	Papyrus	Papyrus (E) (M6) [C][!].gbc
GBC	Perfect Dark	Perfect Dark (U) (M5) [C][!].gbc
GBC	Pitfall - Beyond the Jungle	Pitfall - Beyond the Jungle (U) [C][!].gbc
GBC	Planet of the Apes	Planet of the Apes (U) (M6) [C][!].gbc
GBC	Player Manager 2001	Player Manager 2001 (E) (M2) [C][!].gbc
GBC	Pocket Bomberman	Pocket Bomberman (U) [C][!].gbc
GBC	Pocket Bowling	Pocket Bowling (U) [C][!].gbc
GBC	Pocket Music	Pocket Music (E) (M5) [C][!].gbc
GBC	Pocket Racing	Pocket Racing (E) [C][!].gbc
GBC	Pocket Smash Out	Pocket Smash Out (Unl) [C][!].gbc
GBC	Pocket Soccer	Pocket Soccer (U) (M6) [C][!].gbc
GBC	Pokemon - Crystal Version	Pokemon - Crystal Version (UE) (V1.0) [C][!].gbc
GBC	Pokemon - Gold Version	Pokemon - Gold Version (UE) [C][!].gbc
GBC	Pokemon - Silver Version	Pokemon - Silver Version (UE) [C][!].gbc
GBC	Pokemon - Yellow Version	Pokemon - Yellow Version (UE) [C][!].gbc
GBC	Pokemon Pinball	Pokemon Pinball (U) [C][!].gbc
GBC	Pokemon Puzzle Challenge	Pokemon Puzzle Challenge (U) [C][!].gbc
GBC	Pokemon Trading Card Game	Pokemon Trading Card Game (U) [C][!].gbc
GBC	Polaris SnoCross	Polaris SnoCross (U) [C][!].gbc
GBC	Pong - The Next Level	Pong - The Next Level (U) [C][!].gbc
GBC	Pooh and Tigger's Hunny Safari	Pooh and Tigger's Hunny Safari (U) [C][!].gbc
GBC	Pop'n Music GB	Pop'n Music GB (J) [C][!].gbc
GBC	Portal Runner	Portal Runner (U) [C][!].gbc
GBC	Power Quest	Power Quest (U) (M6) [C][!].gbc
GBC	Power Rangers - Lightspeed Rescue	Power Rangers - Lightspeed Rescue (U) [C][!].gbc
GBC	Power Rangers - Time Force	Power Rangers - Time Force (U) [C][!].gbc
GBC	Power Spike - Pro Beach Volleyball	Power Spike - Pro Beach Volleyball (U) [C][!].gbc
GBC	Powerpuff Girls, The - Bad Mojo Jojo	Powerpuff Girls, The - Bad Mojo Jojo (U) (V1.0) [C][!].gbc
GBC	Powerpuff Girls, The - Battle Him	Powerpuff Girls, The - Battle Him (U) [C][!].gbc
GBC	Powerpuff Girls, The - Paint the Townsville Green	Powerpuff Girls, The - Paint the Townsville Green (U) (V1.0) [C][!].gbc
GBC	Prince Naseem Boxing	Prince Naseem Boxing (E) (M3) [C][!].gbc
GBC	Prince of Persia	Prince of Persia (E) (M5) [C][!].gbc
GBC	Pro Darts	Pro Darts (U) [C][!].gbc
GBC	Pro Pool	Pro Pool (U) (M3) [C][!].gbc
GBC	Project S-11	Project S-11 (U) [C][!].gbc
GBC	Puchi Carat	Puchi Carat (E) [C][!].gbc
GBC	Puzzle Master	Puzzle Master (U) [C][!].gbc
GBC	Puzzled	Puzzled (U) [C][!].gbc
GBC	Q-bert	Q-bert (U) [C][!].gbc
GBC	Qix Adventure	Qix Adventure (E) [C][!].gbc
GBC	Quest - Fantasy Challenge	Quest - Fantasy Challenge (U) [C][!].gbc
GBC	Quest for Camelot	Quest for Camelot (U) (M3) [C][!].gbc
GBC	Quest RPG - Brian's Journey	Quest RPG - Brian's Journey (U) [C][!].gbc
GBC	R-Type DX	R-Type DX (U) [C][!].gbc
GBC	Race Time	Race Time (Unl) [C][!].gbc
GBC	Rainbow Islands	Rainbow Islands (E) (M5) [C][!].gbc
GBC	Rampage - World Tour	Rampage - World Tour (U) [C][!].gbc
GBC	Rampage 2 - Universal Tour	Rampage 2 - Universal Tour (U) [C][!].gbc
GBC	Rampart	Rampart (U) [C][!].gbc
GBC	Rats!	Rats! (U) (M2) [C][!].gbc
GBC	Rayman	Rayman (U) (M6) [C][!].gbc
GBC	Rayman 2 - The Great Escape	Rayman 2 - The Great Escape (U) (M5) [C][!].gbc
GBC	Razor Freestyle Scooter	Razor Freestyle Scooter (U) [C][!].gbc
GBC	Ready 2 Rumble Boxing	Ready 2 Rumble Boxing (U) [C][!].gbc
GBC	Rescue Heroes - Fire Frenzy	Rescue Heroes - Fire Frenzy (U) [C][!].gbc
GBC	Resident Evil Gaiden	Resident Evil Gaiden (U) [C][!].gbc
GBC	Return of the Ninja	Return of the Ninja (U) [C][!].gbc
GBC	Revelations - The Demon Slayer	Revelations - The Demon Slayer (U) [C][!].gbc
GBC	Rhino Rumble	Rhino Rumble (U) [C][!].gbc
GBC	Rip-Tide Racer	Rip-Tide Racer (E) (M5) [C][!].gbc
GBC	Road Champs - BXS Stunt Biking	Road Champs - BXS Stunt Biking (U) [C][!].gbc
GBC	Road Rash	Road Rash (U) [C][!].gbc
GBC	Roadsters Trophy	Roadsters Trophy (U) (M6) [C][!].gbc
GBC	Robin Hood	Robin Hood (E) (M6) [C][!].gbc
GBC	Robopon	Robopon - Sun Version (U) [C][!].gbc
GBC	Robot Wars - Metal Mayhem	Robot Wars - Metal Mayhem (E) (M6) [C][!].gbc
GBC	Rocket Power - Gettin' Air	Rocket Power - Gettin' Air (U) [C][!].gbc
GBC	Rocky Mountain Trophy Hunter	Rocky Mountain Trophy Hunter (U) [C][!].gbc
GBC	Roland Garros French Open	Roland Garros French Open (E) (M6) [C][!].gbc
GBC	Ronaldo V.Soccer	Ronaldo V.Soccer (U) (M4) [C][!].gbc
GBC	Roswell Conspiracies - Aliens, Myths & Legends	Roswell Conspiracies - Aliens, Myths & Legends (U) (M3) [C][!].gbc
GBC	Rox	Rox (E) [C][!].gbc
GBC	Rugrats - Time Travelers	Rugrats - Time Travelers (U) [C][!].gbc
GBC	Rugrats - Totally Angelica	Rugrats - Totally Angelica (U) [C][!].gbc
GBC	Rugrats in Paris - The Movie	Rugrats in Paris - The Movie (U) [C][!].gbc
GBC	Rugrats Movie, The	Rugrats Movie, The (U) [C][!].gbc
GBC	Sabrina - The Animated Series - Spooked!	Sabrina - The Animated Series - Spooked! (U) [C][!].gbc
GBC	Sabrina - The Animated Series - Zapped!	Sabrina - The Animated Series - Zapped! (U) [C][!].gbc
GBC	San Francisco Rush 2049	San Francisco Rush 2049 (U) [C][!].gbc
GBC	Santa Claus Junior	Santa Claus Junior (E) [C][!].gbc
GBC	Scooby-Doo! - Classic Creep Capers	Scooby-Doo! - Classic Creep Capers (U) [C][!].gbc
GBC	Scrabble	Scrabble (E) [C][!].gbc
GBC	Sesame Street Sports	Sesame Street Sports (U) [C].gbc
GBC	Sgt. Rock - On The Front Line	Sgt. Rock - On The Front Line (U) [C][!].gbc
GBC	Shadowgate Classic	Shadowgate Classic (E) (V1.0) (M5) [C][!].gbc
GBC	Shamus	Shamus (U) [C][!].gbc
GBC	Shanghai Pocket	Shanghai Pocket (U) (V1.0) [C][!].gbc
GBC	Shantae	Shantae (U) [C][!].gbc
GBC	Shaun Palmer's Pro Snowboarder	Shaun Palmer's Pro Snowboarder (U) [C][!].gbc
GBC	Shrek - Fairy Tale Freakdown	Shrek - Fairy Tale Freakdown (U) (M6) [C][!].gbc
GBC	Simpsons, The - Night of the Living Treehouse of Horror	Simpsons, The - Night of the Living Treehouse of Horror (U) [C][!].gbc
GBC	Smurfs 3, The	Smurfs Nightmare, The (U) [C][!].gbc
GBC	Snoopy Tennis	Snoopy Tennis (U) (M3) [C][!].gbc
GBC	Snow White and the Seven Dwarfs	Snow White and the Seven Dwarfs (E) (M9) [C][!].gbc
GBC	Soccer Manager	Soccer Manager (E) (M4) [C][!].gbc
GBC	Space Invaders [C]	Space Invaders (U) [C][!].gbc
GBC	Space Invasion	Space Invasion (Unl) [C][!].gbc
GBC	Space Marauder	Space Marauder (U) [C][!].gbc
GBC	Spacestation Silicon Valley	Spacestation Silicon Valley (E) (M7) [C][!].gbc
GBC	Spawn	Spawn (U) [C][!].gbc
GBC	Speedy Gonzales - Aztec Adventure	Speedy Gonzales - Aztec Adventure (U) [C][!].gbc
GBC	Spider-Man	Spider-Man (U) [C][!].gbc
GBC	Spider-Man 2 - The Sinister Six	Spider-Man 2 - The Sinister Six (U) [C][!].gbc
GBC	Spirou - La Panique Mecanique	Spirou - La Panique Mecanique (E) (M7) [C][!].gbc
GBC	SpongeBob SquarePants - Legend of the Lost Spatula	SpongeBob SquarePants - Legend of the Lost Spatula (U) [C][!].gbc
GBC	Spy vs. Spy	Spy vs. Spy (U) [C][!].gbc
GBC	Star Wars Episode I - Obi-Wan's Adventures	Star Wars Episode I - Obi-Wan's Adventures (U) [C][!].gbc
GBC	Star Wars Episode I - Racer	Star Wars Episode I - Racer (UE) [C][!].gbc
GBC	Street Fighter Alpha - Warriors' Dreams	Street Fighter Alpha - Warriors' Dreams (U) [C][!].gbc
GBC	Stuart Little - The Journey Home	Stuart Little - The Journey Home (U) [C][!].gbc
GBC	Super Breakout!	Super Breakout! (U) [C][!].gbc
GBC	Super Mario Bros. Deluxe	Super Mario Bros. Deluxe (U) (V1.0) [C][!].gbc
GBC	Super SLG	Super SLG (Unl) [C].gbc
GBC	Supercross Freestyle	Supercross Freestyle (E) (M5) [C][!].gbc
GBC	Survival Kids	Survival Kids (U) [C][!].gbc
GBC	Suzuki Alstare Extreme Racing	Suzuki Alstare Extreme Racing (E) (M6) [C][!].gbc
GBC	SWIV	SWIV (E) (M5) [C][!].gbc
GBC	Tarzan	Tarzan (F) [C][!].gbc
GBC	Tazmanian Devil - Munching Madness	Tazmanian Devil - Munching Madness (U) (M5) [C][!].gbc
GBC	Tech Deck Skateboarding	Tech Deck Skateboarding (U) [C][!].gbc
GBC	Test Drive 2001	Test Drive 2001 (U) [C][!].gbc
GBC	Test Drive 6	Test Drive 6 (U) [C][!].gbc
GBC	Test Drive Cycles	Test Drive Cycles (U) [C][!].gbc
GBC	Test Drive Le Mans	Test Drive Le Mans (U) (M3) [C][!].gbc
GBC	Test Drive Off-Road 3	Test Drive Off-Road 3 (U) [C][!].gbc
GBC	Tetris DX	Tetris DX (JU) [C][!].gbc
GBC	Three Lions	Three Lions (U) (M7) [C][!].gbc
GBC	Thunder Blast Man	Thunder Blast Man (J) [C][!].gbc
GBC	Thunderbirds	Thunderbirds (E) (M5) [C][!].gbc
GBC	Tiger Woods PGA Tour 2000	Tiger Woods PGA Tour 2000 (U) [C][!].gbc
GBC	Tintin in Tibet	Tintin in Tibet (E) (M7) [C][!].gbc
GBC	Tiny Toon Adventures - Buster Saves the Day	Tiny Toon Adventures - Buster Saves the Day (U) [C][!].gbc
GBC	Tiny Toon Adventures - Dizzy's Candy Quest	Tiny Toon Adventures - Dizzy's Candy Quest (E) (M6) [C][!].gbc
GBC	Titus the Fox	Titus the Fox (U) [C][!].gbc
GBC	TNN Outdoors Fishing Champ	TNN Outdoors Fishing Champ (U) [C][!].gbc
GBC	TOCA Touring Car Championship	TOCA Touring Car Championship (U) [C][!].gbc
GBC	Toki Tori	Toki Tori (U) (M5) [C][!].gbc
GBC	Tom and Jerry	Tom and Jerry (U) [C][!].gbc
GBC	Tom and Jerry - Mouse Hunt	Tom and Jerry - Mouse Hunt (U) [C][!].gbc
GBC	Tom and Jerry in Mouse Attacks!	Tom and Jerry in Mouse Attacks! (U) [C][!].gbc
GBC	Tom Clancy's Rainbow Six	Tom Clancy's Rainbow Six (U) (M3) [C][!].gbc
GBC	Tomb Raider	Tomb Raider (UE) (M5) (Beta) [C][!].gbc
GBC	Tomb Raider - Curse of the Sword	Tomb Raider - Curse of the Sword (U) [C][!].gbc
GBC	Tonic Trouble	Tonic Trouble (E) (M6) [C][!].gbc
GBC	Tonka Construction Site	Tonka Construction Site (U) [C].gbc
GBC	Tonka Raceway	Tonka Raceway (U) (No Rumble) [C][!].gbc
GBC	Tony Hawk's Pro Skater	Tony Hawk's Pro Skater (U) [C][!].gbc
GBC	Tony Hawk's Pro Skater 2	Tony Hawk's Pro Skater 2 (U) [C][!].gbc
GBC	Tony Hawk's Pro Skater 3	Tony Hawk's Pro Skater 3 (U) [C][!].gbc
GBC	Toobin'	Toobin' (U) [C][!].gbc
GBC	Toonsylvania	Toonsylvania (U) [C][!].gbc
GBC	Tootuff	Tootuff (E) (M6) [C][!].gbc
GBC	Top Gear Pocket	Top Gear Pocket (U) [C][!].gbc
GBC	Top Gear Pocket 2	Top Gear Pocket 2 (U) [C][!].gbc
GBC	Top Gun - Fire Storm	Top Gun - Fire Storm (U) (M6) [C][!].gbc
GBC	Total Soccer 2000	Total Soccer 2000 (E) (M6) [C][!].gbc
GBC	Towers - Lord Baniff's Deceit	Towers - Lord Baniff's Deceit (U) [C][!].gbc
GBC	Toy Story 2	Toy Story 2 (U) [C][!].gbc
GBC	Toy Story Racer	Toy Story Racer (U) [C][!].gbc
GBC	Trick Boarder	Trick Boarder (U) [C][!].gbc
GBC	Triple Play 2001	Triple Play 2001 (U) [C][!].gbc
GBC	Trouballs	Trouballs (U) [C][!].gbc
GBC	Turok - Rage Wars	Turok - Rage Wars (UE) (M4) [C][!].gbc
GBC	Turok 2 - Seeds of Evil	Turok 2 - Seeds of Evil (U) (M4) [C][!].gbc
GBC	Turok 3 - Shadow of Oblivion	Turok 3 - Shadow of Oblivion (UE) (M4) [C][!].gbc
GBC	Tweenies - Doodles' Bones	Tweenies - Doodles' Bones (E) (M4) [C][!].gbc
GBC	Tweety's High-Flying Adventure	Tweety's High-Flying Adventure (E) (M3) (Eng-Fre-Ger) [C][!].gbc
GBC	Tyco RC - Racin' Ratz	Tyco RC - Racin' Ratz (U) [C][!].gbc
GBC	Ultimate Fighting Championship	Ultimate Fighting Championship (U) [C][!].gbc
GBC	Ultimate Paint Ball	Ultimate Paint Ball (U) [C][!].gbc
GBC	Ultimate Surfing	Ultimate Surfing (U) [C][!].gbc
GBC	Uno	Uno (U) [C][!].gbc
GBC	V-Rally - Championship Edition	V-Rally - Championship Edition (U) (M3) [C][!].gbc
GBC	Vegas Games	Vegas Games (U) [C][!].gbc
GBC	Vigilante 8	Vigilante 8 (U) [C][!].gbc
GBC	VIP	VIP (E) (M5) [C][!].gbc
GBC	Wacky Races	Wacky Races (U) (M3) [C][!].gbc
GBC	Walt Disney World Quest - Magical Racing Tour	Walt Disney World Quest - Magical Racing Tour (U) [C][!].gbc
GBC	Wario Land 3	Wario Land 3 (JU) (M2) [C][!].gbc
GBC	Wario Land II	Wario Land II (U) [C][!].gbc
GBC	Warlocked	Warlocked (U) [C][!].gbc
GBC	Warriors of Might and Magic	Warriors of Might and Magic (U) (M3) [C][!].gbc
GBC	WCW Mayhem	WCW Mayhem (U) [C][!].gbc
GBC	Wendy - Every Witch Way	Wendy - Every Witch Way (U) [C][!].gbc
GBC	Wetrix GB	Wetrix GB (E) [C][!].gbc
GBC	Who Wants to Be a Millionaire - 2nd Edition	Who Wants to Be a Millionaire - 2nd Edition (U) [C][!].gbc
GBC	Wild Thornberrys, The - Rambler	Wild Thornberrys, The - Rambler (U) [C][!].gbc
GBC	Wings of Fury	Wings of Fury (U) [C][!].gbc
GBC	Winnie the Pooh - Adventures in the 100 Acre Wood	Winnie the Pooh - Adventures in the 100 Acre Wood (U) [C][!].gbc
GBC	Woody Woodpecker	Woody Woodpecker (U) [C][!].gbc
GBC	Woody Woodpecker Racing	Woody Woodpecker Racing (U) [C][!].gbc
GBC	World Destruction League - Thunder Tanks	World Destruction League - Thunder Tanks (U) (M3) [C][!].gbc
GBC	Worms Armageddon	Worms Armageddon (U) (M3) [C][!].gbc
GBC	WWF Attitude	WWF Attitude (U) [C][!].gbc
GBC	WWF Betrayal	WWF Betrayal (U) [C][!].gbc
GBC	WWF WrestleMania 2000	WWF WrestleMania 2000 (U) [C][!].gbc
GBC	X-Men - Mutant Academy	X-Men - Mutant Academy (U) [C][!].gbc
GBC	X-Men - Mutant Wars	X-Men - Mutant Wars (U) [C][!].gbc
GBC	X-Men - Wolverine's Rage	X-Men - Wolverine's Rage (U) [C][!].gbc
GBC	Xena - Warrior Princess	Xena - Warrior Princess (U) (M6) [C][!].gbc
GBC	Xtreme Sports	Xtreme Sports (U) [C][!].gbc
GBC	Xtreme Wheels	Xtreme Wheels (U) [C][!].gbc
GBC	Yars' Revenge - The Quotile Ultimatum	Yars' Revenge - The Quotile Ultimatum (U) [C][!].gbc
GBC	Yoda Stories	Yoda Stories (U) [C][!].gbc
GBC	Yogi Bear - Great Balloon Blast	Yogi Bear - Great Balloon Blast (U) [C][!].gbc
GBC	Your Virtual Petz Palz	Catz - Your Virtual Petz Palz (U) [C][!].gbc
GBC	Yu-Gi-Oh! Dark Duel Stories	Yu-Gi-Oh! Dark Duel Stories (U) [C][!].gbc
GBC	Zebco Fishing!	Zebco Fishing! (U) [C][!].gbc
GBC	Zidane Football Generation	Zidane Football Generation (E) (M5) [C][!].gbc
GBC	Zoboomafoo - Playtime In Zobooland	Zoboomafoo - Playtime In Zobooland (U) [C][!].gbc
GEN	3 Ninjas Kick Back	3 Ninjas Kick Back (U) [!].bin
GEN	688 Attack Sub	688 Attack Sub (UE) [!].bin
GEN	A Ressha de Gyoukou MD	A Ressha de Gyoukou MD (J) [!].bin
GEN	AAAHH!!! Real Monsters	AAAHH!!! Real Monsters (UE) [!].bin
GEN	Aah! Harimanada	Aah! Harimanada (J) [!].bin
GEN	Action 52	Action 52 (Unl) [!].bin
GEN	Addams Family Values	Addams Family Values (E) (M3) [!].bin
GEN	Addams Family, The	Addams Family, The (UE) [!].bin
GEN	Advanced Daisenryaku	Advanced Daisenryaku (J) (REV01) [T+Eng95%_NebelwurferHQ].bin
GEN	Adventures of Batman and Robin, The	Adventures of Batman and Robin, The (U) [!].bin
GEN	Adventures of Mighty Max, The	Adventures of Mighty Max, The (U) [!].bin
GEN	Aero the Acro-Bat	Aero the Acro-Bat (U) [c][!].bin
GEN	Aero the Acro-Bat 2	Aero the Acro-Bat 2 (U) [!].bin
GEN	Aerobiz	Aerobiz (U) [!].bin
GEN	Aerobiz Supersonic	Aerobiz Supersonic (U) [!].bin
GEN	After Burner II	After Burner II (UE) [!].bin
GEN	Air Buster	Air Buster (U) [c][!].bin
GEN	Air Diver	Air Diver (U) [!].bin
GEN	Aladdin II	Aladdin II (Unl).bin
GEN	Alex Kidd in the Enchanted Castle	Alex Kidd in the Enchanted Castle (U) (REV01) [!].bin
GEN	Alien 3	Alien 3 (UE) (REV00) [!].bin
GEN	Alien Soldier	Alien Soldier (E) [!].bin
GEN	Alien Storm	Alien Storm (W) [!].bin
GEN	Alisia Dragoon	Alisia Dragoon (U) [!].bin
GEN	Altered Beast	Altered Beast (W) (REV02) [!].bin
GEN	American Gladiators	American Gladiators (U) [!].bin
GEN	Andre Agassi Tennis	Andre Agassi Tennis (U) (REV00) [!].bin
GEN	Animaniacs	Animaniacs (U) [!].bin
GEN	Anime Land	Anime Land (J).bin
GEN	Arcade Classics	Arcade Classics (U) [!].bin
GEN	Arch Rivals	Arch Rivals (UE) [!].bin
GEN	Arcus Odyssey	Arcus Odyssey (U) [!].bin
GEN	Ariel - The Little Mermaid	Ariel - The Little Mermaid (UE) [!].bin
GEN	Arnold Palmer Tournament Golf	Arnold Palmer Tournament Golf (UE) [!].bin
GEN	Arrow Flash	Arrow Flash (UE) [!].bin
GEN	Art Alive!	Art Alive! (W) [!].bin
GEN	Art of Fighting	Art of Fighting (U) [!].bin
GEN	Asterix and the Great Rescue	Asterix and the Great Rescue (U) [!].bin
GEN	Asterix and the Power of The Gods	Asterix and the Power of The Gods (E) (M4) [!].bin
GEN	Atomic Robo-Kid	Atomic Robo-Kid (U) [c][!].bin
GEN	Atomic Runner	Atomic Runner (U) [!].bin
GEN	ATP Tour Championship Tennis	ATP Tour Championship Tennis (U) [!].bin
GEN	Aworg	Aworg (SN) (J) [!].bin
GEN	AWS Pro Moves Soccer	AWS Pro Moves Soccer (U) [!].bin
GEN	Ayrton Senna's Super Monaco GP II	Ayrton Senna's Super Monaco GP II (U) [!].bin
GEN	Baby's Day Out	Baby's Day Out (Beta 1).bin
GEN	Back to the Future Part III	Back to the Future Part III (U) [!].bin
GEN	Bahamut Senki	Bahamut Senki (J) [c][!].bin
GEN	Ball Jacks	Ball Jacks (JE) [c][!].bin
GEN	Ballz	Ballz (UE) [!].bin
GEN	Barbie Super Model	Barbie Super Model (U) [!].bin
GEN	Barbie Vacation Adventure	Barbie Vacation Adventure (Beta).bin
GEN	Barkley Shut Up and Jam!	Barkley Shut Up and Jam! (UE) [!].bin
GEN	Barkley Shut Up and Jam! 2	Barkley Shut Up and Jam! 2 (U) [!].bin
GEN	Barney's Hide & Seek Game	Barney's Hide & Seek Game (U) [!].bin
GEN	Bass Masters Classic Pro Edition	Bass Masters Classic Pro Edition (U) [!].bin
GEN	Batman	Batman (U) [!].bin
GEN	Batman - Revenge of the Joker	Batman - Revenge of the Joker (U) [!].bin
GEN	Batman Forever	Batman Forever (W) [!].bin
GEN	Batman Returns	Batman Returns (W) [!].bin
GEN	Battle Golfer Yui	Battle Golfer Yui (J) [c][!].bin
GEN	Battle Squadron	Battle Squadron (UE) [!].bin
GEN	Battlemaster	Battlemaster (U) [c][!].bin
GEN	Battletech	Battletech (U) [!].bin
GEN	Battletoads	Battletoads (W) [!].bin
GEN	Battletoads and Double Dragon	Battletoads and Double Dragon (U) [c][!].bin
GEN	Beast Ball	Beast Ball (Prototype).bin
GEN	Beast Wrestler	Beast Wrestler (U) [!].bin
GEN	Beauty and the Beast - Belle's Quest	Beauty and the Beast - Belle's Quest (U) [!].bin
GEN	Beauty and the Beast - Roar of the Beast	Beauty and the Beast - Roar of the Beast (U) [!].bin
GEN	Beavis and Butt-head	Beavis and Butt-head (U) [!].bin
GEN	Best of the Best - Championship Karate	Best of the Best - Championship Karate (U) [c][!].bin
GEN	Beyond Oasis	Beyond Oasis (U) [!].bin
GEN	Bill Walsh College Football	Bill Walsh College Football (UE) [c][!].bin
GEN	Bill Walsh College Football '95	Bill Walsh College Football '95 (U) [!].bin
GEN	Bimini Run	Bimini Run (U) (REV02) [!].bin
GEN	Bio-Hazard Battle	Bio-Hazard Battle (UE) [!].bin
GEN	Bishoujo Senshi Sailor Moon	Bishoujo Senshi Sailor Moon (J) [!].bin
GEN	Blades of Vengeance	Blades of Vengeance (UE) [!].bin
GEN	Blaster Master 2	Blaster Master 2 (U) [c][!].bin
GEN	Block Out	Block Out (W) (REV01) [!].bin
GEN	Blue Almanac	Star Odyssey (W).bin
GEN	Body Count	Body Count (E) (M5) [!].bin
GEN	Bomber	Bomber (R).bin
GEN	Bomboy	Bomboy (unl).bin
GEN	Bonanza Bros.	Bonanza Bros. (U) [!].bin
GEN	Boogerman	Boogerman (U) [!].bin
GEN	Boxing Legends of the Ring	Boxing Legends of the Ring (U) [!].bin
GEN	Bram Stoker's Dracula	Bram Stoker's Dracula (U) [!].bin
GEN	Brett Hull Hockey '95	Brett Hull Hockey '95 (U) [!].bin
GEN	Brian Lara Cricket	Brian Lara Cricket (E) [c][!].bin
GEN	Brian Lara Cricket 96	Brian Lara Cricket 96 (E) [c][!].bin
GEN	Brutal - Paws of Fury	Brutal - Paws of Fury (U) [!].bin
GEN	Bubba N Stix	Bubba N Stix (U) [!].bin
GEN	Bubble and Squeak	Bubble and Squeak (U) [!].bin
GEN	Bubsy II	Bubsy II (UE) [!].bin
GEN	Bubsy in Claws Encounters of the Furred Kind	Bubsy in Claws Encounters of the Furred Kind (UE) [!].bin
GEN	Buck Rogers - Countdown to Doomsday	Buck Rogers - Countdown to Doomsday (UE) [!].bin
GEN	Budokan - The Martial Spirit	Budokan - The Martial Spirit (U) [c][!].bin
GEN	Bug's Life, A	Bug's Life, A (Unl) [!].bin
GEN	Bugs Bunny in Double Trouble	Bugs Bunny in Double Trouble (U) [!].bin
GEN	Bulls vs Blazers and the NBA Playoffs	Bulls vs Blazers and the NBA Playoffs (UE) [!].bin
GEN	Bulls vs Lakers and the NBA Playoffs	Bulls vs Lakers and the NBA Playoffs (UE) [!].bin
GEN	Burning Force	Burning Force (U) [!].bin
GEN	Cadash	Cadash (JU) [c][!].bin
GEN	Caesars Palace	Caesars Palace (U) [!].bin
GEN	California Games	California Games (UE) [!].bin
GEN	Cannon Fodder	Cannon Fodder (E) [!].bin
GEN	Captain America and the Avengers	Captain America and the Avengers (U) [!].bin
GEN	Captain Planet and the Planeteers	Captain Planet and the Planeteers (E) [!].bin
GEN	Castle of Illusion Starring Mickey Mouse	Castle of Illusion Starring Mickey Mouse (UE) [!].bin
GEN	Castlevania - Bloodlines	Castlevania - Bloodlines (U) [!].bin
GEN	Centurion - Defender of Rome	Centurion - Defender of Rome (UE) [!].bin
GEN	Chakan - The Forever Man	Chakan - The Forever Man (UE) [!].bin
GEN	Champions World Class Soccer	Champions World Class Soccer (W) (M4) [!].bin
GEN	Championship Bowling	Championship Bowling (U) [!].bin
GEN	Championship Pool	Championship Pool (U) [!].bin
GEN	Championship Pro-Am	Championship Pro-Am (U) [c][!].bin
GEN	Cheese Cat-Astrophe Starring Speedy Gonzales	Cheese Cat-Astrophe Starring Speedy Gonzales (E) (M4) [!].bin
GEN	Chess	Chess (Unl) [!].bin
GEN	Chester Cheetah	Chester Cheetah (U) [c][!].bin
GEN	Chester Cheetah 2 - Wild Wild Quest	Chester Cheetah 2 - Wild Wild Quest (U) [!].bin
GEN	Chi Chi's Pro Challenge	Chi Chi's Pro Challenge (U) [!].bin
GEN	Chibi Maruko-Chan - Wakuwaku Shopping	Chibi Maruko-Chan - Wakuwaku Shopping (J) [c][!].bin
GEN	Chiki Chiki Boys	Chiki Chiki Boys (UE) [!].bin
GEN	Chou Yakyuu Miracle Nine	Chou Yakyuu Miracle Nine (J) [!].bin
GEN	Chuck II - Son of Chuck	Chuck II - Son of Chuck (U) [!].bin
GEN	Chuck Rock	Chuck Rock (U) [c][!].bin
GEN	Classic Collection	Classic Collection (UE) [!].bin
GEN	Clay Fighter	Clay Fighter (U) [!].bin
GEN	Cliffhanger	Cliffhanger (U) [c][!].bin
GEN	Clue	Clue (U) [!].bin
GEN	Coach K College Basketball	Coach K College Basketball (U) [!].bin
GEN	College Football USA 96	College Football USA 96 (U) [!].bin
GEN	College Football USA 97 - The Road to New Orleans	College Football USA 97 - The Road to New Orleans (U) [!].bin
GEN	College Football's National Championship	College Football's National Championship (U) [!].bin
GEN	College Slam	College Slam (U) [!].bin
GEN	Columns	Columns (W) (REV00) [!].bin
GEN	Columns III - Revenge of Columns	Columns III - Revenge of Columns (U) [!].bin
GEN	Combat Cars	Combat Cars (UE) [!].bin
GEN	Comix Zone	Comix Zone (U) [!].bin
GEN	Contra - Hard Corps	Contra - Hard Corps (U) [!].bin
GEN	Cool Spot	Cool Spot (U) [!].bin
GEN	Cosmic Spacehead	Cosmic Spacehead (UE) (M4) [c][!].bin
GEN	Crack Down	Crack Down (U) [!].bin
GEN	Crayon Shin-Chan - Arashi o Yobu Sono Ko	Crayon Shin-Chan - Arashi o Yobu Sono Ko (J) [!].bin
GEN	CrossFire	CrossFire (U) [c][!].bin
GEN	Crue Ball	Crue Ball (UE) [!].bin
GEN	Crusader of Centy	Crusader of Centy (U) [!].bin
GEN	Crystal's Pony Tale	Crystal's Pony Tale (U) [!].bin
GEN	Cutthroat Island	Cutthroat Island (UE) [!].bin
GEN	Cuty Suzuki no Ringside Angel	Cuty Suzuki no Ringside Angel (J) [!].bin
GEN	Cyber-Cop	Cyber-Cop (U) [c][!].bin
GEN	CyberBall	CyberBall (W) [!].bin
GEN	Cyborg Justice	Cyborg Justice (W) [!].bin
GEN	D&D - Warriors of the Eternal Sun	D&D - Warriors of the Eternal Sun (UE) [!].bin
GEN	Daffy Duck in Hollywood	Daffy Duck in Hollywood (E) (M5) [!].bin
GEN	Dangerous Seed	Dangerous Seed (J) [!].bin
GEN	Dark Castle	Dark Castle (UE) [!].bin
GEN	Darwin 4081	Darwin 4081 (J) [!].bin
GEN	Dashin' Desperadoes	Dashin' Desperadoes (U) [!].bin
GEN	David Crane's Amazing Tennis	David Crane's Amazing Tennis (U) [!].bin
GEN	David Robinson's Supreme Court	David Robinson's Supreme Court (U) [!].bin
GEN	Davis Cup World Tour Tennis	Davis Cup World Tour Tennis (UE) [!].bin
GEN	Daze Before Christmas, The	Daze Before Christmas, The (E) [!].bin
GEN	Deadly Moves	Deadly Moves (U) [!].bin
GEN	Death and Return of Superman, The	Death and Return of Superman, The (U) [!].bin
GEN	Death Duel	Death Duel (U) [!].bin
GEN	Decap Attack	Decap Attack (UE) [!].bin
GEN	Demolition Man	Demolition Man (UE) [!].bin
GEN	Desert Strike - Return to the Gulf	Desert Strike - Return to the Gulf (UE) [!].bin
GEN	Devilish - The Next Possession	Devilish - The Next Possession (U) [c][!].bin
GEN	Dick Tracy	Dick Tracy (W) [c][!].bin
GEN	Dick Vitale's Awesome Baby! College Hoops	Dick Vitale's Awesome Baby! College Hoops (U) [!].bin
GEN	Dino Dini's Soccer	Dino Dini's Soccer (E).bin
GEN	Dino Land	Dino Land (U) [!].bin
GEN	Dinosaurs for Hire	Dinosaurs for Hire (U) [!].bin
GEN	Disney's Aladdin	Disney's Aladdin (U) [!].bin
GEN	Divine Sealing	Divine Sealing (Unl) [!].bin
GEN	DJ Boy	DJ Boy (U) [!].bin
GEN	Donald in Maui Mallard	Donald in Maui Mallard (E) [!].bin
GEN	Doraemon - Yume Dorobouto 7 Nin no Gozansu	Doraemon - Yume Dorobouto 7 Nin no Gozansu (J) [!].bin
GEN	Double Clutch	Double Clutch (E) [c][!].bin
GEN	Double Dragon	Double Dragon (U) [!].bin
GEN	Double Dragon 2 - The Revenge	Double Dragon 2 - The Revenge (J) [!].bin
GEN	Double Dragon 3 - The Rosetta Stone	Double Dragon 3 - The Rosetta Stone (UE) [!].bin
GEN	Double Dragon V - The Shadow Falls	Double Dragon V - The Shadow Falls (U) [!].bin
GEN	Double Dribble - The Playoff Edition	Double Dribble - The Playoff Edition (U) [!].bin
GEN	Dragon - The Bruce Lee Story	Dragon - The Bruce Lee Story (U) [!].bin
GEN	Dragon Ball Z - Buyuu Retsuden	Dragon Ball Z - L'Appel du Destin (F) [T+Eng95%_DBZGameTran].bin
GEN	Dragon's Eye - Shanghai 3	Dragon's Eye - Shanghai 3 (J) [!].bin
GEN	Dragon's Fury	Dragon's Fury (UE) [!].bin
GEN	Dragon's Lair	Assassin's Creed (R).bin
GEN	Dragon's Revenge	Dragon's Revenge (UE) [!].bin
GEN	Dune - The Battle for Arrakis	Dune - The Battle for Arrakis (U) [!].bin
GEN	Dyna Brothers	Dyna Brothers (J) (REV01).bin
GEN	Dyna Brothers 2	Dyna Brothers 2 (J) [!].bin
GEN	Dynamite Duke	Dynamite Duke (W) [!].bin
GEN	Dynamite Headdy	Dynamite Headdy (UE) [c][!].bin
GEN	EA Sports Double Header	EA Sports Double Header (E) [!].bin
GEN	Earnest Evans	Earnest Evans (U) [!].bin
GEN	Earth Defend, The	Earth Defend, The (Unl) [!].bin
GEN	Earthworm Jim	Earthworm Jim (U) [!].bin
GEN	Earthworm Jim 2	Earthworm Jim 2 (U) [!].bin
GEN	ECCO - The Tides of Time	ECCO - The Tides of Time (U) [!].bin
GEN	ECCO Jr.	ECCO Jr. (UA) (REV00) [!].bin
GEN	ECCO The Dolphin	ECCO The Dolphin (UE) [!].bin
GEN	Elemental Master	Elemental Master (U) [!].bin
GEN	Eliminate Down	Star Wars (R) [!].bin
GEN	Escape From Mars Starring Taz	Escape From Mars Starring Taz (U) [!].bin
GEN	ESPN Baseball Tonight	ESPN Baseball Tonight (U) [!].bin
GEN	ESPN National Hockey Night	ESPN National Hockey Night (U) [c][!].bin
GEN	ESPN SpeedWorld	ESPN SpeedWorld (U) [c][!].bin
GEN	ESPN Sunday Night NFL	ESPN Sunday Night NFL (U) [!].bin
GEN	ESWAT Cyber Police - City Under Siege	ESWAT Cyber Police - City Under Siege (U) [!].bin
GEN	Eternal Champions	Eternal Champions (U) [!].bin
GEN	Evander Holyfield's Real Deal Boxing	Evander Holyfield's Real Deal Boxing (JU) [!].bin
GEN	Ex-Mutants	Ex-Mutants (U) [!].bin
GEN	Exile	Exile (U) [!].bin
GEN	Exo-Squad	Exo-Squad (U) [!].bin
GEN	F-117 Night Storm	F-117 Night Storm (UE) [!].bin
GEN	F-15 Strike Eagle II	F-15 Strike Eagle II (U) [!].bin
GEN	F-22 Interceptor	F-22 Interceptor (U) (Jun 1992) [c][!].bin
GEN	F1 Circus MD	F1 Circus MD (J) [!].bin
GEN	F1 World Championship	F1 World Championship (U) [!].bin
GEN	F1 World Championship Edition	F1 World Championship Edition (E) [!].bin
GEN	Faery Tale Adventure, The	Faery Tale Adventure, The (UE) [!].bin
GEN	Family Feud	Family Feud (U) [!].bin
GEN	Fantasia	Fantasia (JU) (REV01) [!].bin
GEN	Fantastic Dizzy	Fantastic Dizzy (UE) (M5) [c][!].bin
GEN	Fastest 1	Fastest 1 (J) [!].bin
GEN	Fatal Fury	Fatal Fury (U) [!].bin
GEN	Fatal Fury 2	Fatal Fury 2 (U) [c][!].bin
GEN	Fatal Labyrinth	Fatal Labyrinth (JU) [!].bin
GEN	Fatal Rewind	Fatal Rewind (UE) [!].bin
GEN	Ferrari Grand Prix Challenge	Ferrari Grand Prix Challenge (U) [!].bin
GEN	Fido Dido	Fido Dido (Unl).bin
GEN	FIFA International Soccer	FIFA International Soccer (UE) (M4) [!].bin
GEN	FIFA Soccer 95	FIFA Soccer 95 (UE) [!].bin
GEN	FIFA Soccer 96	FIFA Soccer 96 (UE) (M6) [!].bin
GEN	FIFA Soccer 97 Gold Edition	FIFA Soccer 97 Gold Edition (UE) (M6) [!].bin
GEN	Fighting Masters	Fighting Masters (U) [!].bin
GEN	Final Zone	Final Zone (JU) [!].bin
GEN	Fire Mustang	Fire Mustang (J) [c][!].bin
GEN	Fire Shark	Fire Shark (U) [!].bin
GEN	Flashback - The Quest for Identity	Flashback - The Quest for Identity (U) [!].bin
GEN	Flicky	Flicky (UE) [!].bin
GEN	Flintstones, The	Flintstones, The (U) [c][!].bin
GEN	Foreman For Real	Foreman For Real (W) [!].bin
GEN	Forgotten Worlds	Forgotten Worlds (W) (REV00) [!].bin
GEN	Frank Thomas Big Hurt Baseball	Frank Thomas Big Hurt Baseball (UE) [!].bin
GEN	Fun'N'Games	Fun'N'Games (U) [c][!].bin
GEN	Funny World & Balloon Boy	Funny World & Balloon Boy (Unl) [!].bin
GEN	Fushigi no Umi no Nadia	Fushigi no Umi no Nadia (J) [T+Eng1.1_KingMike].bin
GEN	G-LOC Air Battle	G-LOC Air Battle (W) [c][!].bin
GEN	Gadget Twins, The	Gadget Twins, The (U) [!].bin
GEN	Gaiares	Gaiares (JU) [!].bin
GEN	Gain Ground	Gain Ground (UE) [c][!].bin
GEN	Galaxy Force II	Galaxy Force II (W) (REV01) [!].bin
GEN	Gambler Jiko Chuushinha - Katayama Masayuki no Mahjong Doujou	Gambler Jiko Chuushinha - Katayama Masayuki no Mahjong Doujou (J) [!].bin
GEN	Gamtec Magicard	Gamtec Magicard (Unl) [!].bin
GEN	Garfield - Caught in the Act	Garfield - Caught in the Act (UE) [!].bin
GEN	Gargoyles	Gargoyles (U) [!].bin
GEN	Gauntlet 4	Gauntlet 4 (UE) (Aug 1993) [!].bin
GEN	GemFire	GemFire (U) [!].bin
GEN	General Chaos	General Chaos (UE) [!].bin
GEN	Generations Lost	Generations Lost (UE) [!].bin
GEN	Genesis 6-Pak	Genesis 6-Pak (U) [!].bin
GEN	Genghis Khan II - Clan of the Gray Wolf	Genghis Khan II - Clan of the Gray Wolf (U) [!].bin
GEN	George Foreman's KO Boxing	George Foreman's KO Boxing (U) [!].bin
GEN	Ghostbusters	Ghostbusters (W) (REV00) [!].bin
GEN	Ghouls 'N Ghosts	Ghouls 'N Ghosts (UE) (REV01) [!].bin
GEN	Gods	Gods (U) [!].bin
GEN	Golden Axe	Golden Axe (W) (REV00) [!].bin
GEN	Golden Axe II	Golden Axe II (W) [!].bin
GEN	Golden Axe III	Golden Axe III (E) (VC).bin
GEN	Goofy's Hysterical History Tour	Goofy's Hysterical History Tour (U) [!].bin
GEN	Granada	Granada (JU) (REV00) [!].bin
GEN	Great Circus Mystery, The - Starring Mickey & Minnie	Great Circus Mystery, The - Starring Mickey & Minnie (U) [!].bin
GEN	Great Waldo Search, The	Great Waldo Search, The (U) [!].bin
GEN	Greatest Heavyweights	Greatest Heavyweights (U) [!].bin
GEN	Greendog - The Beached Surfer Dude	Greendog - The Beached Surfer Dude (UE) [!].bin
GEN	GRIND Stormer	GRIND Stormer (U) [!].bin
GEN	Growl	Growl (U) [!].bin
GEN	Gunship	Gunship (E) [c][!].bin
GEN	Gunstar Heroes	Gunstar Heroes (U) [!].bin
GEN	Hard Drivin'	Hard Drivin' (W) [!].bin
GEN	HardBall '94	HardBall '94 (UE) [!].bin
GEN	HardBall '95	HardBall '95 (U) [!].bin
GEN	Haunting Starring Polterguy	Haunting Starring Polterguy (UE) [!].bin
GEN	Heavy Nova	Heavy Nova (U) [!].bin
GEN	Heavy Unit	Heavy Unit (J) [!].bin
GEN	Hellfire	Hellfire (U) [!].bin
GEN	Hercules 2	Hercules 2 (Unl).bin
GEN	Herzog Zwei	Herzog Zwei (UE) [!].bin
GEN	High Seas Havoc	High Seas Havoc (U) [!].bin
GEN	Hit The Ice	Hit The Ice (U) [c][!].bin
GEN	Home Alone	Home Alone (U) [!].bin
GEN	Home Alone 2 - Lost in New York	Home Alone 2 - Lost in New York (U) [!].bin
GEN	Honoo no Toukyuuji Dodge Danpei	Honoo no Toukyuuji Dodge Danpei (J) [!].bin
GEN	Hook	Hook (U) [c][!].bin
GEN	Humans, The	Humans, The (U) [!].bin
GEN	Hurricanes	Hurricanes (E) [!].bin
GEN	Hybrid Front, The	Hybrid Front, The (J) (Prototype) [!].bin
GEN	Hyokkori Hyoutanjima	Hyokkori Hyoutanjima (J) [c][!].bin
GEN	Hyper Marbles	Hyper Marbles (SN) (GNKO) (J) [!].bin
GEN	IMG International Tour Tennis	IMG International Tour Tennis (UE) [!].bin
GEN	Immortal, The	Immortal, The (UE) [!].bin
GEN	Incredible Crash Dummies, The	Incredible Crash Dummies, The (UE) [c][!].bin
GEN	Incredible Hulk, The	Incredible Hulk, The (UE) [!].bin
GEN	Indiana Jones and the Last Crusade	Indiana Jones and the Last Crusade (U) [c][!].bin
GEN	Insector X	Insector X (U) [!].bin
GEN	International Rugby	International Rugby (E) [c][!].bin
GEN	International Superstar Soccer Deluxe	International Superstar Soccer Deluxe (E) [!].bin
GEN	Iraq War 2003	Iraq War 2003 (R).bin
GEN	It Came From The Desert	It Came From The Desert (Beta).bin
GEN	Itchy and Scratchy Game, The	Itchy and Scratchy Game, The (Beta).bin
GEN	Izzy's Quest for the Olympic Rings	Izzy's Quest for the Olympic Rings (UE) [!].bin
GEN	Jack Nicklaus' Power Challenge Golf	Jack Nicklaus' Power Challenge Golf (UE) [!].bin
GEN	James Bond 007 - The Duel	James Bond 007 - The Duel (UE) [!].bin
GEN	James Buster Douglas Knock Out Boxing	James Buster Douglas Knock Out Boxing (UE) [c][!].bin
GEN	James Pond - Underwater Agent	James Pond - Underwater Agent (UE) [!].bin
GEN	James Pond 3 - Operation Starfish	James Pond 3 - Operation Starfish (UE) [!].bin
GEN	James Pond II - Codename RoboCod	James Pond II - Codename RoboCod (UE) [!].bin
GEN	Jammit	Jammit (U) [!].bin
GEN	Janou Touryumon	Janou Touryumon (J) [!].bin
GEN	Jantei Monogatari	Jantei Monogatari (J) [!].bin
GEN	Jelly Boy	Jelly Boy (Beta).bin
GEN	Jennifer Capriati Tennis	Jennifer Capriati Tennis (U) [!].bin
GEN	Jeopardy!	Jeopardy! (U) [c][!].bin
GEN	Jerry Glanville's Pigskin Footbrawl	Jerry Glanville's Pigskin Footbrawl (U) [!].bin
GEN	Jewel Master	Jewel Master (UE) [!].bin
GEN	Jimmy White's Whirlwind Snooker	Jimmy White's Whirlwind Snooker (E) [c][!].bin
GEN	Joe & Mac Caveman Ninja	Joe & Mac Caveman Ninja (U) [!].bin
GEN	Joe Montana Football	Joe Montana Football (JU) [!].bin
GEN	John Madden Football	John Madden Football (UE) [!].bin
GEN	John Madden Football '92	John Madden Football '92 (UE) [!].bin
GEN	John Madden Football '93	John Madden Football '93 (UE) [c][!].bin
GEN	John Madden NFL 94	John Madden NFL 94 (UE) [c][!].bin
GEN	Jordan vs Bird - Super One-on-One	Jordan vs Bird - Super One-on-One (UE) (REV00) [!].bin
GEN	Journey From Darkness - Strider Returns	Journey From Darkness - Strider Returns (U) [c][!].bin
GEN	Judge Dredd - The Movie	Judge Dredd - The Movie (W) [!].bin
GEN	Junction	Junction (JU) [!].bin
GEN	Jungle Book, The	Jungle Book, The (U) [!].bin
GEN	Jungle Strike	Jungle Strike (UE) [!].bin
GEN	Jurassic Park	Jurassic Park (U) [!].bin
GEN	Jurassic Park - Rampage Edition	Jurassic Park - Rampage Edition (UE) [!].bin
GEN	Jurassic Park 2 - The Lost World	Jurassic Park 2 - The Lost World (U) [!].bin
GEN	Justice League Task Force	Justice League Task Force (W) [!].bin
GEN	Ka-Ge-Ki - Fists of Steel	Ka-Ge-Ki - Fists of Steel (U) [!].bin
GEN	Kawasaki Superbike Challenge	Kawasaki Superbike Challenge (UE) [!].bin
GEN	Kick Off 3 - European Challenge	Kick Off 3 - European Challenge (E) [!].bin
GEN	Kid Chameleon	Kid Chameleon (UE) [!].bin
GEN	King of Fighters '98, The	King of Fighters '98, The (Unl) [!].bin
GEN	King of the Monsters	King of the Monsters (U) [!].bin
GEN	King of the Monsters 2	King of the Monsters 2 (U) [!].bin
GEN	King Salmon - The Big Catch	King Salmon - The Big Catch (U) [c][!].bin
GEN	King's Bounty	King's Bounty (UE) [!].bin
GEN	Kishi Densetsu	Kishi Densetsu (J) [T+Eng20%_Gaijin_Productions].bin
GEN	Klax	Klax (UE) [!].bin
GEN	Kolobok	Kolobok (R).bin
GEN	Krusty's Super Funhouse	Krusty's Super Funhouse (UE) (REV00) [!].bin
GEN	Kyuukai Douchuuki	Kyuukai Douchuuki (J) [c][!].bin
GEN	Lakers vs Celtics and the NBA Playoffs	Lakers vs Celtics and the NBA Playoffs (UE) [!].bin
GEN	Landstalker - The Treasures of King Nole	Landstalker - The Treasures of King Nole (U) [!].bin
GEN	Langrisser II	Langrisser II (J) (REV01) [T+Eng100%_HiryuuHonyaku,NoPrgress].bin
GEN	Last Action Hero	Last Action Hero (U) [!].bin
GEN	Last Battle	Last Battle (UE) [!].bin
GEN	Lawnmower Man, The	Lawnmower Man, The (UE) [!].bin
GEN	Legend of Galahad, The	Legend of Galahad, The (UE) [!].bin
GEN	Lemmings	Lemmings (JU) (REV00) [!].bin
GEN	Lemmings 2 - The Tribes	Lemmings 2 - The Tribes (U) [!].bin
GEN	Lethal Enforcers	Lethal Enforcers (U) [!].bin
GEN	Lethal Enforcers II - Gun Fighters	Lethal Enforcers II - Gun Fighters (U) [!].bin
GEN	LHX Attack Chopper	LHX Attack Chopper (UE) [!].bin
GEN	Liberty or Death	Liberty or Death (U) [!].bin
GEN	Light Crusader	Light Crusader (U) [!].bin
GEN	Lightening Force - Quest for the Darkstar	Lightening Force - Quest for the Darkstar (U) [c][!].bin
GEN	Lion King 3	Lion King 3 (R).bin
GEN	Lion King II, The	Lion King II, The (Unl) [!].bin
GEN	Lion King, The	Lion King, The (W) [!].bin
GEN	LOBO	LOBO (Prototype).bin
GEN	Lord Monarch	Lord Monarch (J) [!].bin
GEN	Lost Vikings, The	Lost Vikings, The (U) [!].bin
GEN	Lotus II RECS	Lotus II RECS (UE) [!].bin
GEN	Lotus Turbo Challenge	Lotus Turbo Challenge (UE) [!].bin
GEN	M-1 Abrams Battle Tank	M-1 Abrams Battle Tank (UE) (REV01) [!].bin
GEN	Madden NFL 95	Madden NFL 95 (UE) [!].bin
GEN	Madden NFL 96	Madden NFL 96 (UE) [!].bin
GEN	Madden NFL 97	Madden NFL 97 (UE) [!].bin
GEN	Madden NFL 98	Madden NFL 98 (U) [c][!].bin
GEN	Madou Monogatari I	Madou Monogatari I (J) [!].bin
GEN	Magic Bubble	Magic Bubble (Unl).bin
GEN	Magic School Bus, The	Magic School Bus, The (U) [!].bin
GEN	Magical Taruruuto-Kun	Magical Taruruuto-Kun (J) [!].bin
GEN	Mahjong Cop Ryuu - Shiro Ookami no Yabou	Mahjong Cop Ryuu - Shiro Ookami no Yabou (J) [!].bin
GEN	Marble Madness	Marble Madness (UE) [!].bin
GEN	Mario Andretti Racing	Mario Andretti Racing (UE) [!].bin
GEN	Mario Lemieux Hockey	Mario Lemieux Hockey (UE) [!].bin
GEN	Marko's Magic Football	Marko's Magic Football (U) [!].bin
GEN	Marsupilami	Marsupilami (U) (M5) [!].bin
GEN	Marvel Land	Marvel Land (U) [!].bin
GEN	Mary Shelley's Frankenstein	Mary Shelley's Frankenstein (U) [!].bin
GEN	Master of Monsters	Master of Monsters (U) [!].bin
GEN	Master of Weapon	Master of Weapon (J) [!].bin
GEN	Math Blaster - Episode 1	Math Blaster - Episode 1 (U) [!].bin
GEN	Mazin Saga	Mazin Saga (U) [!].bin
GEN	McDonald's Treasure Land Adventure	McDonald's Treasure Land Adventure (U) [!].bin
GEN	Mega Anser	Mega Anser (J) (REV01) [!].bin
GEN	Mega Bomberman	Mega Bomberman (UE) [!].bin
GEN	Mega Games 2	Mega Games 2 (E) [!].bin
GEN	Mega Games 3	Mega Games 3 (E) [!].bin
GEN	Mega Games 6	Mega Games 6 (Vol 1) (E) [!].bin
GEN	Mega Games I	Mega Games I (E) [!].bin
GEN	Mega SWIV	Mega SWIV (E) [p1][!].bin
GEN	Mega Turrican	Mega Turrican (U) [!].bin
GEN	Megaman - The Wily Wars	Megaman - The Wily Wars (E).bin
GEN	Megapanel	Megapanel (J) [c][!].bin
GEN	Mercs	Mercs (W) [!].bin
GEN	Metal Fangs	Metal Fangs (J) [c][!].bin
GEN	Michael Jackson's Moonwalker	Michael Jackson's Moonwalker (W) (REV00) [!].bin
GEN	Mick & Mack as the Global Gladiators	Mick & Mack as the Global Gladiators (U) [!].bin
GEN	Mickey Mania - Timeless Adventures of Mickey Mouse	Mickey Mania - Timeless Adventures of Mickey Mouse (U) [!].bin
GEN	Mickey's Ultimate Challenge	Mickey's Ultimate Challenge (U) [!].bin
GEN	Micro Machines	Micro Machines (UE) [a1][c][!].bin
GEN	Micro Machines 2 - Turbo Tournament	Micro Machines 2 - Turbo Tournament (E) (J-Cart) [c][!].bin
GEN	Midnight Resistance	Midnight Resistance (U) [!].bin
GEN	Mig-29 Fighter Pilot	Mig-29 Fighter Pilot (U) [!].bin
GEN	Might and Magic - Gates to Another World	Might and Magic - Gates to Another World (UE) (REV01) [!].bin
GEN	Mighty Morphin Power Rangers	Mighty Morphin Power Rangers (U) [!].bin
GEN	Mighty Morphin Power Rangers - The Fighting Edition	Mighty Morphin Power Rangers - The Fighting Edition (R).bin
GEN	Mighty Morphin Power Rangers - The Movie	Mighty Morphin Power Rangers - The Movie (U) [!].bin
GEN	Minnesota Fats Pool Legend	Minnesota Fats Pool Legend (U) [!].bin
GEN	MLBPA Baseball	MLBPA Baseball (U) [!].bin
GEN	Monopoly	Monopoly (U) [c][!].bin
GEN	Monster World IV	Monster World IV (U) (VC).bin
GEN	Mortal Kombat	Mortal Kombat (W) (REV00) [!].bin
GEN	Mortal Kombat 3	Mortal Kombat 3 (U) [!].bin
GEN	Mortal Kombat II	Mortal Kombat II (W) [!].bin
GEN	Muhammad Ali Heavyweight Boxing	Muhammad Ali Heavyweight Boxing (U) [c][!].bin
GEN	Mulan	Mulan (Unl) [!].bin
GEN	Mutant League Football	Mutant League Football (UE) [!].bin
GEN	Mutant League Hockey	Mutant League Hockey (UE) [!].bin
GEN	Mystic Defender	Mystic Defender (W) (REV00) [!].bin
GEN	Mystical Fighter	Mystical Fighter (U) [c][!].bin
GEN	NBA Action	NBA Action (U) [!].bin
GEN	NBA Action '95	NBA Action '95 (UE) [!].bin
GEN	NBA All-Star Challenge	NBA All-Star Challenge (UE) [!].bin
GEN	NBA Hang Time	NBA Hang Time (U) [!].bin
GEN	NBA Jam	NBA Jam (UE) (REV00) [!].bin
GEN	NBA Jam Tournament Edition	NBA Jam Tournament Edition (W) (REV00) [!].bin
GEN	NBA Live 95	NBA Live 95 (UE) [!].bin
GEN	NBA Live 96	NBA Live 96 (UE) [!].bin
GEN	NBA Live 97	NBA Live 97 (UE) [!].bin
GEN	NBA Live 98	NBA Live 98 (U) [!].bin
GEN	NBA Showdown 94	NBA Showdown 94 (UE) [!].bin
GEN	NCAA Final Four College Basketball	NCAA Final Four College Basketball (U) [!].bin
GEN	New 3D Golf Simulation Harukanaru Augusta	New 3D Golf Simulation Harukanaru Augusta (J) [!].bin
GEN	New Zealand Story, The	New Zealand Story, The (J) [!].bin
GEN	Newman-Haas IndyCar Racing	Newman-Haas IndyCar Racing (W) [!].bin
GEN	NFL 98	NFL 98 (U) [!].bin
GEN	NFL Football '94 Starring Joe Montana	NFL Football '94 Starring Joe Montana (U) [!].bin
GEN	NFL Prime Time	NFL Prime Time (U) [!].bin
GEN	NFL Quarterback Club	NFL Quarterback Club (W) [!].bin
GEN	NFL Quarterback Club 96	NFL Quarterback Club 96 (UE) [!].bin
GEN	NFL Sports Talk Football 2 Starring Joe Montana	NFL Sports Talk Football 2 Starring Joe Montana (W) (REV00) [!].bin
GEN	NFL Sports Talk Football Starring Joe Montana	NFL Sports Talk Football Starring Joe Montana (UE) [!].bin
GEN	NHK Taiga Drama Taiheiki	NHK Taiga Drama Taiheiki (J) [!].bin
GEN	NHL 94	NHL 94 (UE) [!].bin
GEN	NHL 95	NHL 95 (UE) [!].bin
GEN	NHL 96	NHL 96 (UE) [!].bin
GEN	NHL 97	NHL 97 (UE) [!].bin
GEN	NHL 98	NHL 98 (U) [c][!].bin
GEN	NHL Hockey	NHL Hockey (U) [!].bin
GEN	NHLPA Hockey '93	NHLPA Hockey '93 (UE) (REV01) [!].bin
GEN	Nigel Mansell's World Championship	Nigel Mansell's World Championship (U) [!].bin
GEN	Nightmare Circus	Nightmare Circus (B) [!].bin
GEN	Nikkan Sports Pro Yakyuu Van	Nikkan Sports Pro Yakyuu Van (J) [!].bin
GEN	Ninja Burai Densetsu	Ninja Burai Densetsu (J) [!].bin
GEN	Ninja Gaiden	Ninja Gaiden (Beta).bin
GEN	No Escape	No Escape (U) [!].bin
GEN	Nobunaga no Yabou - Bushou Fuuunsoku	Nobunaga no Yabou - Bushou Fuuunsoku (J) [!].bin
GEN	Nobunaga's Ambition	Nobunaga's Ambition (U) [!].bin
GEN	Normy's Beach Babe-O-Rama	Normy's Beach Babe-O-Rama (UE) [!].bin
GEN	Olympic Gold - Barcelona 92	Olympic Gold - Barcelona 92 (U) (M8) [a1][c][!].bin
GEN	Olympic Summer Games Atlanta 96	Olympic Summer Games Atlanta 96 (UE) [!].bin
GEN	Olympic Winter Games - Lillehammer 94	Olympic Winter Games - Lillehammer 94 (U) [c][!].bin
GEN	Ooze, The	Ooze, The (JU) [!].bin
GEN	Operation Europe - Path to Victory 1939-1945	Operation Europe - Path to Victory 1939-1945 (U) [!].bin
GEN	Ottifants, The	Ottifants, The (E) (M5) [!].bin
GEN	Out of this World	Out of this World (U) [!].bin
GEN	Outlander	Outlander (U) [!].bin
GEN	OutRun	OutRun (W) [!].bin
GEN	OutRun 2019	OutRun 2019 (U) [!].bin
GEN	OutRunners	OutRunners (U) [!].bin
GEN	Pac-Attack	Pac-Attack (U) [!].bin
GEN	Pac-Man 2 - The New Adventures	Pac-Man 2 - The New Adventures (U) [!].bin
GEN	Pac-Mania	Pac-Mania (U) [!].bin
GEN	Pachinko Canyon	Pachinko Canyon (J) [!].bin
GEN	Pagemaster, The	Pagemaster, The (U) [!].bin
GEN	Panorama Cotton	Panorama Cotton (J) [c][!].bin
GEN	Paperboy	Paperboy (UE) [!].bin
GEN	Paperboy II	Paperboy II (U) [!].bin
GEN	Pat Riley Basketball	Pat Riley Basketball (U) [!].bin
GEN	Pebble Beach Golf Links	Pebble Beach Golf Links (U) [!].bin
GEN	Pele!	Pele! (UE) [!].bin
GEN	Pele's World Tournament Soccer	Pele's World Tournament Soccer (UE) [!].bin
GEN	Pete Sampras Tennis	Pete Sampras Tennis (UE) (REV00) (J-Cart) [c][!].bin
GEN	Pete Sampras Tennis 96	Pete Sampras Tennis 96 (E) [c][!].bin
GEN	PGA European Tour	PGA European Tour (UE) [!].bin
GEN	PGA Tour 96	PGA Tour 96 (UE) [!].bin
GEN	PGA Tour Golf	PGA Tour Golf (UE) (REV01) [!].bin
GEN	PGA Tour Golf II	PGA Tour Golf II (UE) (REV00) [c][!].bin
GEN	PGA Tour Golf III	PGA Tour Golf III (UE) [!].bin
GEN	Phantasy Star - The End of the Millenium	Phantasy Star - The End of the Millenium (U) [!].bin
GEN	Phantasy Star II	Phantasy Star II (UE) (REV02) [!].bin
GEN	Phantasy Star III - Generations of Doom	Phantasy Star III - Generations of Doom (UE) [!].bin
GEN	Phantom 2040	Phantom 2040 (U) [!].bin
GEN	Phelios	Phelios (U) [c][!].bin
GEN	Pier Solar	Pier Solar (Unl) (Beta).bin
GEN	Pink Goes to Hollywood	Pink Goes to Hollywood (U) [!].bin
GEN	Pinocchio	Pinocchio (U) [!].bin
GEN	Pirates of Dark Water, The	Pirates of Dark Water, The (U) [!].bin
GEN	Pirates! Gold	Pirates! Gold (U) [!].bin
GEN	Pit Fighter	Pit Fighter (W) (Oct 1991) [!].bin
GEN	Pitfall - The Mayan Adventure	Pitfall - The Mayan Adventure (U) [!].bin
GEN	Pocahontas	Pocahontas (U) [!].bin
GEN	Pocket Monsters	Pocket Monsters (Unl) [!].bin
GEN	Pocket Monsters 2	Pocket Monsters 2 (Unl) [!].bin
GEN	Populous	Populous (U) [!].bin
GEN	Power Drive	Power Drive (E) (M5) [!].bin
GEN	Power Monger	Power Monger (UE) [!].bin
GEN	Powerball	Powerball (U) [c][!].bin
GEN	Predator 2	Predator 2 (UE) [!].bin
GEN	Premier Manager	Premier Manager (E) [!].bin
GEN	Premier Manager 97	Premier Manager 97 (E) [!].bin
GEN	Primal Rage	Primal Rage (UE) [!].bin
GEN	Prince of Persia	Prince of Persia (U) [!].bin
GEN	Pro Quarterback	Pro Quarterback (U) [c][!].bin
GEN	Psycho Pinball	Psycho Pinball (E) (Oct 1994) (M5) [c][!].bin
GEN	Puggsy	Puggsy (U) [!].bin
GEN	Pulseman	Pulseman (J) [T+Eng20070226_MIJET].bin
GEN	Punisher, The	Punisher, The (U) [!].bin
GEN	Puyo Puyo Tsu	Puyo Puyo Tsu (J) (REV00) [!].bin
GEN	Pyramid Magic	Pyramid Magic (SN) (GNKO) (J) [!].bin
GEN	Pyramid Magic II	Pyramid Magic II (SN) (J) [!].bin
GEN	Pyramid Magic III	Pyramid Magic III (SN) (J) [!].bin
GEN	Quack Shot Starring Donald Duck	Quack Shot Starring Donald Duck (W) (REV01) [a1][c][!].bin
GEN	Quad Challenge	Quad Challenge (U) [c][!].bin
GEN	Race Drivin'	Race Drivin' (U) [!].bin
GEN	Radical Rex	Radical Rex (U) [!].bin
GEN	Raiden Trad	Raiden Trad (JU) [!].bin
GEN	Rambo III	Rambo III (W) (REV00) [!].bin
GEN	Rampart	Rampart (U) [!].bin
GEN	Ranger-X	Ranger-X (U) [!].bin
GEN	Ransei no Hasha	Ransei no Hasha (J) [!].bin
GEN	Rastan Saga II	Rastan Saga II (U) [!].bin
GEN	Red Zone	Red Zone (UE) [!].bin
GEN	Ren and Stimpy Show, The - Stimpy's Invention	Ren and Stimpy Show, The - Stimpy's Invention (U) [!].bin
GEN	Rent A Hero	Rent A Hero (J) [T+Eng].bin
GEN	Resq	Resq (Beta).bin
GEN	Revenge of Shinobi, The	Revenge of Shinobi, The (W) (REV00) [!].bin
GEN	Revolution X	Revolution X (UE) [!].bin
GEN	Rings of Power	Rings of Power (UE) [!].bin
GEN	Rise of the Robots	Rise of the Robots (E) [!].bin
GEN	Risk	Risk (U) [!].bin
GEN	Risky Woods	Risky Woods (UE) [!].bin
GEN	Ristar	Ristar (UE) (Aug 1994) [!].bin
GEN	Road Blasters	Road Blasters (U) [!].bin
GEN	Road Rash	Road Rash (UE) [c][!].bin
GEN	Road Rash 3	Road Rash 3 (UE) [!].bin
GEN	Road Rash II	Road Rash II (UE) (REV02) [c][!].bin
GEN	Robocop 3	Robocop 3 (UE) [!].bin
GEN	Robocop Versus The Terminator	Robocop Versus The Terminator (U) [!].bin
GEN	Rock n' Roll Racing	Rock n' Roll Racing (U) [!].bin
GEN	Rocket Knight Adventures	Rocket Knight Adventures (U) [!].bin
GEN	Rockman X3	Rockman X3 (Unl) [!].bin
GEN	Rocky and Bullwinkle, The Adventures of	Rocky and Bullwinkle, The Adventures of (U) [!].bin
GEN	Roger Clemens' MVP Baseball	Roger Clemens' MVP Baseball (U) [!].bin
GEN	Rolling Thunder 2	Rolling Thunder 2 (U) [c][!].bin
GEN	Rolling Thunder 3	Rolling Thunder 3 (U) [c][!].bin
GEN	Rolo to the Rescue	Rolo to the Rescue (UE) [!].bin
GEN	Romance of the Three Kingdoms II	Romance of the Three Kingdoms II (U) [!].bin
GEN	Romance of the Three Kingdoms III	Romance of the Three Kingdoms III (U) [!].bin
GEN	Rugby World Cup 1995	Rugby World Cup 1995 (UE) (M3) [!].bin
GEN	Sagaia	Sagaia (U) [c][!].bin
GEN	Saint Sword	Saint Sword (U) [c][!].bin
GEN	Samurai Shodown	Samurai Shodown (U) [!].bin
GEN	San San	San San (J).bin
GEN	Sangokushi Retsuden - Ransei no Eiyuu Tachi	Sangokushi Retsuden - Ransei no Eiyuu Tachi (J) [!].bin
GEN	Saturday Night Slam Masters	Saturday Night Slam Masters (U) [!].bin
GEN	Scooby Doo Mystery	Scooby Doo Mystery (U) [!].bin
GEN	SeaQuest DSV	SeaQuest DSV (U) [!].bin
GEN	Second Samurai, The	Second Samurai, The (E).bin
GEN	Sega Sports 1	Sega Sports 1 (Wimbledon, Ult.Soccer, Super Monaco) (E) [!].bin
GEN	Sega Top 5	Sega Top 5 (B) [!].bin
GEN	Sensible Soccer	Sensible Soccer (E) (M4) [!].bin
GEN	Sesame Street Counting Cafe	Sesame Street Counting Cafe (U) [!].bin
GEN	Shadow Blasters	Shadow Blasters (U) [c][!].bin
GEN	Shadow Dancer - The Secret of Shinobi	Shadow Dancer - The Secret of Shinobi (W) [c][!].bin
GEN	Shadow of the Beast	Shadow of the Beast (UE) [!].bin
GEN	Shadow of the Beast 2	Shadow of the Beast 2 (UE) [!].bin
GEN	Shadowrun	Shadowrun (U) [!].bin
GEN	Shanghai 2 - Dragon's Eye	Shanghai 2 - Dragon's Eye (U) [!].bin
GEN	Shaq Fu	Shaq Fu (UE) [!].bin
GEN	Shining Force	Shining Force (U) [!].bin
GEN	Shining Force II	Shining Force II (U) [!].bin
GEN	Shining in the Darkness	Shining in the Darkness (UE) [!].bin
GEN	Shinobi III - Return of the Ninja Master	Shinobi III - Return of the Ninja Master (U) [!].bin
GEN	Ship	Ship by Technopop (Prototype (Unreleased)).bin
GEN	Shogi no Hoshi	Shogi no Hoshi (J) [!].bin
GEN	Show do Milhao Volume 2	Show do Milhao Volume 2 (B) [!].bin
GEN	Shura no Mon	Shura no Mon (J) [!].bin
GEN	Side Pocket	Side Pocket (JU) [!].bin
GEN	Simpsons, The - Bart's Nightmare	Simpsons, The - Bart's Nightmare (UE) (REV02) [!].bin
GEN	Skeleton Krew	Skeleton Krew (U) [!].bin
GEN	Skitchin'	Skitchin' (UE) [!].bin
GEN	Slap Fight	Slap Fight (J) [c][!].bin
GEN	Slaughter Sport	Slaughter Sport (U) [c][!].bin
GEN	Smurfs, The	Smurfs, The (E) (M5) [!].bin
GEN	Snake Rattle 'n' Roll	Snake Rattle 'n' Roll (E) [c][!].bin
GEN	Socket	Socket (U) [!].bin
GEN	Sol-Deace	Sol-Deace (U) [!].bin
GEN	Soldiers of Fortune	Soldiers of Fortune (U) [c][!].bin
GEN	Sonic 3D Blast	Sonic 3D Blast (UE) [!].bin
GEN	Sonic and Knuckles	Sonic and Knuckles & Sonic 1 (W) [!].bin
GEN	Sonic Classics	Sonic Classics (UE) (REV01) [!].bin
GEN	Sonic Eraser	Sonic Eraser (SN) (J) [T+Eng1.0_Derrick Sobodash].bin
GEN	Sonic Spinball	Sonic Spinball (U) [!].bin
GEN	Sonic The Hedgehog	Sonic The Hedgehog (W) (REV00) [!].bin
GEN	Sonic The Hedgehog 2	Sonic The Hedgehog 2 (W) (REV00) [!].bin
GEN	Sonic The Hedgehog 3	Sonic The Hedgehog 3 (U) [!].bin
GEN	Sorcerer's Kingdom	Sorcerer's Kingdom (U) (REV01) [!].bin
GEN	Sorcerian	Sorcerian (J) [T+Eng0.50_S.Seehorn,Hungdongs].bin
GEN	Space Harrier II	Space Harrier II (UE) [!].bin
GEN	Space Invaders 91	Space Invaders 91 (U) [c][!].bin
GEN	Sparkster	Sparkster (U) [!].bin
GEN	Speed Ball 2 - Brutal Deluxe	Speed Ball 2 - Brutal Deluxe (U) [c][!].bin
GEN	Spider-Man - The Animated Series	Spider-Man - The Animated Series (W) [!].bin
GEN	Spider-Man and the X-Men in Arcade's Revenge	Spider-Man and the X-Men in Arcade's Revenge (UE) [!].bin
GEN	Spirou	Spirou (E) (M4) [!].bin
GEN	Splatterhouse 2	Splatterhouse 2 (U) [c][!].bin
GEN	Splatterhouse 3	Splatterhouse 3 (U) [c][!].bin
GEN	Spot Goes to Hollywood	Spot Goes to Hollywood (U) (REV01) [!].bin
GEN	Squirrel King	Squirrel King (Unl) [!].bin
GEN	Star Cruiser	Star Cruiser (J) [!].bin
GEN	Star Trek - Deep Space 9 - Crossroads of Time	Star Trek - Deep Space 9 - Crossroads of Time (U) [!].bin
GEN	Star Trek - The Next Generation	Star Trek - The Next Generation (U) (REV00) [!].bin
GEN	Starflight	Starflight (UE) (REV00) [!].bin
GEN	Stargate	Stargate (UE) [!].bin
GEN	Steel Empire, The	Steel Empire, The (UE) [!].bin
GEN	Steel Talons	Steel Talons (UE) [!].bin
GEN	Stone Protectors	Stone Protectors (U) (Prototype).bin
GEN	Stormlord	Stormlord (U) [!].bin
GEN	Street Fighter II' - Special Champion Edition	Street Fighter II' - Special Champion Edition (U) [!].bin
GEN	Street Racer	Street Racer (E) [c][!].bin
GEN	Street Smart	Street Smart (JU) [!].bin
GEN	Streets of Rage	Streets of Rage (W) (REV00) [!].bin
GEN	Streets of Rage 2	Streets of Rage 2 (U) [!].bin
GEN	Streets of Rage 3	Streets of Rage 3 (U) [!].bin
GEN	Strider	Strider (UE) [!].bin
GEN	Striker	Striker (E) (M5) [!].bin
GEN	Sub-Terrania	Sub-Terrania (U) [!].bin
GEN	Sunset Riders	Sunset Riders (U) [!].bin
GEN	Super Baseball 2020	Super Baseball 2020 (UE) [!].bin
GEN	Super Battle Tank - War in the Gulf	Super Battle Tank - War in the Gulf (U) [!].bin
GEN	Super Bubble Bobble MD	Super Bubble Bobble MD (Unl) [!].bin
GEN	Super Daisenryaku	Super Daisenryaku (J) (REV00) [!].bin
GEN	Super Donkey Kong 99	Super Donkey Kong 99 (Unl) [!].bin
GEN	Super Fantasy Zone	Super Fantasy Zone (E) [!].bin
GEN	Super Hang-On	Super Hang-On (W) (REV00) [!].bin
GEN	Super High Impact	Super High Impact (UE) [!].bin
GEN	Super Hydlide	Super Hydlide (U) [!].bin
GEN	Super Kick Off	Super Kick Off (E) [c][!].bin
GEN	Super League 91	Super League 91 (J) [!].bin
GEN	Super Off Road	Super Off Road (U) [!].bin
GEN	Super Skidmarks	Super Skidmarks (E) (J-Cart) [!].bin
GEN	Super Street Fighter II - The New Challengers	Super Street Fighter II - The New Challengers (U) [c][!].bin
GEN	Super Thunder Blade	Super Thunder Blade (W) (REV00) [!].bin
GEN	Super Volleyball	Super Volleyball (U) [c][!].bin
GEN	Superman	Superman (U) [!].bin
GEN	Surging Aura	Surging Aura (J) [!].bin
GEN	Sword of Sodan	Sword of Sodan (UE) [!].bin
GEN	Sword of Vermilion	Sword of Vermilion (UE) [!].bin
GEN	Syd of Valis	Syd of Valis (U) [!].bin
GEN	Sylvester & Tweety in Cagey Capers	Sylvester & Tweety in Cagey Capers (UE) [!].bin
GEN	Syndicate	Syndicate (UE) [!].bin
GEN	T2 - The Arcade Game	T2 - The Arcade Game (UE) (REV01) [!].bin
GEN	Taikou Risshiden	Taikou Risshiden (J) [!].bin
GEN	Tale Spin	Tale Spin (UE) [!].bin
GEN	Target Earth	Target Earth (U) [!].bin
GEN	Task Force Harrier EX	Task Force Harrier EX (U) [!].bin
GEN	Taz-Mania	Taz-Mania (W) [!].bin
GEN	Team USA Basketball	Team USA Basketball (UE) [c][!].bin
GEN	Techno Clash	Techno Clash (UE) [!].bin
GEN	Technocop	Technocop (U) [!].bin
GEN	Tecmo Super Baseball	Tecmo Super Baseball (U) [!].bin
GEN	Tecmo Super Bowl	Tecmo Super Bowl (U) (Oct 1993) [!].bin
GEN	Tecmo Super Bowl II SE	Tecmo Super Bowl II SE (U) [!].bin
GEN	Tecmo Super Hockey	Tecmo Super Hockey (U) [!].bin
GEN	Tecmo Super NBA Basketball	Tecmo Super NBA Basketball (U) [!].bin
GEN	Teddy Boy Blues	Teddy Boy Blues (SN) (J) [!].bin
GEN	Teenage Mutant Ninja Turtles - The Hyperstone Heist	Teenage Mutant Ninja Turtles - The Hyperstone Heist (U) [!].bin
GEN	Teenage Mutant Ninja Turtles - Tournament Fighters	Teenage Mutant Ninja Turtles - Tournament Fighters (U) [c][!].bin
GEN	Terminator 2 - Judgment Day	Terminator 2 - Judgment Day (UE) [!].bin
GEN	Terminator, The	Terminator, The (U) [!].bin
GEN	Test Drive II - The Duel	Test Drive II - The Duel (U) [!].bin
GEN	Tetris	Tetris (J) [!].bin
GEN	Theme Park	Theme Park (UE) [!].bin
GEN	Thomas the Tank Engine & Friends	Thomas the Tank Engine & Friends (U) [c][!].bin
GEN	Thunder Force II	Thunder Force II (U) [!].bin
GEN	Thunder Force III	Thunder Force III (JU) [!].bin
GEN	Thunder Fox	Thunder Fox (U) [c][!].bin
GEN	Tick, The	Tick, The (U) [!].bin
GEN	Time Killers	Time Killers (U) [!].bin
GEN	Tinhead	Tinhead (U) [!].bin
GEN	Tintin Au Tibet	Tintin Au Tibet (E) (M6) [!].bin
GEN	Tiny Toon Adventures - Acme All-Stars	Tiny Toon Adventures - Acme All-Stars (U) [!].bin
GEN	Tiny Toon Adventures - Buster's Hidden Treasure	Tiny Toon Adventures - Buster's Hidden Treasure (U) [!].bin
GEN	Tiny Toon Adventures 3	Tiny Toon Adventures 3 (R).bin
GEN	TNN Bass Tournament of Champions	TNN Bass Tournament of Champions (U) (REV01) [!].bin
GEN	TNN Outdoors Bass Tournament '96	TNN Outdoors Bass Tournament '96 (U) [!].bin
GEN	Todd's Adventures in Slime World	Todd's Adventures in Slime World (U) [!].bin
GEN	Toejam & Earl	Toejam & Earl (UE) (REV00) [!].bin
GEN	Toejam & Earl in Panic on Funkotron	Toejam & Earl in Panic on Funkotron (U) [!].bin
GEN	Toki - Going Ape Spit	Toki - Going Ape Spit (UE) [c][!].bin
GEN	Tom and Jerry - Frantic Antics	Tom and Jerry - Frantic Antics (U) (1993 Version) [!].bin
GEN	Tommy Lasorda Baseball	Tommy Lasorda Baseball (U) [!].bin
GEN	Tony La Russa Baseball	Tony La Russa Baseball (U) [!].bin
GEN	Tony La Russa Baseball 95	Tony La Russa Baseball 95 (U) [!].bin
GEN	Top Fighter 2000 MK VIII	Top Fighter 2005 (Ch).bin
GEN	Top Gear 2	Top Gear 2 (U) [!].bin
GEN	Top Pro Golf	Top Pro Golf (J) [!].bin
GEN	Total Football	Total Football (E) [!].bin
GEN	Toughman Contest	Toughman Contest (UE) [!].bin
GEN	Toxic Crusaders	Toxic Crusaders (U) [!].bin
GEN	Toy Story	Toy Story (U) [!].bin
GEN	Toys	Toys (U) [!].bin
GEN	Trampoline Terror!	Trampoline Terror! (U) [!].bin
GEN	Traysia	Traysia (U) [!].bin
GEN	Triple Play '96	Triple Play '96 (U) [c][!].bin
GEN	Triple Play Gold	Triple Play Gold (U) [c][!].bin
GEN	Trouble Shooter	Trouble Shooter (U) [!].bin
GEN	Troy Aikman NFL Football	Troy Aikman NFL Football (U) [!].bin
GEN	True Lies	True Lies (W) [!].bin
GEN	Truxton	Truxton (W) [!].bin
GEN	Turbo Outrun	Turbo Outrun (JE) [c][!].bin
GEN	Turrican	Turrican (U) [c][!].bin
GEN	Twin Cobra	Twin Cobra (U) [!].bin
GEN	Twin Hawk	Twin Hawk (JE) [!].bin
GEN	Twinkle Tale	Twinkle Tale (J) [T+Eng20070328_MIJET].bin
GEN	Two Crude Dudes	Two Crude Dudes (U) [!].bin
GEN	Tyrants - Fight Through Time	Tyrants - Fight Through Time (U) [!].bin
GEN	Uchu Senkan Gomora	Uchu Senkan Gomora (J) [c][!].bin
GEN	Ultimate Mortal Kombat 3	Ultimate Mortal Kombat 3 (U) [!].bin
GEN	Ultimate Qix	Ultimate Qix (U) [!].bin
GEN	Ultimate Soccer	Ultimate Soccer (E) (M5) [!].bin
GEN	Ultraman	Ultraman (J) [!].bin
GEN	Uncharted Waters	Uncharted Waters (U) [!].bin
GEN	Uncharted Waters - New Horizons	Uncharted Waters - New Horizons (U) [!].bin
GEN	Undead Line	Undead Line (J) [T+Eng1.0-20070903_MIJET].bin
GEN	Universal Soldier	Universal Soldier (U) [!].bin
GEN	Unnecessary Roughness 95	Unnecessary Roughness 95 (U) [!].bin
GEN	Urban Strike	Urban Strike (UE) [!].bin
GEN	Uzu Keobukseon	Uzu Keobukseon (K) [!].bin
GEN	Valis	Valis (U) [!].bin
GEN	Valis III	Valis III (U) [!].bin
GEN	Vapor Trail	Vapor Trail (U) [!].bin
GEN	Vectorman	Vectorman (UE) (Prototype) [!].bin
GEN	Vectorman 2	Vectorman 2 (U) (Prototype) [!].bin
GEN	Verytex	Verytex (J) [c][!].bin
GEN	Viewpoint	Viewpoint (U) [!].bin
GEN	Virtua Fighter 2	Virtua Fighter 2 (UE) [!].bin
GEN	Virtua Racing	Virtua Racing (U) [!].bin
GEN	Virtual Bart	Virtual Bart (W) [!].bin
GEN	Virtual Pinball	Virtual Pinball (UE) [!].bin
GEN	Vixen 357	Vixen 357 (J) [!].bin
GEN	VR Troopers	VR Troopers (UE) [!].bin
GEN	Wacky Races	Wacky Races (Beta).bin
GEN	Wacky Worlds	Wacky Worlds (U) [!].bin
GEN	Wani Wani World	Wani Wani World (J) [c][!].bin
GEN	Wardner	Wardner (U) [!].bin
GEN	Warlock	Warlock (UE) [!].bin
GEN	Warpspeed	Warpspeed (U) [!].bin
GEN	Warrior of Rome	Warrior of Rome (U) [!].bin
GEN	Warrior of Rome II	Warrior of Rome II (U) [c][!].bin
GEN	Warsong	Warsong (U) [!].bin
GEN	Waterworld	Waterworld (Beta).bin
GEN	Wayne's World	Wayne's World (U) [c][!].bin
GEN	We're Back! - A Dinosaur's Tale	We're Back! - A Dinosaur's Tale (U) [!].bin
GEN	Weaponlord	Weaponlord (U) [!].bin
GEN	Whac-A-Critter	Whac-A-Critter (Unl) [!].bin
GEN	Wheel of Fortune	Wheel of Fortune (U) [!].bin
GEN	Where in the World is Carmen Sandiego	Where in the World is Carmen Sandiego (E) (M5).bin
GEN	Where in Time is Carmen Sandiego	Where in Time is Carmen Sandiego (UE) (M5) [!].bin
GEN	Whip Rush 2222 AD	Whip Rush 2222 AD (U) [!].bin
GEN	Wimbledon Championship Tennis	Wimbledon Championship Tennis (U) (Prototype) [!].bin
GEN	Wings of Wor	Wings of Wor (U) [!].bin
GEN	Winter Challenge	Winter Challenge (UE) [!].bin
GEN	Wiz 'n' Liz - The Frantic Wabbit Wescue	Wiz 'n' Liz - The Frantic Wabbit Wescue (U) [!].bin
GEN	Wolf Child	Wolf Child (U) [c][!].bin
GEN	Wolverine Adamantium Rage	Wolverine Adamantium Rage (UE) [!].bin
GEN	Wonder Boy III - Monster Lair	Wonder Boy III - Monster Lair (JE) [c][!].bin
GEN	Wonder Boy in Monster World	Wonder Boy in Monster World (UE) [!].bin
GEN	World Championship Soccer	World Championship Soccer (JU) (REV00) [!].bin
GEN	World Championship Soccer II	World Championship Soccer II (U) [!].bin
GEN	World Class Leaderboard Golf	World Class Leaderboard Golf (U) [c][!].bin
GEN	World Cup USA 94	World Cup USA 94 (UE) [!].bin
GEN	World Heroes	World Heroes (U) [!].bin
GEN	World of Illusion Starring Mickey Mouse & Donald Duck	World of Illusion Starring Mickey Mouse & Donald Duck (U) [!].bin
GEN	World Series Baseball	World Series Baseball (U) [!].bin
GEN	World Series Baseball '96	World Series Baseball '96 (U) [!].bin
GEN	World Series Baseball '98	World Series Baseball '98 (U) [!].bin
GEN	World Trophy Soccer	World Trophy Soccer (U) [!].bin
GEN	Wrestle War	Wrestle War (JE) [c][!].bin
GEN	WWF RAW	WWF RAW (W) [!].bin
GEN	WWF Royal Rumble	WWF Royal Rumble (W) [!].bin
GEN	WWF Super Wrestlemania	WWF Super Wrestlemania (UE) [!].bin
GEN	WWF Wrestlemania Arcade	WWF Wrestlemania Arcade (U) [!].bin
GEN	X Dazedly Ray	X Dazedly Ray (J) [!].bin
GEN	X-Men	X-Men (U) [!].bin
GEN	X-Men 2 - Clone Wars	X-Men 2 - Clone Wars (UE) [!].bin
GEN	X-perts	X-perts (U) [!].bin
GEN	Xenon 2 - Megablast	Xenon 2 - Megablast (E) [c][!].bin
GEN	Ya-Se Chuan Shuo	Ya-Se Chuan Shuo (Ch).bin
GEN	Yogi Bear's Cartoon Capers	Yogi Bear's Cartoon Capers (E) [!].bin
GEN	Young Indiana Jones - Instrument of Chaos	Young Indiana Jones - Instrument of Chaos (U) [!].bin
GEN	Ys III - Wanderers from Ys	Ys III - Wanderers from Ys (U) [!].bin
GEN	Yuu Yuu Hakusho - Makyou Toitsusen	Yuu Yuu Hakusho - Makyou Toitsusen (J) [T+Eng1.0-20071113_MIJET].bin
GEN	Yuu Yuu Hakusho Gaiden	Yuu Yuu Hakusho Gaiden (J) [!].bin
GEN	Zan Yasha Enbuden	Zan Yasha Enbuden (J) [!].bin
GEN	Zany Golf	Zany Golf (UE) (REV00) [c][!].bin
GEN	Zero the Kamikaze Squirrel	Zero the Kamikaze Squirrel (U) [!].bin
GEN	Zero Tolerance	Zero Tolerance (UE) [!].bin
GEN	Zero Wing	Zero Wing (E) [c][!].bin
GEN	Zombies Ate My Neighbors	Zombies Ate My Neighbors (U) [c][!].bin
GEN	Zool	Zool (U) [!].bin
GEN	Zoom!	Zoom! (JU) [!].bin
GEN	Zoop	Zoop (U) [!].bin
GG	5 in 1 Funpak	5 in 1 Funpak (U) [!].gg
GG	Addams Family, The	Addams Family, The (JUE) [!].gg
GG	Adventures of Batman & Robin, The	Adventures of Batman & Robin, The (UE) [!].gg
GG	Aerial Assault	Aerial Assault (JUE) (V1.0) [!].gg
GG	Aladdin	Aladdin (UEB) [!].gg
GG	Alien 3	Alien 3 (UE) [!].gg
GG	Alien Syndrome	Alien Syndrome (UE).gg
GG	Andre Agassi Tennis	Andre Agassi Tennis (U) [!].gg
GG	Arcade Classics	Arcade Classics (U) [!].gg
GG	Arch Rivals	Arch Rivals (U) [!].gg
GG	Arena - Maze of Death	Arena - Maze of Death (UE) [!].gg
GG	Asterix and the Great Rescue	Asterix and the Great Rescue (U) [!].gg
GG	Asterix and the Secret Mission	Asterix and the Secret Mission (E) (M3).gg
GG	Ax Battler - A Legend of Golden Axe	Ax Battler - A Legend of Golden Axe (UE) (V2.4) [!].gg
GG	Ayrton Senna's Super Monaco GP II	Ayrton Senna's Super Monaco GP II (UE) [!].gg
GG	Baku Baku	Baku Baku (E) [!].gg
GG	Barbie Super Model	Barbie Super Model (Prototype).gg
GG	Batman Forever	Batman Forever (JUE) [!].gg
GG	Batman Returns	Batman Returns (JUE) [!].gg
GG	Batter Up	Batter Up (U) [!].gg
GG	Battleship	Battleship (U) [!].gg
GG	Battletoads	Battletoads (U) [!].gg
GG	Beavis and Butt-head	Beavis and Butt-head (E) [!].gg
GG	Berlin no Kabe	Berlin no Kabe (J) [!].gg
GG	Bishoujo Senshi Sailor Moon S	Bishoujo Senshi Sailor Moon S (J).gg
GG	Bonkers Wax Up!	Bonkers Wax Up! (UE) [!].gg
GG	Bram Stoker's Dracula	Bram Stoker's Dracula (U) [!].gg
GG	Bubble Bobble	Bubble Bobble (U) [!].gg
GG	Bugs Bunny in Double Trouble	Bugs Bunny in Double Trouble (UE) [!].gg
GG	Bust-A-Move	Bust-A-Move (U) [!].gg
GG	Buster Ball	Buster Ball (J).gg
GG	Buster Fight	Buster Fight (J).gg
GG	Caesar's Palace	Caesar's Palace (U) [!].gg
GG	Captain America and the Avengers	Captain America and the Avengers (U) [!].gg
GG	Casino Funpak	Casino Funpak (U) [!].gg
GG	Castle of Illusion Starring Mickey Mouse	Castle of Illusion Starring Mickey Mouse (U) [S][!].gg
GG	Chakan	Chakan (UE) [!].gg
GG	Championship Hockey	Championship Hockey (E) [!].gg
GG	Chase H.Q.	Chase H.Q. (U) [S].gg
GG	Cheese Cat-astrophe with Speedy Gonzales	Cheese Cat-astrophe with Speedy Gonzales (UE) [!].gg
GG	Chessmaster, The	Chessmaster, The (UE) [!].gg
GG	Chicago Syndicate	Chicago Syndicate (UB) [!].gg
GG	Choplifter III	Choplifter III (U) [!].gg
GG	Chuck Rock	Chuck Rock (JUEB) [!].gg
GG	Chuck Rock II - Son of Chuck	Chuck Rock II - Son of Chuck (U) [!].gg
GG	CJ Elephant Fugitive	CJ Elephant Fugitive (Prototype).gg
GG	Cliffhanger	Cliffhanger (U) [!].gg
GG	Clutch Hitter	Clutch Hitter (U) [!].gg
GG	Columns	Columns (UEB) [!].gg
GG	Cool Spot	Cool Spot (U) [!].gg
GG	Cosmic Spacehead	Cosmic Spacehead (E) (M4) [!].gg
GG	Crazy Faces	Crazy Faces (Prototype).gg
GG	Crystal Warriors	Crystal Warriors (UE).gg
GG	Cutthroat Island	Cutthroat Island (U) [!].gg
GG	Daffy Duck in Hollywood	Daffy Duck in Hollywood (EB) (M5) [!].gg
GG	Deep Duck Trouble Starring Donald Duck	Deep Duck Trouble Starring Donald Duck (UE) [!].gg
GG	Defenders of Oasis	Defenders of Oasis (UE) [!].gg
GG	Desert Strike - Return to the Gulf	Desert Strike - Return to the Gulf (U) [!].gg
GG	Devilish	Devilish (U) [!].gg
GG	Donald no Magical World	Donald no Magical World (J).gg
GG	Doraemon - Nora no Suke no Yabou	Doraemon - Nora no Suke no Yabou (J).gg
GG	Doraemon - Waku Waku Pocket Paradise	Doraemon - Waku Waku Pocket Paradise (J) [!].gg
GG	Double Dragon	Double Dragon (UE) [!].gg
GG	Dr. Robotnik's Mean Bean Machine	Dr. Robotnik's Mean Bean Machine (UE) [!].gg
GG	Dragon - The Bruce Lee Story	Dragon - The Bruce Lee Story (U) [!].gg
GG	Dragon Crystal	Dragon Crystal (UE) [!].gg
GG	Dunk Kids	Dunk Kids (J) [!].gg
GG	Dynamite Headdy	Dynamite Headdy (UE) [!].gg
GG	Earthworm Jim	Earthworm Jim (U) [!].gg
GG	Ecco - The Tides of Time	Ecco - The Tides of Time (UE) [!].gg
GG	Ecco the Dolphin	Ecco the Dolphin (UE) [!].gg
GG	Ernie Els Golf	Ernie Els Golf (E).gg
GG	Evander Holyfield's 'Real Deal' Boxing	Evander Holyfield's 'Real Deal' Boxing (UE) [!].gg
GG	Excellent Dizzy Collection, The	Excellent Dizzy Collection, The (E) [S][!].gg
GG	F-1	F-1 (UE) [!].gg
GG	F-15 Strike Eagle	F-15 Strike Eagle (UE) [!].gg
GG	Faceball 2000	Faceball 2000 (J) [!].gg
GG	Factory Panic	Factory Panic (EB) [!].gg
GG	Fantastic Dizzy	Fantastic Dizzy (U) [S][!].gg
GG	Fantasy Zone Gear	Fantasy Zone Gear (U).gg
GG	Fatal Fury Special	Fatal Fury Special (U) [!].gg
GG	FIFA International Soccer	FIFA International Soccer (UE) (M4) [!].gg
GG	FIFA Soccer 96	FIFA Soccer 96 (UE) (M4) [!].gg
GG	Foreman for Real	Foreman for Real (JUE) [!].gg
GG	Frank Thomas Big Hurt Baseball	Frank Thomas Big Hurt Baseball (U) [!].gg
GG	Fred Couples Golf	Fred Couples Golf (U) [!].gg
GG	Frogger	Frogger (Prototype) [!].gg
GG	From TV Animation - Slam Dunk - Shouri heno Starting 5	From TV Animation - Slam Dunk - Shouri heno Starting 5 (J) [!].gg
GG	G-LOC Air Battle	G-LOC Air Battle (UEB) [!].gg
GG	Galaga 2	Galaga 2 (E).gg
GG	Gamble Panic	Gamble Panic (J).gg
GG	Gambler Jikochuushin Ha	Gambler Jikochuushin Ha (J) [!].gg
GG	Garfield - Caught in the Act	Garfield - Caught in the Act (UE) [!].gg
GG	Gear Works	Gear Works (U) [!].gg
GG	George Foreman's KO Boxing	George Foreman's KO Boxing (UE) [!].gg
GG	GG Aleste	GG Aleste (J).gg
GG	GP Rider	GP Rider (UE) (MPH) [!].gg
GG	Griffin	Griffin (J).gg
GG	Gunstar Heroes	Gunstar Heroes (J) [!].gg
GG	Halley Wars	Halley Wars (UEB) [!].gg
GG	Head Buster	Head Buster (J) [T+Eng.99_Chris Covell].gg
GG	Home Alone	Home Alone (UE) [!].gg
GG	Hook	Hook (U) [!].gg
GG	Hurricanes	Hurricanes (E) [!].gg
GG	Hyokkori Hyoutan Jima	Hyokkori Hyoutan Jima (J).gg
GG	Ichidant~R GG	Ichidant~R GG (Puzzle & Action) (J) [!].gg
GG	Incredible Crash Dummies, The	Incredible Crash Dummies, The (JUE) [!].gg
GG	Incredible Hulk, The	Incredible Hulk, The (UE) [!].gg
GG	Indiana Jones and the Last Crusade	Indiana Jones and the Last Crusade (UE) [!].gg
GG	Iron Man X-O Manowar in Heavy Metal	Iron Man X-O Manowar in Heavy Metal (U).gg
GG	Itchy & Scratchy Game, The	Itchy & Scratchy Game, The (UE) [!].gg
GG	James Bond 007 - The Duel	James Bond 007 - The Duel (E) [!].gg
GG	James Pond 3 - Operation Starfish	James Pond 3 - Operation Starfish (UE) [!].gg
GG	James Pond II - Codename RoboCod	James Pond II - Codename RoboCod (U) [!].gg
GG	Jeopardy!	Jeopardy! (U) [!].gg
GG	Joe Montana Football	Joe Montana Football (UE).gg
GG	Judge Dredd	Judge Dredd (UE) [!].gg
GG	Junction	Junction (U).gg
GG	Jungle Book, The	Jungle Book, The (U) [!].gg
GG	Jungle Strike	Jungle Strike (U).gg
GG	Jurassic Park	Jurassic Park (UE) [!].gg
GG	Kaitou Saint Tail	Kaitou Saint Tail (J) [!].gg
GG	Kawasaki Superbike Challenge	Kawasaki Superbike Challenge (UE) [!].gg
GG	Kenyuu Densetsu Yaiba	Kenyuu Densetsu Yaiba (J).gg
GG	Kinetic Connection	Kinetic Connection (J) [!].gg
GG	Kishin Douji Zenki	Kishin Douji Zenki (J).gg
GG	Klax	Klax (UE) [!].gg
GG	Krusty's Fun House	Krusty's Fun House (UE) [!].gg
GG	Land of Illusion Starring Mickey Mouse	Land of Illusion Starring Mickey Mouse (UE) [!].gg
GG	Last Action Hero	Last Action Hero (U) [!].gg
GG	Legend of Illusion Starring Mickey Mouse	Legend of Illusion Starring Mickey Mouse (UE) [!].gg
GG	Lemmings	Lemmings (JUE) [!].gg
GG	Lion King, The	Lion King, The (U) [!].gg
GG	Lost World, The - Jurassic Park	Lost World, The - Jurassic Park (U).gg
GG	Lucky Dime Caper, The Starring Donald Duck	Lucky Dime Caper, The Starring Donald Duck (UEB) [!].gg
GG	Lunar - Sanposuru Gakuen	Lunar - Sanposuru Gakuen (J) [T+Eng1.0_Aeon Genesis+Some Good Shit].gg
GG	Madden NFL '95	Madden NFL '95 (UE) [!].gg
GG	Madden NFL '96	Madden NFL '96 (UE).gg
GG	Madou Monogatari I - 3-Tsu no Madoukyuu	Madou Monogatari I - 3-Tsu no Madoukyuu (J) [T+Eng1.0_Matt's Messy Room].gg
GG	Magical Puzzle Popils	Magical Puzzle Popils (JUE).gg
GG	Magical Taruruuto-kun	Magical Taruruuto-kun (J).gg
GG	Majors Pro Baseball, The	Majors Pro Baseball, The (U) [!].gg
GG	Mappy	Mappy (J).gg
GG	Marble Madness	Marble Madness (UE) [!].gg
GG	Marko's Magic Football	Marko's Magic Football (E) [!].gg
GG	Megaman	Megaman (U) [!].gg
GG	Mick & Mack as the Global Gladiators	Mick & Mack as the Global Gladiators (UE).gg
GG	Mickey's Ultimate Challenge	Mickey's Ultimate Challenge (U) [!].gg
GG	Micro Machines	Micro Machines (UE) [!].gg
GG	Micro Machines 2 - Turbo Tournament	Micro Machines 2 - Turbo Tournament (E).gg
GG	Mighty Morphin Power Rangers	Mighty Morphin Power Rangers (UE) [!].gg
GG	Mighty Morphin Power Rangers - The Movie	Mighty Morphin Power Rangers - The Movie (UE) [!].gg
GG	MLBPA Baseball	MLBPA Baseball (U) [!].gg
GG	Monster Truck Wars	Monster Truck Wars (UE) [!].gg
GG	Mortal Kombat	Mortal Kombat (UE) [!].gg
GG	Mortal Kombat 3	Mortal Kombat 3 (E) [!].gg
GG	Mortal Kombat II	Mortal Kombat II (JUE) [!].gg
GG	Ms. Pac-Man	Ms. Pac-Man (U) [!].gg
GG	NBA Action Starring David Robinson	NBA Action Starring David Robinson (U) [!].gg
GG	NBA Jam	NBA Jam (U) (V1.1) [!].gg
GG	NBA Jam Tournament Edition	NBA Jam Tournament Edition (JUE) [!].gg
GG	NFL '95	NFL '95 (U) [!].gg
GG	NFL Quarterback Club	NFL Quarterback Club (JUE) [!].gg
GG	NFL Quarterback Club '96	NFL Quarterback Club '96 (U) [!].gg
GG	NHL All-Star Hockey	NHL All-Star Hockey (U) [!].gg
GG	NHL Hockey	NHL Hockey (U) [!].gg
GG	Ninja Gaiden	Ninja Gaiden (UE) [!].gg
GG	Olympic Gold - Barcelona '92	Olympic Gold - Barcelona '92 (JU) (M8) [S][!].gg
GG	Ottifants, The	Ottifants, The (E).gg
GG	OutRun	OutRun (E).gg
GG	OutRun Europa	OutRun Europa (U) [S][!].gg
GG	Pac-Attack	Pac-Attack (U) [!].gg
GG	Pac-In-Time	Pac-In-Time (Prototype) [!].gg
GG	Pac-Man	Pac-Man (U) [!].gg
GG	Panzer Dragoon Mini	Panzer Dragoon Mini (J) [!].gg
GG	Paperboy	Paperboy (UE).gg
GG	Pengo	Pengo (UE) [!].gg
GG	Pete Sampras Tennis	Pete Sampras Tennis (E) [!].gg
GG	PGA Tour 96	PGA Tour 96 (UE) [!].gg
GG	PGA Tour Golf	PGA Tour Golf (UE) (V1.0) [!].gg
GG	PGA Tour Golf II	PGA Tour Golf II (UE) [!].gg
GG	Phantasy Star Adventure	Phantasy Star Adventure (J) [T+Eng1.01_AGTP].gg
GG	Phantasy Star Gaiden	Phantasy Star Gaiden (J) [T+EngV3.0Largefont_Magic_Trans].gg
GG	Phantom 2040	Phantom 2040 (UE) [!].gg
GG	Pinball Dreams	Pinball Dreams (U) [!].gg
GG	Pocket Jansou	Pocket Jansou (J) [!].gg
GG	Poker Faced Paul's Blackjack	Poker Faced Paul's Blackjack (U) [!].gg
GG	Poker Faced Paul's Gin	Poker Faced Paul's Gin (U) [!].gg
GG	Poker Faced Paul's Poker	Poker Faced Paul's Poker (U) [!].gg
GG	Poker Faced Paul's Solitaire	Poker Faced Paul's Solitaire (U) [!].gg
GG	Pop Breaker	Pop Breaker (J).gg
GG	Popeye's Beach Volleyball	Popeye's Beach Volleyball (J).gg
GG	Power Drive	Power Drive (E).gg
GG	Power Strike II	Power Strike II (JE).gg
GG	Predator 2	Predator 2 (U) [S][!].gg
GG	Primal Rage	Primal Rage (UE) [!].gg
GG	Prince of Persia	Prince of Persia (U) [S][!].gg
GG	Psychic World	Psychic World (UEB) [!].gg
GG	Putt & Putter	Putt & Putter (UEB) [!].gg
GG	Puyo Puyo	Puyo Puyo (Puzlow Kids) (J) [!].gg
GG	Puyo Puyo 2	Puyo Puyo 2 (J) [!].gg
GG	R.B.I. Baseball '94	R.B.I. Baseball '94 (U) [!].gg
GG	R.C. Grand Prix	R.C. Grand Prix (U) [S][!].gg
GG	Rastan Saga	Rastan Saga (J) [S][!].gg
GG	Revenge of Drancon	Revenge of Drancon (UB) [!].gg
GG	Riddick Bowe Boxing	Riddick Bowe Boxing (U) [!].gg
GG	Rise of the Robots	Rise of the Robots (UE) [!].gg
GG	Ristar the Shooting Star	Ristar the Shooting Star (JUE) [!].gg
GG	Road Rash	Road Rash (U) [!].gg
GG	Robocop 3	Robocop 3 (JUE) [!].gg
GG	Robocop versus The Terminator	Robocop versus The Terminator (UE) [!].gg
GG	Royal Stone - Hirakareshi Toki no Tobira	Royal Stone - Hirakareshi Toki no Tobira (J) [!].gg
GG	S.S. Lucifer - Man Overboard!	S.S. Lucifer - Man Overboard! (U) [!].gg
GG	Samurai Shodown	Samurai Shodown (U) [!].gg
GG	Scratch Golf	Scratch Golf (U).gg
GG	SD Gundam - Winner's History	SD Gundam - Winner's History (J) [T+Eng0.99_Gaijin].gg
GG	Sega Game Pack 4 in 1	Sega Game Pack 4 in 1 (E) [!].gg
GG	Sensible Soccer	Sensible Soccer (E) [!].gg
GG	Shanghai II	Shanghai II (J) (V1.0) [!].gg
GG	Shaq Fu	Shaq Fu (U) [!].gg
GG	Shikinjou	Shikinjou (J).gg
GG	Shining Force Gaiden - Final Conflict	Shining Force Gaiden - Final Conflict (J) [T+Eng20060707_SFCentral].gg
GG	Shining Force II - The Sword of Hajya	Shining Force II - The Sword of Hajya (U) [!].gg
GG	Shinobi II - The Silent Fury	Shinobi II - The Silent Fury (JUEB) [!].gg
GG	Side Pocket	Side Pocket (U) [!].gg
GG	Simpsons, The - Bart vs. The Space Mutants	Simpsons, The - Bart vs. The Space Mutants (UE) [!].gg
GG	Simpsons, The - Bart vs. The World	Simpsons, The - Bart vs. The World (JUEB) [!].gg
GG	Simpsons, The - Bartman Meets Radioactive Man	Simpsons, The - Bartman Meets Radioactive Man (U) [!].gg
GG	Slider	Slider (UE) [!].gg
GG	Smurfs Travel the World, The	Smurfs Travel the World, The (E) (M4).gg
GG	Smurfs, The	Smurfs, The (E) [!].gg
GG	Solitaire Funpak	Solitaire Funpak (U) [!].gg
GG	Solitaire Poker	Solitaire Poker (UE) [!].gg
GG	Sonic Blast	Sonic Blast (JUE) [!].gg
GG	Sonic Chaos	Sonic Chaos (UEB) [!].gg
GG	Sonic Drift	Sonic Drift (J) (Sample).gg
GG	Sonic Drift 2	Sonic Drift 2 (JUE) [!].gg
GG	Sonic Labyrinth	Sonic Labyrinth (JU) [!].gg
GG	Sonic Spinball	Sonic Spinball (UE) [!].gg
GG	Sonic The Hedgehog	Sonic The Hedgehog (JU) (V1.0) [!].gg
GG	Sonic The Hedgehog - Triple Trouble	Sonic The Hedgehog - Triple Trouble (UE) [!].gg
GG	Sonic The Hedgehog 2	Sonic The Hedgehog 2 (JUE) [!].gg
GG	Soukoban	Soukoban (J).gg
GG	Space Harrier	Space Harrier (JUE) [!].gg
GG	Spider-Man - Return of the Sinister Six	Spider-Man - Return of the Sinister Six (UE).gg
GG	Spider-Man and the X-Men in Arcade's Revenge	Spider-Man and the X-Men in Arcade's Revenge (U) [!].gg
GG	Spider-Man vs. The Kingpin	Spider-Man vs. The Kingpin (UE) [!].gg
GG	Spirou	Spirou (E) (Prototype).gg
GG	Sports Illustrated Championship Football & Baseball	Sports Illustrated Championship Football & Baseball (U) [!].gg
GG	Sports Trivia	Sports Trivia (U) [!].gg
GG	Sports Trivia - Championship Edition	Sports Trivia - Championship Edition (U).gg
GG	Star Trek Generations - Beyond the Nexus	Star Trek Generations - Beyond the Nexus (U) [!].gg
GG	Star Trek TNG - Advanced Holodeck Tutorial	Star Trek TNG - Advanced Holodeck Tutorial (U) [!].gg
GG	Star Wars	Star Wars (U) [!].gg
GG	Stargate	Stargate (JUE) [!].gg
GG	Street Hero	Street Hero (U) (Prototype 0).gg
GG	Streets of Rage	Streets of Rage (JUE) [!].gg
GG	Strider Returns	Strider Returns (UE) [!].gg
GG	Striker	Striker (E) (M5).gg
GG	Super Battletank	Super Battletank (U) [!].gg
GG	Super Columns	Super Columns (UE) [!].gg
GG	Super Golf	Super Golf (U).gg
GG	Super Kick Off	Super Kick Off (J) [S][!].gg
GG	Super Monaco GP	Super Monaco GP (UEB) [!].gg
GG	Super Off-Road	Super Off-Road (UE) [!].gg
GG	Super Return of the Jedi	Super Return of the Jedi (UE) [!].gg
GG	Super Smash T.V.	Super Smash T.V. (JUE) [!].gg
GG	Super Space Invaders	Super Space Invaders (UE) [!].gg
GG	Superman	Superman (E) [!].gg
GG	Surf Ninjas	Surf Ninjas (UB) [!].gg
GG	Sylvan Tale	Sylvan Tale (J) [T+Eng1.01_AGTP].gg
GG	T2 - The Arcade Game	T2 - The Arcade Game (UE) [!].gg
GG	Tails' Adventures	Tails' Adventures (JU) [!].gg
GG	Tails' Sky Patrol	Tails' Sky Patrol (J) [!].gg
GG	Taisen Mahjong HaoPai	Taisen Mahjong HaoPai (J).gg
GG	Taisen Mahjong HaoPai 2	Taisen Mahjong HaoPai 2 (J).gg
GG	Tale Spin	Tale Spin (UE) [!].gg
GG	Tanto-R	Tanto-R (J) [!].gg
GG	Tarzan - Lord of the Jungle	Tarzan - Lord of the Jungle (E).gg
GG	Taz in Escape from Mars	Taz in Escape from Mars (UE) [!].gg
GG	Taz-Mania - The Search for the Lost Seabirds	Taz-Mania - The Search for the Lost Seabirds (UE) [!].gg
GG	Tempo Jr.	Tempo Jr. (JUE) [!].gg
GG	Terminator 2 - Judgment Day	Terminator 2 - Judgment Day (UE) [!].gg
GG	Terminator, The	Terminator, The (UE) [!].gg
GG	Tesserae	Tesserae (U) [!].gg
GG	Tintin in Tibet	Tintin in Tibet (E) [!].gg
GG	Tom and Jerry - The Movie	Tom and Jerry - The Movie (UE) [!].gg
GG	True Lies	True Lies (JUE).gg
GG	Ultimate Soccer	Ultimate Soccer (JEB) [!].gg
GG	Urban Strike	Urban Strike (U) [!].gg
GG	Vampire - Master of Darkness	Vampire - Master of Darkness (U) [!].gg
GG	Virtua Fighter Animation	Virtua Fighter Animation (U) [!].gg
GG	VR Troopers	VR Troopers (UE) [!].gg
GG	Wagyan Land	Wagyan Land (J).gg
GG	Wheel of Fortune	Wheel of Fortune (U) [!].gg
GG	Wimbledon	Wimbledon (JUE) [!].gg
GG	Winter Olympics - Lillehammer '94	Winter Olympics - Lillehammer '94 (UE) [!].gg
GG	Wizard Pinball	Wizard Pinball (E) [!].gg
GG	Wolfchild	Wolfchild (E) [!].gg
GG	Wonder Boy - The Dragon's Trap	Wonder Boy - The Dragon's Trap (E) [!].gg
GG	Woody Pop	Woody Pop (UEB) (V1.1) [!].gg
GG	World Cup Soccer	World Cup Soccer (UE) [!].gg
GG	World Cup USA 94	World Cup USA 94 (UE) [!].gg
GG	World Derby	World Derby (J).gg
GG	World Series Baseball	World Series Baseball (U) (V1.0) [!].gg
GG	World Series Baseball '95	World Series Baseball '95 (U) [!].gg
GG	WWF Raw	WWF Raw (UE) [!].gg
GG	WWF Steel Cage Challenge	WWF Steel Cage Challenge (U) [S][!].gg
GG	X-Men	X-Men (U) [!].gg
GG	X-Men - Gamemaster's Legacy	X-Men - Gamemaster's Legacy (UE) [!].gg
GG	X-Men - Mojo World	X-Men - Mojo World (U) [!].gg
GG	Yogi Bear in Yogi Bear's Goldrush	Yogi Bear in Yogi Bear's Goldrush (Prototype) [!].gg
GG	Zool	Zool (U) [!].gg
GG	Zoop	Zoop (U) [!].gg
LYNX	APB - All Points Bulletin	APB - All Points Bulletin (1990) (U).lnx
LYNX	Awesome Golf	Awesome Golf (1991) (U).lnx
LYNX	Baseball Heroes	Baseball Heroes (1991) (U).lnx
LYNX	Basketbrawl	Basketbrawl (1992) (U).lnx
LYNX	Batman Returns	Batman Returns (1992) (U).lnx
LYNX	Battle Wheels	Battle Wheels (1993) (U).lnx
LYNX	Battlezone 2000	Battlezone 2000 (1996) (U).lnx
LYNX	Bill & Ted's Excellent Adventure	Bill & Ted's Excellent Adventure (1991) (U).lnx
LYNX	Block Out	Block Out (1990) (U).lnx
LYNX	Blue Lightning	Blue Lightning (1989) (U).lnx
LYNX	Bubble Trouble	Bubble Trouble (1997) (Telegames) (U).lnx
LYNX	California Games	California Games (1991) (U).lnx
LYNX	Checkered Flag	Checkered Flag (1991) (U).lnx
LYNX	Chip's Challenge	Chip's Challenge (1989) (U).lnx
LYNX	Crystal Mines II	Crystal Mines II (1990) (U).lnx
LYNX	Desert Strike - Return to the Gulf	Desert Strike - Return to the Gulf (1993) (Telegames) (U).lnx
LYNX	Dinolympics	Dinolympics (1992) (U).lnx
LYNX	Dirty Larry - Renegade Cop	Dirty Larry - Renegade Cop (1992) (U).lnx
LYNX	Double Dragon	Double Dragon (1993) (Telegames) (U).lnx
LYNX	Dracula - The Undead	Dracula - The Undead (1991) (U).lnx
LYNX	Electrocop	Electrocop (1989) (U).lnx
LYNX	European Soccer Challenge	European Soccer Challenge (1993) (Telegames) (U).lnx
LYNX	Fat Bobby	Fat Bobby (1997) (Telegames) (U).lnx
LYNX	Fidelity Ultimate Chess Challenge	Fidelity Ultimate Chess Challenge (1991) (Telegames) (U).lnx
LYNX	Gates of Zendocon, The	Gates of Zendocon, The (1989) (U).lnx
LYNX	Gauntlet - The Third Encounter	Gauntlet - The Third Encounter (1990) (U).lnx
LYNX	Gordo 106 - The Mutated Lab Monkey	Gordo 106 - The Mutated Lab Monkey (1993) (U).lnx
LYNX	Hard Drivin'	Hard Drivin' (1993) (U).lnx
LYNX	Hockey	Hockey (1992) (U).lnx
LYNX	Hydra	Hydra (1992) (U).lnx
LYNX	Ishido - The Way of the Stones	Ishido - The Way of the Stones (1991) (U).lnx
LYNX	Jimmy Conners Tennis	Jimmy Conners Tennis (1991) (U).lnx
LYNX	Joust	Joust (1993) (Williams) (U).lnx
LYNX	Klax	Klax (1990) (U).lnx
LYNX	Krazy Ace Minature Golf	Krazy Ace Minature Golf (1997) (Telegames) (U).lnx
LYNX	Kung Food	Kung Food (1992) (U).lnx
LYNX	Lemmings	Lemmings (1993) (U).lnx
LYNX	Lynx Casino	Lynx Casino (1992) (U).lnx
LYNX	Malibu Bikini Volleyball	Malibu Bikini Volleyball (1993) (U).lnx
LYNX	Ms. Pac-Man	Ms. Pac-Man (1990) (U).lnx
LYNX	NFL Football	NFL Football (1990) (U).lnx
LYNX	Ninja Gaiden	Ninja Gaiden (1990) (U).lnx
LYNX	Ninja Gaiden III - The Ancient Ship of Doom	Ninja Gaiden III - The Ancient Ship of Doom (1993) (U).lnx
LYNX	Pac-Land	Pac-Land (1991) (U).lnx
LYNX	Paperboy	Paperboy (1990) (U).lnx
LYNX	Pinball Jam	Pinball Jam (1992) (U).lnx
LYNX	Pit Fighter - The Ultimate Competition	Pit Fighter - The Ultimate Competition (1992) (U).lnx
LYNX	Power Factor	Power Factor (1992) (U).lnx
LYNX	Qix	Qix (1991) (Telegames) (U).lnx
LYNX	Raiden	Raiden (1997) (Telegames) (U).lnx
LYNX	Rampage	Rampage (1991) (U).lnx
LYNX	Rampart	Rampart (1991) (U).lnx
LYNX	RoadBlasters	RoadBlasters (1990) (U).lnx
LYNX	Robo-Squash	Robo-Squash (1990) (U).lnx
LYNX	Robotron 2084	Robotron 2084 (1991) (Williams) (U).lnx
LYNX	Rygar - Legendary Warrior	Rygar - Legendary Warrior (1990) (U).lnx
LYNX	S.T.U.N. Runner	S.T.U.N. Runner (1991) (U).lnx
LYNX	Scrapyard Dog	Scrapyard Dog (1991) (U).lnx
LYNX	Shadow of the Beast	Shadow of the Beast (1992) (U).lnx
LYNX	Shanghai	Shanghai (1990) (U).lnx
LYNX	Steel Talons	Steel Talons (1991) (U).lnx
LYNX	Super Asteroids & Missile Command	Super Asteroids & Missile Command (1995) (U).lnx
LYNX	Super Off-Road	Super Off-Road (1996) (Telegames) (U).lnx
LYNX	Super Skweek	Super Skweek (1991) (U).lnx
LYNX	Switchblade II	Switchblade II (1992) (U).lnx
LYNX	Todd's Adventure in Slime World	Todd's Adventure in Slime World (1990) (U).lnx
LYNX	Toki	Toki (1990) (U).lnx
LYNX	Tournament Cyberball 2072	Tournament Cyberball 2072 (1991) (U).lnx
LYNX	Turbo Sub	Turbo Sub (1991) (U).lnx
LYNX	Viking Child	Viking Child (1991) (U).lnx
LYNX	Warbirds	Warbirds (1990) (U).lnx
LYNX	World Class Soccer	World Class Soccer (1992) (U).lnx
LYNX	Xenophobe	Xenophobe (1990) (U).lnx
LYNX	Xybots	Xybots (1991) (U).lnx
LYNX	Zarlor Mercenary	Zarlor Mercenary (1990) (U).lnx
NES	10-Yard Fight	10-Yard Fight (U) [!].nes
NES	1942	1942 (JU) [!].nes
NES	1943 - The Battle of Midway	1943 - The Battle of Midway (U) [!].nes
NES	3-D Battles of World Runner, The	3-D Battles of World Runner, The (U) [!].nes
NES	6-in-1 (Caltron)	6-in-1 (Caltron) [!].nes
NES	720	720 (U) [!].nes
NES	8 BIT XMAS 2011 Demo (PD)	8 BIT XMAS 2011 Demo (PD).nes
NES	8 Eyes	8 Eyes (U) [!].nes
NES	Abadox - The Deadly Inner War	Abadox - The Deadly Inner War (U) [!].nes
NES	Action 52 (Active Enterprises) (REVA)	Action 52 (Active Enterprises) (REVA) [!].nes
NES	Addams Family, The	Addams Family, The (U) [!].nes
NES	Addams Family, The - Pugsley's Scavenger Hunt	Addams Family, The - Pugsley's Scavenger Hunt (U) [!].nes
NES	Advanced Dungeons & Dragons - Dragon Strike	Advanced Dungeons & Dragons - Dragon Strike (U) [!].nes
NES	Advanced Dungeons & Dragons - Dragons of Flame	Advanced Dungeons & Dragons - Dragons of Flame (J) [T+Eng1.03_DvD Translations].nes
NES	Advanced Dungeons & Dragons - Heroes of the Lance	Advanced Dungeons & Dragons - Heroes of the Lance (U) [!].nes
NES	Advanced Dungeons & Dragons - Hillsfar	Advanced Dungeons & Dragons - Hillsfar (U) [!].nes
NES	Advanced Dungeons & Dragons - Pool of Radiance	Advanced Dungeons & Dragons - Pool of Radiance (U) [!].nes
NES	Adventure Island	Adventure Island (U) [!].nes
NES	Adventure Island II	Adventure Island II (U) [!].nes
NES	Adventure Island III	Adventure Island III (U) [!].nes
NES	Adventures in the Magic Kingdom	Adventures in the Magic Kingdom (U) (Prototype) [!].nes
NES	Adventures of Bayou Billy, The	Adventures of Bayou Billy, The (U) [!].nes
NES	Adventures of Captain Comic, The	Adventures of Captain Comic, The (Color Dreams) [!].nes
NES	Adventures of Dino Riki, The	Adventures of Dino Riki, The (U) [!].nes
NES	Adventures of Gilligan's Island, The	Adventures of Gilligan's Island, The (U) [!].nes
NES	Adventures of Lolo	Adventures of Lolo (U) [!].nes
NES	Adventures of Lolo 2	Adventures of Lolo 2 (U) [!].nes
NES	Adventures of Lolo 3	Adventures of Lolo 3 (U) [!].nes
NES	Adventures of Rad Gravity, The	Adventures of Rad Gravity, The (U) [!].nes
NES	Adventures of Rocky and Bullwinkle and Friends, The	Adventures of Rocky and Bullwinkle and Friends, The (U) [!].nes
NES	Adventures of Tom Sawyer	Adventures of Tom Sawyer (U) [!].nes
NES	After Burner	After Burner II (J) [!].nes
NES	Aigiina no Yogen - From The Legend of Balubalouk	Aigiina no Yogen - From The Legend of Balubalouk (J) [T+Eng0.30_KP Hacks&Trans].nes
NES	Air Fortress	Air Fortress (U) [!].nes
NES	Airball	Airball (Unl) (Prototype1).nes
NES	Airwolf	Airwolf (U) [!].nes
NES	Akumajou Special - Boku Dracula-kun	Akumajou Special - Boku Dracula-kun (J) [T+Eng1.04_Vice Translations].nes
NES	Al Unser Jr. Turbo Racing	Al Unser Jr. Turbo Racing (U) [!].nes
NES	Aladdin	Aladdin (E) [!].nes
NES	Alfred Chicken	Alfred Chicken (U) [!].nes
NES	Alien 3	Alien 3 (U) [!].nes
NES	Alien Syndrome	Alien Syndrome (J).nes
NES	All-Pro Basketball	All-Pro Basketball (U) [!].nes
NES	Alpha Mission	Alpha Mission (U) [!].nes
NES	Amagon	Amagon (U) [!].nes
NES	American Gladiators	American Gladiators (U) [!].nes
NES	Anticipation	Anticipation (U) [!].nes
NES	Arch Rivals - A Basketbrawl!	Arch Rivals - A Basketbrawl! (U) [!].nes
NES	Archon	Archon (U) [!].nes
NES	Arkanoid	Arkanoid (U) [!].nes
NES	Arkista's Ring	Arkista's Ring (U) [!].nes
NES	Asterix	Asterix (E) [!].nes
NES	Astyanax	Astyanax (U) [!].nes
NES	Athena	Athena (U) [!].nes
NES	Athletic World	Athletic World (U) [!].nes
NES	Attack of the Killer Tomatoes	Attack of the Killer Tomatoes (U) [!].nes
NES	Aussie Rules Footy	Aussie Rules Footy (A) [!].nes
NES	Baby Boomer	Baby Boomer (Color Dreams) [!].nes
NES	Back to the Future	Back to the Future (U) [!].nes
NES	Back to the Future Part II & III	Back to the Future Part II & III (U) [!].nes
NES	Bad Dudes	Bad Dudes (U) [!].nes
NES	Bad News Baseball	Bad News Baseball (U) [!].nes
NES	Bad Street Brawler	Bad Street Brawler (U) [!].nes
NES	Balloon Fight	Balloon Fight (U) [!].nes
NES	Bananan Ouji no Daibouken	Banana Prince (G) [T+Eng1.1a(Graphics Restore)_KingMike].nes
NES	Bandai Golf - Challenge Pebble Beach	Bandai Golf - Challenge Pebble Beach (U) [!].nes
NES	Bandit Kings of Ancient China	Bandit Kings of Ancient China (U) [!].nes
NES	Barbie	Barbie (U) (REV0) [!].nes
NES	Bard's Tale, The - Tales of the Unknown	Bard's Tale, The - Tales of the Unknown (U) [!].nes
NES	Barker Bill's Trick Shooting	Barker Bill's Trick Shooting (U) [!].nes
NES	Base Wars - Cyber Stadium Series	Base Wars - Cyber Stadium Series (U) [!].nes
NES	Baseball	Baseball (U) [!].nes
NES	Baseball Simulator 1.000	Baseball Simulator 1.000 (U) [!].nes
NES	Baseball Stars	Baseball Stars (U) [!].nes
NES	Baseball Stars II	Baseball Stars II (U) [!].nes
NES	Bases Loaded	Bases Loaded (U) (PRG0) [!].nes
NES	Bases Loaded 3	Bases Loaded 3 (U) [!].nes
NES	Bases Loaded 4	Bases Loaded 4 (U) [!].nes
NES	Bases Loaded II	Bases Loaded II (U) [!].nes
NES	Batman	Batman (U) (Prototype) [!].nes
NES	Batman - Return of the Joker	Batman - Return of the Joker (U) [!].nes
NES	Batman Returns	Batman Returns (U) [!].nes
NES	Battle Chess	Battle Chess (U) [!].nes
NES	Battle of Olympus, The	Battle of Olympus, The (U) [!].nes
NES	Battle Tank	Battle Tank (U) [!].nes
NES	Battleship	Battleship (U) [!].nes
NES	Battletoads	Battletoads (U) [!].nes
NES	Battletoads & Double Dragon - The Ultimate Team	Battletoads & Double Dragon - The Ultimate Team (U) [!].nes
NES	Beauty and the Beast	Beauty and the Beast (E) [!].nes
NES	Bee 52	Bee 52 (Camerica) [!].nes
NES	Beetlejuice	Beetlejuice (U) [!].nes
NES	Best of the Best - Championship Karate	Best of the Best - Championship Karate (U) [!].nes
NES	Bible Adventures	Bible Adventures (Wisdom Tree) (V1.0) [!].nes
NES	Bible Buffet	Bible Buffet (Wisdom Tree) (V6.0) [!].nes
NES	Big Bird's Hide & Speak	Big Bird's Hide & Speak (U) [!].nes
NES	Big Nose Freaks Out	Big Nose Freaks Out (Camerica) (Aladdin) [!].nes
NES	Big Nose the Caveman	Big Nose the Caveman (Camerica) [!].nes
NES	Bigfoot	Bigfoot (U) [!].nes
NES	Bill & Ted's Excellent Video Game Adventure	Bill & Ted's Excellent Video Game Adventure (U) [!].nes
NES	Bill Elliott's NASCAR Challenge	Bill Elliott's NASCAR Challenge (U) [!].nes
NES	Bio Force Ape	Bio Force Ape (J) (Prototype).nes
NES	Bionic Commando	Bionic Commando (U) [!].nes
NES	Black Bass USA, The	Black Bass USA, The (U) [!].nes
NES	Blackjack	Blackjack (AVE) [!].nes
NES	Blades of Steel	Blades of Steel (U) [!].nes
NES	Blaster Master	Blaster Master (U) [!].nes
NES	Blue Marlin, The	Blue Marlin, The (U) [!].nes
NES	Blues Brothers, The	Blues Brothers, The (U) [!].nes
NES	Bo Jackson Baseball	Bo Jackson Baseball (U) [!].nes
NES	Bomberman	Bomberman (U) [!].nes
NES	Bomberman II	Bomberman II (U) [!].nes
NES	Bonk's Adventure	Bonk's Adventure (U) [!].nes
NES	Boulder Dash	Boulder Dash (U) [!].nes
NES	Boy and His Blob, A - Trouble on Blobolonia	Boy and His Blob, A - Trouble on Blobolonia (U) [!].nes
NES	Bram Stoker's Dracula	Bram Stoker's Dracula (U) [!].nes
NES	Break Time - The National Pool Tour	Break Time - The National Pool Tour (U) [!].nes
NES	BreakThru	BreakThru (U) [!].nes
NES	Bubble Bobble	Bubble Bobble (U) [!].nes
NES	Bubble Bobble Part 2	Bubble Bobble Part 2 (U) [!].nes
NES	Bucky O'Hare	Bucky O'Hare (U) [!].nes
NES	Bugs Bunny Birthday Blowout, The	Bugs Bunny Birthday Blowout, The (U) [!].nes
NES	Bugs Bunny Crazy Castle, The	Bugs Bunny Crazy Castle, The (U) [!].nes
NES	Bump'n'Jump	Bump'n'Jump (U) [!].nes
NES	Burai Fighter	Burai Fighter (U) [!].nes
NES	BurgerTime	BurgerTime (U) [!].nes
NES	Cabal	Cabal (U) [!].nes
NES	Caesars Palace	Caesars Palace (U) [!].nes
NES	California Games	California Games (U) [!].nes
NES	California Raisins, The - The Grape Escape	California Raisins, The - The Grape Escape (U) (Prototype) [!].nes
NES	Captain America and The Avengers	Captain America and The Avengers (U) [!].nes
NES	Captain Planet and The Planeteers	Captain Planet and The Planeteers (U) [!].nes
NES	Captain Skyhawk	Captain Skyhawk (U) (PRG0) [!].nes
NES	Casino Kid	Casino Kid (U) [!].nes
NES	Casino Kid 2	Casino Kid 2 (U) [!].nes
NES	Castelian	Castelian (U) [!].nes
NES	Castle of Deceit	Castle of Deceit (Bunch) [!].nes
NES	Castle of Dragon	Castle of Dragon (U) [!].nes
NES	Castlequest	Castlequest (U) [!].nes
NES	Castlevania	Castlevania (U) (PRG0) [!].nes
NES	Castlevania II - Simon's Quest	Castlevania II - Simon's Quest (U) [!].nes
NES	Castlevania III - Dracula's Curse	Castlevania III - Dracula's Curse (U) [!].nes
NES	Caveman Games	Caveman Games (U) [!].nes
NES	Challenge of the Dragon	Challenge of the Dragon (Color Dreams) [!].nes
NES	Championship Bowling	Championship Bowling (U) [!].nes
NES	Championship Pool	Championship Pool (U) [!].nes
NES	Championship Rally	Championship Rally (E) [!].nes
NES	Cheetah Men II	Cheetah Men II - Bugfixed Version 2.1 by PacoChan (Hack).nes
NES	Chessmaster, The	Chessmaster, The (U) (PRG0) [!].nes
NES	Chiller	Chiller (HES) [!].nes
NES	Chip 'n Dale Rescue Rangers	Chip 'n Dale Rescue Rangers (U) [!].nes
NES	Chip 'n Dale Rescue Rangers 2	Chip 'n Dale Rescue Rangers 2 (U) [!].nes
NES	Chubby Cherub	Chubby Cherub (U) [!].nes
NES	Circus Caper	Circus Caper (U) [!].nes
NES	City Connection	City Connection (U) [!].nes
NES	Clash at Demonhead	Clash at Demonhead (U) [!].nes
NES	Classic Concentration	Classic Concentration (U) [!].nes
NES	Cliffhanger	Cliffhanger (U) [!].nes
NES	Clu Clu Land	Clu Clu Land (W) [!].nes
NES	Cobra Command	Cobra Command (U) [!].nes
NES	Cobra Mission	Cobra Mission (CN-27) (Asder) [!].nes
NES	Cobra Triangle	Cobra Triangle (U) [!].nes
NES	Code Name - Viper	Code Name - Viper (U) [!].nes
NES	Color A Dinosaur	Color A Dinosaur (U) [!].nes
NES	Colorful Dragon	Tagin' Dragon (Bunch) [!].nes
NES	Commando	Commando (U) [!].nes
NES	Conan - The Mysteries of Time	Conan - The Mysteries of Time (U) [!].nes
NES	Conflict	Conflict (U) [!].nes
NES	Conquest of the Crystal Palace	Conquest of the Crystal Palace (U) [!].nes
NES	Contra	Contra (U) [!].nes
NES	Contra Force	Contra Force (U) [!].nes
NES	Cool World	Cool World (U) [!].nes
NES	Cosmic Wars	Cosmic Wars (J) [T+Eng.993fix_TransBRC].nes
NES	Cowboy Kid	Cowboy Kid (U) [!].nes
NES	Crackout	Crackout (E) (Prototype) [!].nes
NES	Crash 'n the Boys - Street Challenge	Crash 'n the Boys - Street Challenge (U) [!].nes
NES	Crisis Force	Crisis Force (J) [T+Eng1.0_Stardust Crusaders].nes
NES	Crystal Mines	Crystal Mines (Color Dreams) [!].nes
NES	Crystalis	Crystalis (U) [!].nes
NES	Cyberball	Cyberball (U) [!].nes
NES	Cybernoid - The Fighting Machine	Cybernoid - The Fighting Machine (U) [!].nes
NES	Dance Aerobics	Dance Aerobics (U) [!].nes
NES	Danny Sullivan's Indy Heat	Danny Sullivan's Indy Heat (U) [!].nes
NES	Darkman	Darkman (U) [!].nes
NES	Darkwing Duck	Darkwing Duck (U) [!].nes
NES	Dash Galaxy in the Alien Asylum	Dash Galaxy in the Alien Asylum (U) [!].nes
NES	Day Dreamin' Davey	Day Dreamin' Davey (U) [!].nes
NES	Days of Thunder	Days of Thunder (U) [!].nes
NES	Deadly Towers	Deadly Towers (U) [!].nes
NES	Death Race	Death Race (AGCI) [!].nes
NES	Deathbots	Deathbots (AVE) (V1.0) [!].nes
NES	Defender II	Defender II (U) [!].nes
NES	Defender of the Crown	Defender of the Crown (U) [!].nes
NES	Defenders of Dynatron City	Defenders of Dynatron City (U) [!].nes
NES	Deja Vu	Deja Vu (U) [!].nes
NES	Demon Sword	Demon Sword (U) [!].nes
NES	Desert Commander	Desert Commander (U) [!].nes
NES	Destination Earthstar	Destination Earthstar (U) [!].nes
NES	Destiny of an Emperor	Destiny of an Emperor (U) [!].nes
NES	Devil World	Devil World (E) [!].nes
NES	Dick Tracy	Dick Tracy (U) [!].nes
NES	Die Hard	Die Hard (U) [!].nes
NES	Dig Dug II - Trouble in Paradise	Dig Dug II - Trouble in Paradise (U) [!].nes
NES	Digger - The Legend of the Lost City	Digger - The Legend of the Lost City (U) [!].nes
NES	Dirty Harry - The War Against Drugs	Dirty Harry - The War Against Drugs (U) [!].nes
NES	Donkey Kong	Donkey Kong (W) (PRG1) [!].nes
NES	Donkey Kong 3	Donkey Kong 3 (W) [!].nes
NES	Donkey Kong Classics	Donkey Kong Classics (UE) [!].nes
NES	Donkey Kong Jr.	Donkey Kong Jr. (W) (PRG1) [!].nes
NES	Donkey Kong Jr. Math	Donkey Kong Jr. Math (U) [!].nes
NES	Double Dare	Double Dare (U) [!].nes
NES	Double Dragon	Double Dragon (U) [!].nes
NES	Double Dragon II - The Revenge	Double Dragon II - The Revenge (U) (PRG0) [!].nes
NES	Double Dragon III - The Sacred Stones	Double Dragon III - The Sacred Stones (U) [!].nes
NES	Double Dribble	Double Dribble (U) (PRG0) [!].nes
NES	Dr. Chaos	Dr. Chaos (U) [!].nes
NES	Dr. Jekyll and Mr. Hyde	Dr. Jekyll and Mr. Hyde (U) [!].nes
NES	Dr. Mario	Dr. Mario (JU) (PRG0) [!].nes
NES	Dragon Fighter	Dragon Fighter (U) [!].nes
NES	Dragon Power	Dragon Power (U) [!].nes
NES	Dragon Spirit - The New Legend	Dragon Spirit - The New Legend (U) [!].nes
NES	Dragon Warrior	Dragon Warrior (U) (PRG0) [!].nes
NES	Dragon Warrior II	Dragon Warrior II (U) [!].nes
NES	Dragon Warrior III	Dragon Warrior III (U) [!].nes
NES	Dragon Warrior IV	Dragon Warrior IV (U) [!].nes
NES	Dragon's Lair	Dragon's Lair (U) [!].nes
NES	Drop Zone	Drop Zone (E) [!].nes
NES	Duck	Duck Maze (HES) [!].nes
NES	Duck Hunt	Duck Hunt (W) [!].nes
NES	Duck Tales	Duck Tales (U) [!].nes
NES	Duck Tales 2	Duck Tales 2 (U) [!].nes
NES	Dudes With Attitude	Dudes With Attitude (AVE) (PRG0) [!].nes
NES	Dungeon Magic - Sword of the Elements	Dungeon Magic - Sword of the Elements (U) [!].nes
NES	Dusty Diamond's All-Star Softball	Dusty Diamond's All-Star Softball (U) [!].nes
NES	Dynowarz - The Destruction of Spondylus	Dynowarz - The Destruction of Spondylus (U) [!].nes
NES	Elevator Action	Elevator Action (U) [!].nes
NES	Eliminator Boat Duel	Eliminator Boat Duel (U) [!].nes
NES	Elite	Elite (E) [!].nes
NES	Excitebike	Excitebike (JU) [!].nes
NES	Exodus - Journey to the Promised Land	Exodus - Journey to the Promised Land (Wisdom Tree) (V4.0) [!].nes
NES	F-117A Stealth Fighter	F-117A Stealth Fighter (U) [!].nes
NES	F-15 City War	F-15 City War (AVE) (REV1.1) [!].nes
NES	F-15 Strike Eagle	F-15 Strike Eagle (U) [!].nes
NES	Family Feud	Family Feud (U) [!].nes
NES	Fantastic Adventures of Dizzy, The	Fantastic Adventures of Dizzy, The (Camerica) (Aladdin) [!].nes
NES	Fantasy Zone	Fantasy Zone (J) [!].nes
NES	Faria - A World of Mystery & Danger!	Faria - A World of Mystery & Danger! (U) [!].nes
NES	Faxanadu	Faxanadu (U) (PRG0) [!].nes
NES	Felix the Cat	Felix the Cat (U) [!].nes
NES	Ferrari - Grand Prix Challenge	Ferrari - Grand Prix Challenge (U) [!].nes
NES	Fester's Quest	Fester's Quest (U) [!].nes
NES	Final Fantasy	Final Fantasy (U) [!].nes
NES	Fire 'n Ice	Fire 'n Ice (U) [!].nes
NES	Fire Hawk	Fire Hawk (Camerica) [!].nes
NES	Firehouse Rescue	Firehouse Rescue (U) [!].nes
NES	Fist of the North Star	Fist of the North Star (U) [!].nes
NES	Flight of the Intruder	Flight of the Intruder (U) [!].nes
NES	Flintstones, The - The Rescue of Dino & Hoppy	Flintstones, The - The Rescue of Dino & Hoppy (U) [!].nes
NES	Flintstones, The - The Surprise at Dinosaur Peak!	Flintstones, The - The Surprise at Dinosaur Peak! (U) [!].nes
NES	Flying Dragon - The Secret Scroll	Flying Dragon - The Secret Scroll (U) [!].nes
NES	Flying Warriors	Flying Warriors (U) [!].nes
NES	Formula 1 Sensation	Formula 1 Sensation (E) [!].nes
NES	Formula One - Built To Win	Formula One - Built To Win (U) [!].nes
NES	Frankenstein - The Monster Returns	Frankenstein - The Monster Returns (U) [!].nes
NES	Freedom Force	Freedom Force (U) [!].nes
NES	Friday the 13th	Friday the 13th (U) [!].nes
NES	Fun House	Fun House (U) [!].nes
NES	G.I. Joe	G.I. Joe (U) [!].nes
NES	G.I. Joe - The Atlantis Factor	G.I. Joe - The Atlantis Factor (U) (Prototype) [!].nes
NES	Galaga - Demons of Death	Galaga - Demons of Death (U) [!].nes
NES	Galaxian	Galaxian (J) (REVA) [!].nes
NES	Galaxy 5000	Galaxy 5000 (U) [!].nes
NES	Gargoyle's Quest II - The Demon Darkness	Gargoyle's Quest II - The Demon Darkness (U) [!].nes
NES	Gauntlet	Gauntlet (U) [!].nes
NES	Gauntlet II	Gauntlet II (U) [!].nes
NES	Gemfire	Gemfire (U) [!].nes
NES	Genghis Khan	Genghis Khan (U) [!].nes
NES	George Foreman's KO Boxing	George Foreman's KO Boxing (U) [!].nes
NES	Ghostbusters	Ghostbusters (U) [!].nes
NES	Ghostbusters II	Ghostbusters II (U) [!].nes
NES	Ghosts 'N Goblins	Ghosts 'N Goblins (U) [!].nes
NES	Ghoul School	Ghoul School (U) [!].nes
NES	Goal!	Goal! (U) [!].nes
NES	Goal! Two	Goal! Two (U) [!].nes
NES	Godzilla - Monster of Monsters!	Godzilla - Monster of Monsters! (U) [!].nes
NES	Godzilla 2 - War of the Monsters	Godzilla 2 - War of the Monsters (U) [!].nes
NES	Gold Medal Challenge '92	Gold Medal Challenge '92 (U) [!].nes
NES	Golf	Golf (U) [!].nes
NES	Golf Grand Slam	Golf Grand Slam (U) [!].nes
NES	Golgo 13 - Top Secret Episode	Golgo 13 - Top Secret Episode (U) [!].nes
NES	Goonies II, The	Goonies II, The (U) [!].nes
NES	Gotcha! - The Sport!	Gotcha! - The Sport! (U) [!].nes
NES	Gradius	Gradius (U) [!].nes
NES	Great Waldo Search, The	Great Waldo Search, The (U) [!].nes
NES	Greg Norman's Golf Power	Greg Norman's Golf Power (U) [!].nes
NES	Gremlins 2 - The New Batch	Gremlins 2 - The New Batch (U) [!].nes
NES	Guardian Legend, The	Guardian Legend, The (U) [!].nes
NES	Guerrilla War	Guerrilla War (U) [!].nes
NES	Gumshoe	Gumshoe (U) [!].nes
NES	Gun-Nac	Gun-Nac (U) [!].nes
NES	Gun.Smoke	Gun.Smoke (U) [!].nes
NES	Gyromite	Gyromite (W) [!].nes
NES	Gyruss	Gyruss (U) [!].nes
NES	Hammerin' Harry	Hammerin' Harry (E) [!].nes
NES	Harlem Globetrotters	Harlem Globetrotters (U) [!].nes
NES	Hatris	Hatris (U) [!].nes
NES	Heavy Barrel	Heavy Barrel (U) [!].nes
NES	Heavy Shreddin'	Heavy Shreddin' (U) [!].nes
NES	Hell Fighter	Hell Fighter (Sachen) [!].nes
NES	High Speed	High Speed (U) [!].nes
NES	Hogan's Alley	Hogan's Alley (W) [!].nes
NES	Hollywood Squares	Hollywood Squares (U) [!].nes
NES	Home Alone	Home Alone (U) (REV0) [!].nes
NES	Home Alone 2 - Lost in New York	Home Alone 2 - Lost in New York (U) [!].nes
NES	Hook	Hook (U) [!].nes
NES	Hoops	Hoops (U) [!].nes
NES	Hudson Hawk	Hudson Hawk (U) [!].nes
NES	Hunt for Red October, The	Hunt for Red October, The (U) (REV0) [!].nes
NES	Hydlide	Hydlide (U) [!].nes
NES	I Can Remember	I Can Remember (U) [!].nes
NES	Ice Climber	Ice Climber (UE) [!].nes
NES	Ice Hockey	Ice Hockey (U) [!].nes
NES	Ikari III - The Rescue	Ikari III - The Rescue (U) [!].nes
NES	Ikari Warriors	Ikari Warriors (U) (PRG0) [!].nes
NES	Ikari Warriors II - Victory Road	Ikari Warriors II - Victory Road (U) [!].nes
NES	Image Fight	Image Fight (U) [!].nes
NES	Immortal, The	Immortal, The (U) [!].nes
NES	Impossible Mission II	Impossible Mission II (U) [!].nes
NES	Incredible Crash Dummies, The	Incredible Crash Dummies, The (U) [!].nes
NES	Indiana Jones and the Last Crusade	Indiana Jones and the Last Crusade (U) (Taito) [!].nes
NES	Indiana Jones and the Temple of Doom	Indiana Jones and the Temple of Doom (U) (PRG0) [!].nes
NES	Infiltrator	Infiltrator (U) [!].nes
NES	International Cricket	International Cricket (A) (Prototype) [!].nes
NES	Iron Tank - The Invasion of Normandy	Iron Tank - The Invasion of Normandy (U) [!].nes
NES	Ironsword - Wizards & Warriors II	Ironsword - Wizards & Warriors II (U) [!].nes
NES	Isolated Warrior	Isolated Warrior (U) [!].nes
NES	Ivan Ironman Stewart's Super Off-Road	Ivan Ironman Stewart's Super Off-Road (U) [!].nes
NES	Jack Nicklaus' Greatest 18 Holes of Major Championship Golf	Jack Nicklaus' Greatest 18 Holes of Major Championship Golf (U) [!].nes
NES	Jackal	Jackal (U) [!].nes
NES	Jackie Chan's Action Kung Fu	Jackie Chan's Action Kung Fu (U) [!].nes
NES	James Bond Jr	James Bond Jr (U) [!].nes
NES	Jaws	Jaws (U) [!].nes
NES	Jeopardy!	Jeopardy! (U) (PRG0) [!].nes
NES	Jetsons, The - Cogswell's Caper!	Jetsons, The - Cogswell's Caper! (U) [!].nes
NES	Jim Henson's Muppet Adventure - Chaos at the Carnival	Jim Henson's Muppet Adventure - Chaos at the Carnival (U) [!].nes
NES	Jimmy Connor's Tennis	Jimmy Connor's Tennis (U) [!].nes
NES	Joe & Mac - Caveman Ninja	Joe & Mac - Caveman Ninja (U) [!].nes
NES	John Elway's Quarterback	John Elway's Quarterback (U) [!].nes
NES	Jordan Vs Bird - One On One	Jordan Vs Bird - One On One (U) [!].nes
NES	Joshua & the Battle of Jericho	Joshua & the Battle of Jericho (Wisdom Tree) (V6.0) [!].nes
NES	Journey to Silius	Journey to Silius (U) [!].nes
NES	Joust	Joust (U) [!].nes
NES	Jovial Race	Jovial Race (Sachen) [!].nes
NES	Jungle Book, The	Jungle Book, The (U) [!].nes
NES	Jurassic Park	Jurassic Park (U) [!].nes
NES	Kabuki - Quantum Fighter	Kabuki - Quantum Fighter (U) [!].nes
NES	Karate Champ	Karate Champ (U) (REV0) [!].nes
NES	Karate Kid, The	Karate Kid, The (U) [!].nes
NES	Karnov	Karnov (U) [!].nes
NES	Kick Master	Kick Master (U) [!].nes
NES	Kick Off	Kick Off (E) [!].nes
NES	Kickle Cubicle	Kickle Cubicle (U) [!].nes
NES	Kid Icarus	Kid Icarus (UE) [!].nes
NES	Kid Klown	Kid Klown (U) [!].nes
NES	Kid Kool and the Quest for the 7 Wonder Herbs	Kid Kool and the Quest for the 7 Wonder Herbs (U) [!].nes
NES	Kid Niki - Radical Ninja	Kid Niki - Radical Ninja (U) (PRG0) [!].nes
NES	King Neptune's Adventure	King Neptune's Adventure (Color Dreams) [!].nes
NES	King of Kings - The Early Years	King of Kings - The Early Years (Wisdom Tree) (V1.2) [!].nes
NES	King's Knight	King's Knight (U) [!].nes
NES	King's Quest V	King's Quest V (U) [!].nes
NES	Kings of the Beach	Kings of the Beach (U) [!].nes
NES	Kirby's Adventure	Kirby's Adventure (U) (PRG0) [!].nes
NES	Kiwi Kraze - A Bird-Brained Adventure!	Kiwi Kraze - A Bird-Brained Adventure! (U) [!].nes
NES	Klash Ball	Klash Ball (U) [!].nes
NES	Klax	Klax (J) [!].nes
NES	Knight Rider	Knight Rider (U) [!].nes
NES	Konami Hyper Soccer	Konami Hyper Soccer (E) [!].nes
NES	Krazy Kreatures	Krazy Kreatures (AVE) (V1.0) [!].nes
NES	Krion Conquest, The	Krion Conquest, The (U) [!].nes
NES	Krusty's Fun House	Krusty's Fun House (U) [!].nes
NES	Kung Fu	Kung Fu (U) [!].nes
NES	Kung-Fu Heroes	Kung-Fu Heroes (U) [!].nes
NES	L'Empereur	L'Empereur (U) [!].nes
NES	Labyrinth	Labyrinth (J) [T+Eng1.00b_Suicidal].nes
NES	Laser Invasion	Laser Invasion (U) [!].nes
NES	Last Action Hero	Last Action Hero (U) [!].nes
NES	Last Ninja, The	Last Ninja, The (U) [!].nes
NES	Last Starfighter, The	Last Starfighter, The (U) [!].nes
NES	Lee Trevino's Fighting Golf	Lee Trevino's Fighting Golf (U) [!].nes
NES	Legacy of the Wizard	Legacy of the Wizard (U) [!].nes
NES	Legend of Kage, The	Legend of Kage, The (U) [!].nes
NES	Legend of Prince Valiant, The	Legend of Prince Valiant, The (E) [!].nes
NES	Legend of the Ghost Lion	Legend of the Ghost Lion (U) [!].nes
NES	Legend of Zelda, The	Legend of Zelda, The (U) (PRG0) [!].nes
NES	Legendary Wings	Legendary Wings (U) [!].nes
NES	Legends of the Diamond - The Baseball Championship Game	Legends of the Diamond - The Baseball Championship Game (U) [!].nes
NES	Lemmings	Lemmings (U) [!].nes
NES	Lethal Weapon	Lethal Weapon (U) [!].nes
NES	Life Force	Life Force (U) [!].nes
NES	Linus Spacehead's Cosmic Crusade	Linus Spacehead's Cosmic Crusade (Camerica) (Aladdin) (M4) [!].nes
NES	Lion King, The	Lion King, The (E) [!].nes
NES	Little League Baseball - Championship Series	Little League Baseball - Championship Series (U) [!].nes
NES	Little Mermaid, The	Little Mermaid, The (U) [!].nes
NES	Little Nemo - The Dream Master	Little Nemo - The Dream Master (U) [!].nes
NES	Little Ninja Brothers	Little Ninja Brothers (U) [!].nes
NES	Little Red Hood	Little Red Hood (Sachen-HES) [!].nes
NES	Little Samson	Little Samson (U) [!].nes
NES	Lode Runner	Lode Runner (U) [!].nes
NES	Lone Ranger, The	Lone Ranger, The (U) [!].nes
NES	Loopz	Loopz (U) [!].nes
NES	Low G Man - The Low Gravity Man	Low G Man - The Low Gravity Man (U) [!].nes
NES	Lunar Pool	Lunar Pool (U) [!].nes
NES	M.C. Kids	M.C Kids (U) (Prototype) [!].nes
NES	M.U.L.E.	M.U.L.E. (U) [!].nes
NES	M.U.S.C.L.E.	M.U.S.C.L.E. (U) [!].nes
NES	Mach Rider	Mach Rider (JU) (PRG0) [!].nes
NES	Mad Max	Mad Max (U) [!].nes
NES	Mafat Conspiracy - Golgo 13	Mafat Conspiracy - Golgo 13 (U) [!].nes
NES	Magic Bubble	Mermaids of Atlantis - The Riddle of the Magic Bubble (AVE) [!].nes
NES	Magic Darts	Magic Darts (U) [!].nes
NES	Magic Johnson's Fast Break	Magic Johnson's Fast Break (U) [!].nes
NES	Magic of Scheherazade, The	Magic of Scheherazade, The (U) [!].nes
NES	Magician	Magician (U) [!].nes
NES	Magmax	Magmax (U) [!].nes
NES	Major League Baseball	Major League Baseball (U) (PRG0) [!].nes
NES	Maniac Mansion	Maniac Mansion (U) (Prototype) [!].nes
NES	Mappy-Land	Mappy-Land (U) [!].nes
NES	Marble Madness	Marble Madness (U) [!].nes
NES	Mario Bros.	Mario Bros. (W) [!].nes
NES	Mario is Missing!	Mario is Missing! (U) [!].nes
NES	Mario's Time Machine!	Mario's Time Machine! (U) [!].nes
NES	Master Chu & The Drunkard Hu	Master Chu & The Drunkard Hu (Color Dreams) [!].nes
NES	Maxi 15 (AVE)	Maxi 15 (AVE) [!].nes
NES	Maxi 15 (HES) (Red Version)	Maxi 15 (HES) (Red Version) [!].nes
NES	Mechanized Attack	Mechanized Attack (U) [!].nes
NES	Megaman	Megaman (U) [!].nes
NES	Megaman II	Megaman II (U) [!].nes
NES	Megaman III	Megaman III (U) (Prototype) [!].nes
NES	Megaman IV	Megaman IV (U) (PRG0) [!].nes
NES	Megaman V	Megaman V (U) [!].nes
NES	Megaman VI	Megaman VI (U) [!].nes
NES	Menace Beach	Menace Beach (Color Dreams) [!].nes
NES	Mendel Palace	Mendel Palace (U) [!].nes
NES	Metal Fighter	Mei Loi Siu Ji (Metal Fighter) (Sachen) [!].nes
NES	Metal Gear	Metal Gear (U) [!].nes
NES	Metal Mech - Man & Machine	Metal Mech - Man & Machine (U) [!].nes
NES	Metal Storm	Metal Storm (U) [!].nes
NES	Metroid	Metroid (U) [!].nes
NES	Michael Andretti's World Grand Prix	Michael Andretti's World Grand Prix (U) [!].nes
NES	Mickey Mousecapade	Mickey Mousecapade (U) [!].nes
NES	Mickey's Adventures in Numberland	Mickey's Adventures in Numberland (U) [!].nes
NES	Mickey's Safari in Letterland	Mickey's Safari in Letterland (U) [!].nes
NES	Micro Machines	Micro Machines (E) (Unl).nes
NES	MiG 29 - Soviet Fighter	MiG 29 - Soviet Fighter (Camerica) [!].nes
NES	Might and Magic - Secret of the Inner Sanctum	Might and Magic - Secret of the Inner Sanctum (U) [!].nes
NES	Mighty Bomb Jack	Mighty Bomb Jack (U) [!].nes
NES	Mighty Final Fight	Mighty Final Fight (U) [!].nes
NES	Millipede	Millipede (U) [!].nes
NES	Milon's Secret Castle	Milon's Secret Castle (U) [!].nes
NES	Mind Blower Pak (HES)	Mind Blower Pak (HES).nes
NES	Miracle Piano Teaching System, The	Miracle Piano Teaching System, The (U) [!].nes
NES	Mission - Impossible	Mission - Impossible (U) [!].nes
NES	Monopoly	Monopoly (U) [!].nes
NES	Monster in My Pocket	Monster in My Pocket (U) [!].nes
NES	Monster Party	Monster Party (U) [!].nes
NES	Monster Truck Rally	Monster Truck Rally (U) [!].nes
NES	Moon Ranger	Moon Ranger (Bunch) [!].nes
NES	Mother	Earthbound (U) (Prototype).nes
NES	Motor City Patrol	Motor City Patrol (U) [!].nes
NES	Mr. Gimmick	Mr. Gimmick (E) [!].nes
NES	Ms. Pac-Man	Ms. Pac-Man (U) [!].nes
NES	Mutant Virus, The	Mutant Virus, The (U) [!].nes
NES	Mystery Quest	Mystery Quest (U) [!].nes
NES	NARC	NARC (U) [!].nes
NES	NES Open Tournament Golf	NES Open Tournament Golf (U) [!].nes
NES	NES Play Action Football	NES Play Action Football (U) [!].nes
NES	New Ghostbusters II	New Ghostbusters II (E) [!].nes
NES	NFL Football	NFL Football (U) [!].nes
NES	Nigel Mansell's World Championship Challenge	Nigel Mansell's World Championship Challenge (U) [!].nes
NES	Nightmare on Elm Street, A	Nightmare on Elm Street, A (U) [!].nes
NES	Nightshade	Nightshade (U) [!].nes
NES	Ninja Crusaders	Ninja Crusaders (U) [!].nes
NES	Ninja Gaiden	Ninja Gaiden (U) [!].nes
NES	Ninja Gaiden II - The Dark Sword of Chaos	Ninja Gaiden II - The Dark Sword of Chaos (U) [!].nes
NES	Ninja Gaiden III - The Ancient Ship of Doom	Ninja Gaiden III - The Ancient Ship of Doom (U) [!].nes
NES	Ninja Kid	Ninja Kid (U) [!].nes
NES	Nintendo World Championships 1990	Nintendo World Championships 1990 (U) [!].nes
NES	Nintendo World Cup	Nintendo World Cup (U) [!].nes
NES	Noah's Ark	Noah's Ark (E) [!].nes
NES	Nobunaga's Ambition	Nobunaga's Ambition (U) [!].nes
NES	Nobunaga's Ambition 2	Nobunaga's Ambition 2 (U) [!].nes
NES	Nomolos - Storming the Catsle Demo (PD)	Nomolos - Storming the Catsle Demo (PD).nes
NES	North & South	North & South (U) [!].nes
NES	Operation Secret Storm	Operation Secret Storm (Color Dreams) [!].nes
NES	Operation Wolf	Operation Wolf (U) [!].nes
NES	Orb 3D	Orb 3D (U) [!].nes
NES	Othello	Othello (U) [!].nes
NES	Over Horizon	Over Horizon (E) [!].nes
NES	Overlord	Overlord (U) [!].nes
NES	P'radikus Conflict, The	P'radikus Conflict, The (Color Dreams) [!].nes
NES	P.O.W. - Prisoners of War	P.O.W. - Prisoners of War (U) [!].nes
NES	Pac-Man	Pac-Man (U) (Namco) [!].nes
NES	Pac-Mania	Pac-Mania (Tengen) [!].nes
NES	Palamedes	Palamedes (U) [!].nes
NES	Panic Restaurant	Panic Restaurant (U) [!].nes
NES	Paperboy	Paperboy (U) [!].nes
NES	Paperboy 2	Paperboy 2 (U) [!].nes
NES	Parasol Stars - The Story of Bubble Bobble 3	Parasol Stars - The Story of Bubble Bobble 3 (E) (Prototype) [!].nes
NES	Parodius	Parodius (E) [!].nes
NES	Penguin & Seal, The	Dung Dung No 1 (Ch).nes
NES	Perfect Fit	Perfect Fit (U) [!].nes
NES	Pescatore	Pescatore (J) (Prototype) [T+Eng1.0_KingMike].nes
NES	Peter Pan & The Pirates	Peter Pan & The Pirates (U) [!].nes
NES	Phantom Fighter	Phantom Fighter (U) [!].nes
NES	Pictionary	Pictionary (U) [!].nes
NES	Pin Bot	Pin Bot (U) [!].nes
NES	Pinball	Pinball (JU) [!].nes
NES	Pinball Quest	Pinball Quest (U) [!].nes
NES	Pipe Dream	Pipe Dream (U) [!].nes
NES	Pirates!	Pirates! (U) [!].nes
NES	Platoon	Platoon (U) (PRG0) [!].nes
NES	Popeye	Popeye (W) (PRG1) [!].nes
NES	Power Blade	Power Blade (U) [!].nes
NES	Power Blade 2	Power Blade 2 (U) [!].nes
NES	Power Punch 2	Power Punch 2 (U) [!].nes
NES	Predator	Predator (U) [!].nes
NES	Prince of Persia	Prince of Persia (U) [!].nes
NES	Princess Tomato in Salad Kingdom	Princess Tomato in Salad Kingdom (U) [!].nes
NES	Pro Sport Hockey	Pro Sport Hockey (U) [!].nes
NES	Pro Wrestling	Pro Wrestling (U) (PRG0) [!].nes
NES	Punch-Out!!	Mike Tyson's Punch-Out!! (JU) (PRG0) [!].nes
NES	Punisher, The	Punisher, The (U) [!].nes
NES	Puss 'n Boots - Pero's Great Adventure	Puss 'n Boots - Pero's Great Adventure (U) [!].nes
NES	Puzzle	Puzzle (NINA03-USA) (AVE) [!].nes
NES	Puzznic	Puzznic (U) [!].nes
NES	Pyramid	Pyramid (AVE) (PRG0) [!].nes
NES	Q-bert	Q-bert (U) [!].nes
NES	Qix	Qix (U) [!].nes
NES	Quattro Adventure	Quattro Adventure (Camerica) (Aladdin) [!].nes
NES	Quattro Arcade	Quattro Arcade (Camerica) [!].nes
NES	Quattro Sports	Quattro Sports (Camerica) (Aladdin) [!].nes
NES	R.B.I. Baseball	R.B.I. Baseball (U) [!].nes
NES	R.B.I. Baseball 2	R.B.I. Baseball 2 (Tengen) [!].nes
NES	R.B.I. Baseball 3	R.B.I. Baseball 3 (Tengen) [!].nes
NES	R.C. Pro-Am	R.C. Pro-Am (U) (PRG0) [!].nes
NES	R.C. Pro-Am II	R.C. Pro-Am II (U) [!].nes
NES	Race America	Race America (U) [!].nes
NES	Racket Attack	Racket Attack (U) [!].nes
NES	Rackets & Rivals	Rackets & Rivals (E) [!].nes
NES	Rad Racer	Rad Racer (U) [!].nes
NES	Rad Racer 2	Rad Racer 2 (U) [!].nes
NES	Rad Racket - Deluxe Tennis II	Rad Racket - Deluxe Tennis II (AVE) [!].nes
NES	Raid 2020	Raid 2020 (Color Dreams) [!].nes
NES	Raid on Bungeling Bay	Raid on Bungeling Bay (U) [!].nes
NES	Rainbow Islands - The Story of Bubble Bobble 2	Rainbow Islands - The Story of Bubble Bobble 2 (U) [!].nes
NES	Rally Bike	Rally Bike (U) [!].nes
NES	Rambo	Rambo (U) (PRG0) [!].nes
NES	Rampage	Rampage (U) [!].nes
NES	Rampart	Rampart (U) [!].nes
NES	Remote Control	Remote Control (U) [!].nes
NES	Ren & Stimpy Show, The	Ren & Stimpy Show, The (U) [!].nes
NES	Renegade	Renegade (U) [!].nes
NES	Rescue - The Embassy Mission	Rescue - The Embassy Mission (U) [!].nes
NES	Ring King	Ring King (U) [!].nes
NES	River City Ransom	River City Ransom (U) [!].nes
NES	Road Fighter	Road Fighter (E) [!].nes
NES	Road Runner	Road Runner (Tengen) [!].nes
NES	RoadBlasters	RoadBlasters (U) [!].nes
NES	Robin Hood - Prince of Thieves	Robin Hood - Prince of Thieves (U) (PRG0) [!].nes
NES	Robo Warrior	Robo Warrior (U) [!].nes
NES	RoboCop	RoboCop (U) [!].nes
NES	RoboCop 2	RoboCop 2 (U) (PRG0) [!].nes
NES	RoboCop 3	RoboCop 3 (U) [!].nes
NES	Robodemons	Robodemons (Color Dreams) [!].nes
NES	Rock 'n' Ball	Rock 'n' Ball (U) [!].nes
NES	Rocket Ranger	Rocket Ranger (U) [!].nes
NES	Rocketeer, The	Rocketeer, The (U) [!].nes
NES	Rockin' Kats	Rockin' Kats (U) [!].nes
NES	Rod Land	Rod Land (E) (Prototype) [!].nes
NES	Roger Clemens' MVP Baseball	Roger Clemens' MVP Baseball (U) [!].nes
NES	Rollerball	Rollerball (U) [!].nes
NES	Rollerblade Racer	Rollerblade Racer (U) [!].nes
NES	Rollergames	Rollergames (U) [!].nes
NES	Rolling Thunder	Rolling Thunder (J) [!].nes
NES	Romance of The Three Kingdoms	Romance of The Three Kingdoms (U) [!].nes
NES	Romance of The Three Kingdoms II	Romance of The Three Kingdoms II (U) [!].nes
NES	Roundball - 2-on-2 Challenge	Roundball - 2-on-2 Challenge (U) [!].nes
NES	Rush'n Attack	Rush'n Attack (U) [!].nes
NES	Rygar	Rygar (U) (PRG0) [!].nes
NES	S.C.A.T. - Special Cybernetic Attack Team	S.C.A.T. - Special Cybernetic Attack Team (U) [!].nes
NES	Secret Scout in the Temple of Demise	Secret Scout in the Temple of Demise (Color Dreams) [!].nes
NES	Section-Z	Section-Z (U) [!].nes
NES	Seicross	Seicross (U) [!].nes
NES	Sesame Street 123	Sesame Street 123 (U) [!].nes
NES	Sesame Street 123 - ABC	Sesame Street 123 - ABC (U) [!].nes
NES	Sesame Street ABC	Sesame Street ABC (U) [!].nes
NES	Sesame Street Countdown	Sesame Street Countdown (U) [!].nes
NES	Shadow of the Ninja	Shadow of the Ninja (U) [!].nes
NES	Shadowgate	Shadowgate (U) [!].nes
NES	Shatterhand	Shatterhand (U) [!].nes
NES	Shingen The Ruler	Shingen The Ruler (U) [!].nes
NES	Shinobi	Shinobi (Tengen) [!].nes
NES	Shockwave	Shockwave (AGCI) [!].nes
NES	Shooting Range	Shooting Range (U) [!].nes
NES	Short Order - Eggsplode	Short Order - Eggsplode (U) [!].nes
NES	Side Pocket	Side Pocket (U) [!].nes
NES	Silent Assault	Silent Assault (Color Dreams) [!].nes
NES	Silent Service	Silent Service (U) (PRG0) [!].nes
NES	Silkworm	Silkworm (U) [!].nes
NES	Silver Surfer	Silver Surfer (U) [!].nes
NES	Simpsons, The - Bart Vs. the Space Mutants	Simpsons, The - Bart Vs. the Space Mutants (U) (PRG0) [!].nes
NES	Simpsons, The - Bart Vs. the World	Simpsons, The - Bart Vs. the World (U) [!].nes
NES	Simpsons, The - Bartman Meets Radioactive Man	Simpsons, The - Bartman Meets Radioactive Man (U) [!].nes
NES	Skate or Die 2 - The Search for Double Trouble	Skate or Die 2 - The Search for Double Trouble (U) [!].nes
NES	Skate or Die!	Skate or Die! (U) [!].nes
NES	Ski or Die	Ski or Die (U) [!].nes
NES	Skull & Crossbones	Skull & Crossbones (Tengen) [!].nes
NES	Sky Kid	Sky Kid (U) [!].nes
NES	Sky Shark	Sky Shark (U) [!].nes
NES	Slalom	Slalom (U) [!].nes
NES	Smash T.V.	Smash T.V. (U) [!].nes
NES	Smurfs, The	Smurfs, The (E) (M4) [!].nes
NES	Snake Rattle N Roll	Snake Rattle N Roll (U) [!].nes
NES	Snake's Revenge	Snake's Revenge (U) [!].nes
NES	Snoopy's Silly Sports Spectacular	Snoopy's Silly Sports Spectacular (U) [!].nes
NES	Snow Bros.	Snow Bros. (U) [!].nes
NES	Soccer	Soccer (JU) [!].nes
NES	Solar Jetman - Hunt for the Golden Warpship	Solar Jetman - Hunt for the Golden Warpship (U) [!].nes
NES	Solitaire	Solitaire (AVE) (REV1.1) [!].nes
NES	Solomon's Key	Solomon's Key (U) [!].nes
NES	Solstice - The Quest for the Staff of Demnos	Solstice - The Quest for the Staff of Demnos (U) [!].nes
NES	Somari	Somari (SOMARI-P) (NT-616) (Unl) [!].nes
NES	Space Shuttle Project	Space Shuttle Project (U) [!].nes
NES	Spelunker	Spelunker (U) [!].nes
NES	Spider-Man - Return of the Sinister Six	Spider-Man - Return of the Sinister Six (U) [!].nes
NES	Spiritual Warfare	Spiritual Warfare (Wisdom Tree) (V5.1) [!].nes
NES	Splatter House - Wanpaku Graffiti	Splatter House - Wanpaku Graffiti (J) [T+Eng2.0_Spinner8].nes
NES	Spot	Spot (U) [!].nes
NES	Spy Hunter	Spy Hunter (U) [!].nes
NES	Spy vs Spy	Spy vs Spy (U) [!].nes
NES	Sqoon	Sqoon (U) [!].nes
NES	Stack Up	Stack Up (Block Set) (W) [!].nes
NES	Stadium Events	Stadium Events (U) [!].nes
NES	Stanley - The Search for Dr. Livingston	Stanley - The Search for Dr. Livingston (U) [!].nes
NES	Star Force	Star Force (U) (Prototype) [!].nes
NES	Star Soldier	Star Soldier (U) [!].nes
NES	Star Trek - 25th Anniversary	Star Trek - 25th Anniversary (U) [!].nes
NES	Star Trek - The Next Generation	Star Trek - The Next Generation (U) [!].nes
NES	Star Voyager	Star Voyager (U) [!].nes
NES	Star Wars	Star Wars (U) (Prototype) [!].nes
NES	Star Wars - The Empire Strikes Back	Star Wars - The Empire Strikes Back (U) [!].nes
NES	Starship Hector	Starship Hector (U) [!].nes
NES	Startropics	Startropics (U) [!].nes
NES	Startropics II - Zoda's Revenge	Startropics II - Zoda's Revenge (U) [!].nes
NES	Stealth ATF	Stealth ATF (U) [!].nes
NES	Stinger	Stinger (U) [!].nes
NES	Street Cop	Street Cop (U) [!].nes
NES	Street Fighter 2010 - The Final Fight	Street Fighter 2010 - The Final Fight (U) [!].nes
NES	Strider	Strider (U) [!].nes
NES	Stunt Kids	Stunt Kids (Camerica) [!].nes
NES	Super C	Super C (U) [!].nes
NES	Super Cars	Super Cars (U) [!].nes
NES	Super Dodge Ball	Super Dodge Ball (U) [!].nes
NES	Super Glove Ball	Super Glove Ball (U) [!].nes
NES	Super Jeopardy!	Super Jeopardy! (U) [!].nes
NES	Super Mario Bros.	Super Mario Bros. (W) [!].nes
NES	Super Mario Bros. + Duck Hunt	Super Mario Bros. + Duck Hunt (U) [!].nes
NES	Super Mario Bros. + Duck Hunt + World Class Track Meet	Super Mario Bros. + Duck Hunt + World Class Track Meet (U) (PRG0) [!].nes
NES	Super Mario Bros. + Tetris + Nintendo World Cup	Super Mario Bros. + Tetris + Nintendo World Cup (E) [!].nes
NES	Super Mario Bros. 2	Super Mario Bros. 2 (U) (PRG0) [!].nes
NES	Super Mario Bros. 3	Super Mario Bros. 3 (U) (PRG0) [!].nes
NES	Super Mario World	Super Mario World (Unl).nes
NES	Super Pitfall	Super Pitfall (U) [!].nes
NES	Super Spike V'Ball	Super Spike V'Ball (U) [!].nes
NES	Super Spike V'Ball + Nintendo World Cup	Super Spike V'Ball + Nintendo World Cup (U) [!].nes
NES	Super Sprint	Super Sprint (J) [!].nes
NES	Super Spy Hunter	Super Spy Hunter (U) [!].nes
NES	Super Team Games	Super Team Games (U) [!].nes
NES	Super Turrican	Super Turrican (E) [!].nes
NES	Superman	Superman (U) (Prototype) [!].nes
NES	Swamp Thing	Swamp Thing (U) [!].nes
NES	Sweet Home	Sweet Home (J) [T+Eng1.00_Gaijin Productions,Suicidal].nes
NES	Sword Master	Sword Master (U) [!].nes
NES	Swords and Serpents	Swords and Serpents (U) [!].nes
NES	T&C 2 - Thrilla's Surfari	T&C 2 - Thrilla's Surfari (U) [!].nes
NES	T&C Surf Design	T&C Surf Design (U) [!].nes
NES	Taboo - The Sixth Sense	Taboo - The Sixth Sense (U) (PRG0) [!].nes
NES	Tag Team Wrestling	Tag Team Wrestling (U) [!].nes
NES	TaleSpin	TaleSpin (U) [!].nes
NES	Target - Renegade	Target - Renegade (U) [!].nes
NES	Tecmo Baseball	Tecmo Baseball (U) [!].nes
NES	Tecmo Bowl	Tecmo Bowl (U) (PRG0) [!].nes
NES	Tecmo Cup - Soccer Game	Tecmo Cup - Soccer Game (U) [!].nes
NES	Tecmo NBA Basketball	Tecmo NBA Basketball (U) (REV0) [!].nes
NES	Tecmo Super Bowl	Tecmo Super Bowl (U) [!].nes
NES	Tecmo World Cup Soccer	Tecmo World Cup Soccer (E) [!].nes
NES	Tecmo World Wrestling	Tecmo World Wrestling (U) [!].nes
NES	Teenage Mutant Ninja Turtles	Teenage Mutant Ninja Turtles (U) [!].nes
NES	Teenage Mutant Ninja Turtles - Tournament Fighters	Teenage Mutant Ninja Turtles - Tournament Fighters (U) [!].nes
NES	Teenage Mutant Ninja Turtles II - The Arcade Game	Teenage Mutant Ninja Turtles II - The Arcade Game (U) [!].nes
NES	Teenage Mutant Ninja Turtles III - The Manhattan Project	Teenage Mutant Ninja Turtles III - The Manhattan Project (U) [!].nes
NES	Tennis	Tennis (JU) [!].nes
NES	Terminator 2 - Judgment Day	Terminator 2 - Judgment Day (U) [!].nes
NES	Terminator, The	Terminator, The (U) [!].nes
NES	Terra Cresta	Terra Cresta (U) [!].nes
NES	Tetris	Tetris (U) [!].nes
NES	Tetris 2	Tetris 2 (U) [!].nes
NES	Thexder	Thexder (J) [!].nes
NES	Three Stooges	Three Stooges (U) [!].nes
NES	Thunder & Lightning	Thunder & Lightning (U) [!].nes
NES	Thunderbirds	Thunderbirds (U) [!].nes
NES	Thundercade	Thundercade (U) [!].nes
NES	Tiger-Heli	Tiger-Heli (U) [!].nes
NES	Tiles of Fate	Tiles of Fate (AVE) [!].nes
NES	Time Lord	Time Lord (U) [!].nes
NES	Times of Lore	Times of Lore (U) [!].nes
NES	Tiny Toon Adventures	Tiny Toon Adventures (U) [!].nes
NES	Tiny Toon Adventures 2 - Trouble in Wackyland	Tiny Toon Adventures 2 - Trouble in Wackyland (U) [!].nes
NES	Tiny Toon Adventures Cartoon Workshop	Tiny Toon Adventures Cartoon Workshop (U) [!].nes
NES	To The Earth	To The Earth (U) [!].nes
NES	Toki	Toki (U) [!].nes
NES	Tom & Jerry	Tom & Jerry (U) [!].nes
NES	Tombs & Treasure	Tombs & Treasure (U) [!].nes
NES	Toobin'	Toobin' (Tengen) [!].nes
NES	Top Gun	Top Gun (U) (PRG0) [!].nes
NES	Top Gun - The Second Mission	Top Gun - The Second Mission (U) [!].nes
NES	Top Players' Tennis - Featuring Chris Evert & Ivan Lendl	Top Players' Tennis - Featuring Chris Evert & Ivan Lendl (U) [!].nes
NES	Total Funpak (HES)	Total Funpak (HES).nes
NES	Total Recall	Total Recall (U) [!].nes
NES	Totally Rad	Totally Rad (U) [!].nes
NES	Touch Down Fever	Touch Down Fever (U) [!].nes
NES	Toxic Crusaders	Toxic Crusaders (U) [!].nes
NES	Track & Field	Track & Field (U) [!].nes
NES	Track & Field II	Track & Field II (U) (PRG0) [!].nes
NES	Treasure Master	Treasure Master (U) [!].nes
NES	Trog	Trog (U) [!].nes
NES	Trojan	Trojan (U) [!].nes
NES	Trolls in Crazyland, The	Doki! Doki! Yuuenchi - Crazyland Daisakusen (J) [T+Eng1.1_No Talent].nes
NES	Twin Cobra	Twin Cobra (U) [!].nes
NES	Twin Eagle	Double Strike (AVE) (V1.0) [!].nes
NES	U-four-ia - The Saga	U-four-ia - The Saga (E) (Prototype) [!].nes
NES	Ultima - Exodus	Ultima - Exodus (U) [!].nes
NES	Ultima - Quest of the Avatar	Ultima - Quest of the Avatar (U) [!].nes
NES	Ultima - Warriors of Destiny	Ultima - Warriors of Destiny (U) [!].nes
NES	Ultimate Air Combat	Ultimate Air Combat (U) [!].nes
NES	Ultimate Basketball	Ultimate Basketball (U) [!].nes
NES	Ultimate Frogger Championship Demo (PD)	Ultimate Frogger Championship Demo (PD).nes
NES	Ultimate League Soccer	Ultimate League Soccer (AVE) (PAL) [!].nes
NES	Ultimate Stuntman	Ultimate Stuntman (Camerica) [!].nes
NES	Uncanny X-Men, The	Uncanny X-Men, The (U) [!].nes
NES	Uncharted Waters	Uncharted Waters (U) [!].nes
NES	Uninvited	Uninvited (U) [!].nes
NES	Untouchables, The	Untouchables, The (U) (PRG0) [!].nes
NES	Urban Champion	Urban Champion (W) [!].nes
NES	Vegas Dream	Vegas Dream (U) [!].nes
NES	Venice Beach Volleyball	Venice Beach Volleyball (AVE) [!].nes
NES	Vice - Project Doom	Vice - Project Doom (U) [!].nes
NES	Videomation	Videomation (U) [!].nes
NES	Vindicators	Vindicators (Tengen) [!].nes
NES	Volleyball	Volleyball (UE) [!].nes
NES	Wacky Races	Wacky Races (U) [!].nes
NES	Wall Street Kid	Wall Street Kid (U) [!].nes
NES	Wally Bear & the No Gang	Wally Bear & the No Gang (AVE) [!].nes
NES	Wario's Woods	Wario's Woods (U) [!].nes
NES	Wayne Gretzky Hockey	Wayne Gretzky Hockey (U) [!].nes
NES	Wayne's World	Wayne's World (U) [!].nes
NES	WCW World Championship Wrestling	WCW World Championship Wrestling (U) [!].nes
NES	Werewolf - The Last Warrior	Werewolf - The Last Warrior (U) [!].nes
NES	Wheel of Fortune	Wheel of Fortune (U) (PRG0) [!].nes
NES	Wheel of Fortune - Starring Vanna White	Wheel of Fortune - Starring Vanna White (U) [!].nes
NES	Where in Time is Carmen Sandiego	Where in Time is Carmen Sandiego (U) [!].nes
NES	Where's Waldo	Where's Waldo (U) [!].nes
NES	Who Framed Roger Rabbit	Who Framed Roger Rabbit (U) [!].nes
NES	Whomp'Em	Whomp'Em (U) [!].nes
NES	Widget	Widget (U) [!].nes
NES	Wild Gunman	Wild Gunman (W) (PRG1) [!].nes
NES	Willow	Willow (U) [!].nes
NES	Win, Lose or Draw	Win, Lose or Draw (U) [!].nes
NES	Winter Games	Winter Games (U) (PRG0) [!].nes
NES	Wizardry - Proving Grounds of the Mad Overlord	Wizardry - Proving Grounds of the Mad Overlord (U) [!].nes
NES	Wizardry - The Knight of Diamonds	Wizardry - The Knight of Diamonds (U) [!].nes
NES	Wizards & Warriors	Wizards & Warriors (U) (PRG0) [!].nes
NES	Wizards & Warriors III - Kuros - Visions of Power	Wizards & Warriors III - Kuros - Visions of Power (U) [!].nes
NES	Wolverine	Wolverine (U) [!].nes
NES	World Champ	World Champ (U) [!].nes
NES	World Games	World Games (U) [!].nes
NES	Wrath of the Black Manta	Wrath of the Black Manta (U) (PRG0) [!].nes
NES	Wrecking Crew	Wrecking Crew (W) [!].nes
NES	WURM - Journey to the Center of the Earth	WURM - Journey to the Center of the Earth (U) [!].nes
NES	WWF King of the Ring	WWF King of the Ring (U) [!].nes
NES	WWF WrestleMania	WWF WrestleMania (U) [!].nes
NES	WWF WrestleMania - Steel Cage Challenge	WWF WrestleMania - Steel Cage Challenge (U) [!].nes
NES	WWF WrestleMania Challenge	WWF WrestleMania Challenge (U) [!].nes
NES	Xenophobe	Xenophobe (U) [!].nes
NES	Xevious - The Avenger	Xevious - The Avenger (U) [!].nes
NES	Xexyz	Xexyz (U) [!].nes
NES	Yo! Noid	Yo! Noid (U) [!].nes
NES	Yoshi	Yoshi (U) [!].nes
NES	Yoshi's Cookie	Yoshi's Cookie (U) [!].nes
NES	Young Indiana Jones Chronicles, The	Young Indiana Jones Chronicles, The (U) [!].nes
NES	Zanac	Zanac (U) [!].nes
NES	Zelda II - The Adventure of Link	Zelda II - The Adventure of Link (U) [!].nes
NES	Zen - Intergalactic Ninja	Zen - Intergalactic Ninja (U) [!].nes
NES	Zombie Nation	Zombie Nation (U) [!].nes
NGPX	Baseball Stars	Baseball Stars Color (W) [!].ngc
NGPX	Biomotor Unitron	Biomotor Unitron (UE) [!].ngc
NGPX	Bust-A-Move Pocket	Puzzle Bobble Mini (JE) (V10) [!].ngc
NGPX	Cool Boarders Pocket	Cool Boarders Pocket (W).ngc
NGPX	Cotton - Fantastic Night Dreams	Cotton - Fantastic Night Dreams (J).ngc
NGPX	Crush Roller	Crush Roller (W).ngc
NGPX	Dark Arms - Beast Buster 1999	Dark Arms - Beast Buster 1999 (W) [!].ngc
NGPX	Dive Alert	Dive Alert - Becky's Version (UE).ngc
NGPX	Dynamite Slugger	Dynamite Slugger (J).ngc
NGPX	Evolution - Eternal Dungeons	Evolution - Eternal Dungeons (U).ngc
NGPX	Faselei	Faselei! (UE).ngc
NGPX	Fatal Fury F-Contact	Fatal Fury F-Contact (W) [!].ngc
NGPX	Gals Fighters	Gals Fighters (UE) [!].ngc
NGPX	King of Fighters R-2	King of Fighters R-2 (W) [!].ngc
NGPX	Last Blade The	Last Blade, The - Beyond the Destiny (UE) [!].ngc
NGPX	Magical Drop Pocket	Magical Drop Pocket (UE).ngc
NGPX	Metal Slug - 1st Mission	Metal Slug - 1st Mission (W).ngc
NGPX	Metal Slug - 2nd Mission	Metal Slug - 2nd Mission (W) [!].ngc
NGPX	Neo Turf Masters	Neo Turf Masters (W) [!].ngc
NGPX	NeoGeo Cup 98	NeoGeo Cup '98 (W) [M][!].ngp
NGPX	Pac-Man	Pac-Man (W) [!].ngc
NGPX	Picture Puzzle	Picture Puzzle (UE) [!].ngc
NGPX	Pocket Reversi	Pocket Reversi (UE).ngc
NGPX	Pocket Tennis	Pocket Tennis - Pocket Sports Series (W) [M][!].ngp
NGPX	Puyo Pop	Puyo Pop (W) (V05).ngc
NGPX	Puzzle Link	Puzzle Link (UE) [!].ngc
NGPX	Puzzle Link 2	Puzzle Link 2 (UE) [!].ngc
NGPX	Real Casino Series - Neo Baccarat	Real Casino Series - Neo Baccarat (UE) [!].ngc
NGPX	Real Casino Series - Neo Cherry Master	Real Casino Series - Neo Cherry Master (W) [M][!].ngp
NGPX	Real Casino Series - Neo Dragons Wild	Real Casino Series - Neo Dragon's Wild (W) (V13) [!].ngc
NGPX	Real Casino Series - Neo Mystery Bonus	Real Casino Series - Neo Mystery Bonus (W) [!].ngc
NGPX	Real Casino Series - Neo Twenty One	Real Casino Series - Neo Twenty One (W) [!].ngc
NGPX	Samurai Shodown 2 - Pocket Fighting Series	Samurai Shodown! 2 - Pocket Fighting Series (W) [!].ngc
NGPX	Shanghai Mini	Shanghai Mini (W).ngc
NGPX	SNK Vs. Capcom - Card Fighters Clash	SNK Vs. Capcom - Card Fighters Clash - Capcom Version (UE).ngc
NGPX	SNK Vs. Capcom - The Match of The Millennium	SNK Vs. Capcom - The Match of The Millennium (W) [!].ngc
NGPX	Sonic The Hedgehog - Pocket Adventure	Sonic The Hedgehog - Pocket Adventure (W) [!].ngc
PCE	Aero Blasters	Aero Blasters (U).pce
PCE	Air Zonk	Air Zonk (U).pce
PCE	Alien Crush	Alien Crush (U).pce
PCE	Ballistix	Ballistix (U).pce
PCE	Battle Royale	Battle Royale (U).pce
PCE	Blazing Lazers	Blazing Lazers (U).pce
PCE	Bloody Wolf	Bloody Wolf (U).pce
PCE	Bomberman	Bomberman (U).pce
PCE	Bomberman '93	Bomberman '93 (U).pce
PCE	Bonk III - Bonk's Big Adventure	Bonk III - Bonk's Big Adventure (U).pce
PCE	Bonk's Adventure	Bonk's Adventure (U).pce
PCE	Bonk's Revenge	Bonk's Revenge (U).pce
PCE	Boxy Boy	Boxy Boy (U).pce
PCE	Bravoman	Bravoman (U).pce
PCE	Cadash	Cadash (U).pce
PCE	Champions Forever Boxing	Champions Forever Boxing (U).pce
PCE	Chew Man Fu	Chew Man Fu (U).pce
PCE	China Warrior	China Warrior (U).pce
PCE	Cratermaze	Cratermaze (U).pce
PCE	Cyber Core	Cyber Core (U).pce
PCE	Darkwing Duck	Darkwing Duck (U).pce
PCE	Davis Cup Tennis	Davis Cup Tennis (U).pce
PCE	Dead Moon	Dead Moon (U).pce
PCE	Deep Blue	Deep Blue (U).pce
PCE	Devil's Crush	Devil's Crush (U).pce
PCE	Double Dungeons	Double Dungeons (U).pce
PCE	Dragon Spirit	Dragon Spirit (U).pce
PCE	Dragon's Curse	Dragon's Curse (U).pce
PCE	Drop Off	Drop Off (U).pce
PCE	Dungeon Explorer	Dungeon Explorer (U).pce
PCE	Falcon	Falcon (U).pce
PCE	Fantasy Zone	Fantasy Zone (U).pce
PCE	Final Lap Twin	Final Lap Twin (U).pce
PCE	Galaga '90	Galaga '90 (Tai Sang Version) (U).pce
PCE	Ghost Manor	Ghost Manor (U).pce
PCE	Gunboat	Gunboat (U).pce
PCE	Hit the Ice - VHL - The Video Hockey League	Hit the Ice - VHL - The Video Hockey League (U) [!].pce
PCE	Impossamole	Impossamole (U).pce
PCE	J.J. & Jeff	J.J. & Jeff (U).pce
PCE	Jack Nicklaus' Turbo Golf	Jack Nicklaus' Turbo Golf (U).pce
PCE	Jackie Chan's Action Kung Fu	Jackie Chan's Action Kung Fu (U).pce
PCE	Keith Courage in Alpha Zones	Keith Courage in Alpha Zones (U).pce
PCE	King of Casino	King of Casino (U).pce
PCE	Klax	Klax (U).pce
PCE	Legend of Hero Tonma	Legend of Hero Tonma (U).pce
PCE	Legendary Axe II, The	Legendary Axe II, The (U).pce
PCE	Legendary Axe, The	Legendary Axe, The (U).pce
PCE	Magical Chase	Magical Chase (U) [!].pce
PCE	Military Madness	Military Madness (U).pce
PCE	Moto Roader	Moto Roader (U).pce
PCE	Neutopia	Neutopia (U).pce
PCE	Neutopia II	Neutopia II (U).pce
PCE	New Adventure Island	New Adventure Island (U).pce
PCE	Night Creatures	Night Creatures (U).pce
PCE	Ninja Spirit	Ninja Spirit (U).pce
PCE	Order of the Griffon	Order of the Griffon (U).pce
PCE	Ordyne	Ordyne (U).pce
PCE	Pac-Land	Pac-Land (U).pce
PCE	Panza Kick Boxing	Panza Kick Boxing (U).pce
PCE	Parasol Stars - The Story of Bubble Bobble III	Parasol Stars - The Story of Bubble Bobble III (U).pce
PCE	Power Golf	Power Golf (U).pce
PCE	Psychosis	Psychosis (U).pce
PCE	R-Type	R-Type (U).pce
PCE	Raiden	Raiden (U).pce
PCE	Samurai Ghost	Samurai Ghost (U).pce
PCE	ShockMan	ShockMan (U).pce
PCE	Side Arms - Hyper Dyne	Side Arms - Hyper Dyne (U).pce
PCE	Silent Debuggers	Silent Debuggers (U).pce
PCE	Sinistron	Sinistron (U).pce
PCE	Soldier Blade	Soldier Blade (U).pce
PCE	Somer Assault	Somer Assault (U).pce
PCE	Sonic Spike - World Championship Beach Volleyball	Sonic Spike - World Championship Beach Volleyball (U).pce
PCE	Space Harrier	Space Harrier (U).pce
PCE	Splatterhouse	Splatterhouse (U).pce
PCE	Super Star Soldier	Super Star Soldier (U) Sounds.pce
PCE	Super Volley Ball	Super Volley Ball (U).pce
PCE	Taito Chase H.Q.	Taito Chase H.Q. (U).pce
PCE	Takin' It to the Hoop	Takin' It to the Hoop (U).pce
PCE	TaleSpin	TaleSpin (U).pce
PCE	Tiger Road	Tiger Road (U).pce
PCE	Time Cruise	Time Cruise (U).pce
PCE	Timeball	Timeball (U).pce
PCE	Tricky Kick	Tricky Kick (U).pce
PCE	Turrican	Turrican (U).pce
PCE	TV Sports Basketball	TV Sports Basketball (U).pce
PCE	TV Sports Football	TV Sports Football (U).pce
PCE	TV Sports Hockey	TV Sports Hockey (U).pce
PCE	Veigues Tactical Gladiator	Veigues Tactical Gladiator (U).pce
PCE	Victory Run	Victory Run (U).pce
PCE	Vigilante	Vigilante (U).pce
PCE	World Class Baseball	World Class Baseball (U).pce
PCE	World Court Tennis	World Court Tennis (U).pce
PCE	World Sports Competition	World Sports Competition (U).pce
PCE	Yo, Bro	Yo, Bro (U).pce
SMS	4 Pak All Action	4 Pak All Action (A).sms
SMS	Ace of Aces	Ace of Aces (E) [!].sms
SMS	Action Fighter	Action Fighter (UEB) [!].sms
SMS	Addams Family, The	Addams Family, The (E) [!].sms
SMS	Aerial Assault	Aerial Assault (EB) [!].sms
SMS	After Burner	After Burner (JUEB) [!].sms
SMS	Air Rescue	Air Rescue (EBK) [!].sms
SMS	Aladdin	Aladdin (EBK) [!].sms
SMS	Alex Kidd - High Tech World	Alex Kidd - High Tech World (UEB) [!].sms
SMS	Alex Kidd - The Lost Stars	Alex Kidd - The Lost Stars (JUEBK) [!].sms
SMS	Alex Kidd in Miracle World	Alex Kidd in Miracle World (UEB) (V1.1) [!].sms
SMS	Alex Kidd in Shinobi World	Alex Kidd in Shinobi World (UEB) [!].sms
SMS	ALF	ALF (UB) [!].sms
SMS	Alien 3	Alien 3 (EB) [!].sms
SMS	Alien Storm	Alien Storm (EB) [!].sms
SMS	Alien Syndrome	Alien Syndrome (UEB) [!].sms
SMS	Altered Beast	Altered Beast (UEB) [!].sms
SMS	Andre Agassi Tennis	Andre Agassi Tennis (EB) [!].sms
SMS	Arcade Smash Hits	Arcade Smash Hits (E) [!].sms
SMS	Argos no Juujiken	Argos no Juujiken (J) [!].sms
SMS	Ariel - The Little Mermaid	Ariel - The Little Mermaid (B).sms
SMS	Assault City	Assault City (E) (Pad Version) [!].sms
SMS	Asterix	Asterix (EB) (V1.0) [!].sms
SMS	Asterix and the Great Rescue	Asterix and the Great Rescue (EB) [!].sms
SMS	Asterix and the Secret Mission	Asterix and the Secret Mission (E) [!].sms
SMS	Astro Warrior	Astro Warrior (JUB) [!].sms
SMS	Astro Warrior & Pit Pot	Astro Warrior & Pit Pot (E) [!].sms
SMS	Ayrton Senna's Super Monaco GP II	Ayrton Senna's Super Monaco GP II (EBK) [!].sms
SMS	Aztec Adventure - The Golden Road to Paradise	Aztec Adventure - The Golden Road to Paradise (JUE) [!].sms
SMS	Back to the Future Part II	Back to the Future Part II (EB) [!].sms
SMS	Back to the Future Part III	Back to the Future Part III (E) [!].sms
SMS	Baku Baku Animals	Baku Baku Animals (B) [!].sms
SMS	Bank Panic	Bank Panic (E) [!].sms
SMS	Basket Ball Nightmare	Basket Ball Nightmare (EB) [!].sms
SMS	Batman Returns	Batman Returns (EB) [!].sms
SMS	Battle Out Run	Battle Out Run (EB) [!].sms
SMS	Battlemaniacs	Battlemaniacs (B) [!].sms
SMS	Black Belt	Black Belt (UE) [!].sms
SMS	Blade Eagle 3D	Blade Eagle 3D (JUEB) [!].sms
SMS	Bomber Raid	Bomber Raid (JUE) [!].sms
SMS	Bonanza Bros	Bonanza Bros (EB) [!].sms
SMS	Bonkers Wax Up!	Bonkers Wax Up! (B) [!].sms
SMS	Bram Stoker's Dracula	Bram Stoker's Dracula (E) [!].sms
SMS	Bubble Bobble	Bubble Bobble (EBK) [!].sms
SMS	Buggy Run	Buggy Run (EB) [!].sms
SMS	California Games	California Games (UEB) [!].sms
SMS	California Games II	California Games II (E) [!].sms
SMS	Captain Silver	Captain Silver (U) [!].sms
SMS	Casino Games	Casino Games (UE) [!].sms
SMS	Castelo Ra Tin Bum	Castelo Ra Tin Bum (B) [!].sms
SMS	Castle of Illusion Starring Mickey Mouse	Castle of Illusion Starring Mickey Mouse (U) [!].sms
SMS	Champions of Europe	Champions of Europe (EB) [!].sms
SMS	Championship Hockey	Championship Hockey (E) [!].sms
SMS	Cheese Cat-astrophe with Speedy Gonzales	Cheese Cat-astrophe with Speedy Gonzales (EB) [!].sms
SMS	Choplifter	Choplifter (UEB) [!].sms
SMS	Chuck Rock	Chuck Rock (EB) [!].sms
SMS	Chuck Rock II - Son of Chuck	Chuck Rock II - Son of Chuck (E) [!].sms
SMS	Cloud Master	Cloud Master (UEB) [!].sms
SMS	Columns	Columns (UEBK) [!].sms
SMS	Cool Spot	Cool Spot (E) [!].sms
SMS	Cosmic Spacehead	Cosmic Spacehead (E) [!].sms
SMS	Cyber Shinobi, The	Cyber Shinobi, The (EB) [!].sms
SMS	Cyborg Hunter	Cyborg Hunter (UEB) [!].sms
SMS	Daffy Duck in Hollywood	Daffy Duck in Hollywood (EB) [!].sms
SMS	Danan - The Jungle Fighter	Danan - The Jungle Fighter (EB) [!].sms
SMS	Dead Angle	Dead Angle (UEB) [!].sms
SMS	Deep Duck Trouble Starring Donald Duck	Deep Duck Trouble Starring Donald Duck (EB) [!].sms
SMS	Desert Strike	Desert Strike (E) [!].sms
SMS	Dick Tracy	Dick Tracy (UEB) [!].sms
SMS	Dinobasher Starring Bignose the Caveman	Dinobasher Starring Bignose the Caveman (E) (Prototype) [!].sms
SMS	Doki Doki Penguin Land	Doki Doki Penguin Land (J) (SG-1000).sg
SMS	Double Dragon	Double Dragon (JUEBK) [!].sms
SMS	Double Hawk	Double Hawk (E) [!].sms
SMS	Dr. HELLO	Dr. HELLO (K) [!].sms
SMS	Dr. Robotnik's Mean Bean Machine	Dr. Robotnik's Mean Bean Machine (EB) [!].sms
SMS	Dragon - The Bruce Lee Story	Dragon - The Bruce Lee Story (E) [!].sms
SMS	Dragon Crystal	Dragon Crystal (EB) [!].sms
SMS	Dynamite Duke	Dynamite Duke (EB) [!].sms
SMS	Dynamite Dux	Dynamite Dux (EB) [!].sms
SMS	Dynamite Headdy	Dynamite Headdy (B) [!].sms
SMS	E-SWAT - City Under Siege	E-SWAT - City Under Siege (UE) [!].sms
SMS	Earthworm Jim	Earthworm Jim (B) [!].sms
SMS	Ecco the Dolphin	Ecco the Dolphin (EB).sms
SMS	Ecco the Dolphin - Tides of Time	Ecco the Dolphin - Tides of Time (B).sms
SMS	Enduro Racer	Enduro Racer (UEB) [!].sms
SMS	F-16 Fighting Falcon	F-16 Fighter (UE) [!].sms
SMS	F1 Championship	F1 Championship (EB) [!].sms
SMS	Fantastic Dizzy	Fantastic Dizzy (E) [!].sms
SMS	Fantasy Zone	Fantasy Zone (JUE) (V1.2) [!].sms
SMS	Fantasy Zone - The Maze	Fantasy Zone - The Maze (UEB) [!].sms
SMS	Fantasy Zone II - The Tears of Opa-Opa	Fantasy Zone II - The Tears of Opa-Opa (UE) [!].sms
SMS	Ferias Frustradas do Picapau	Ferias Frustradas do Picapau (B).sms
SMS	FIFA International Soccer	FIFA International Soccer (B) [!].sms
SMS	Fire & Forget II	Fire & Forget II (E) [!].sms
SMS	Fire & Ice	Fire & Ice (B) [!].sms
SMS	Flash, The	Flash, The (EB) [!].sms
SMS	Flintstones, The	Flintstones, The (EB) [!].sms
SMS	Forgotten Worlds	Forgotten Worlds (EBK) [!].sms
SMS	G-Loc Air Battle	G-Loc Air Battle (EBK) [!].sms
SMS	Gaegujangi Kkachi	Gaegujangi Kkachi (K).sms
SMS	Gain Ground	Gain Ground (EB) [!].sms
SMS	Galaxy Force	Galaxy Force (U) [!].sms
SMS	Gangster Town	Gangster Town (UEB) [!].sms
SMS	Gauntlet	Gauntlet (EB) [!].sms
SMS	George Foreman's KO Boxing	George Foreman's KO Boxing (EB) [!].sms
SMS	Ghost House	Ghost House (UEB) [!].sms
SMS	Ghostbusters	Ghostbusters (UEK) [!].sms
SMS	Ghouls 'n Ghosts	Ghouls 'n Ghosts (UEBK) [!].sms
SMS	Global Defense	Global Defense (UE) [!].sms
SMS	Golden Axe	Golden Axe (UEB) [!].sms
SMS	Golden Axe Warrior	Golden Axe Warrior (UEB) [!].sms
SMS	Golfamania	Golfamnia (EB) [!].sms
SMS	Golvellius - Valley of Doom	Golvellius - Valley of Doom (UE) [!].sms
SMS	GP Rider	GP Rider (EB) [!].sms
SMS	Great Baseball	Great Baseball (UE) [!].sms
SMS	Great Basketball	Great Basketball (JUEB) [!].sms
SMS	Great Football	Great Football (JUEB) [!].sms
SMS	Great Golf	Great Golf (JUE) (MegaTech) [!].sms
SMS	Great Ice Hockey	Great Ice Hockey (UJ) [!].sms
SMS	Great Soccer	Great Soccer (E) [!].sms
SMS	Great Volleyball	Great Volleyball (UEB) [!].sms
SMS	Hang-On	Hang-On (EB) [!].sms
SMS	Hang-On & Astro Warrior	Hang-On & Astro Warrior (U) [!].sms
SMS	Hang-On & Safari Hunt	Hang-On & Safari Hunt (UK) [!].sms
SMS	Heroes of the Lance	Heroes of the Lance (EB) [!].sms
SMS	High School! Kimengumi	High School! Kimengumi (J) [T+Eng1.00_SMSPower].sms
SMS	Home Alone	Home Alone (E) [!].sms
SMS	Impossible Mission	Impossible Mission (EB) [!].sms
SMS	Incredible Crash Dummies, The	Incredible Crash Dummies, The (EB) [!].sms
SMS	Incredible Hulk, The	Incredible Hulk, The (EB) [!].sms
SMS	Indiana Jones and the Last Crusade	Indiana Jones and the Last Crusade (U) [!].sms
SMS	James 'Buster' Douglas Knockout Boxing	James 'Buster' Douglas Knockout Boxing (U) [!].sms
SMS	James Bond 007 - The Duel	James Bond 007 - The Duel (E).sms
SMS	James Pond II - Codename Robocod	James Pond II - Codename Robocod (EB) [!].sms
SMS	Jang Pung 3	Jang Pung 3 (K) (Unl).sms
SMS	Janggun-ui Adeul	Janggun-ui Adeul (K).sms
SMS	Joe Montana Football	Joe Montana Football (UEB) [!].sms
SMS	Jungle Book, The	Jungle Book, The (EB) [!].sms
SMS	Jurassic Park	Jurassic Park (EB) [!].sms
SMS	Kenseiden	Kenseiden (UEB) [!].sms
SMS	King's Quest - Quest for the Crown	King's Quest - Quest for the Crown (U) [!].sms
SMS	Klax	Klax (E) [!].sms
SMS	Krusty's Fun House	Krusty's Fun House (EB) [!].sms
SMS	Kung Fu Kid	Kung Fu Kid (UEB) [!].sms
SMS	Land of Illusion Starring Mickey Mouse	Land of Illusion Starring Mickey Mouse (EB) [!].sms
SMS	Laser Ghost	Laser Ghost (E) [!].sms
SMS	Legend of Illusion Starring Mickey Mouse	Legend of Illusion Starring Mickey Mouse (B) [!].sms
SMS	Lemmings	Lemmings (EBK) [!].sms
SMS	Line of Fire	Line of Fire (EBK) [!].sms
SMS	Lion King, The	Lion King, The (EB) [!].sms
SMS	Lord of the Sword	Lord of the Sword (UEB) [!].sms
SMS	Lucky Dime Caper, The - Starring Donald Duck	Lucky Dime Caper, The - Starring Donald Duck (EB) [!].sms
SMS	Mahjong	Mahjong (J) (SG-1000) (Big Title).sg
SMS	Marble Madness	Marble Madness (E) [!].sms
SMS	Marksman Shooting - Trap Shooting	Marksman Shooting - Trap Shooting (UB) [!].sms
SMS	Marksman Shooting - Trap Shooting - Safari Hunt	Marksman Shooting - Trap Shooting - Safari Hunt (E) [!].sms
SMS	Master of Darkness	Master of Darkness (EB) [!].sms
SMS	Masters of Combat	Masters of Combat (EB) [!].sms
SMS	Maze Hunter 3D	Maze Hunter 3D (UEB) [!].sms
SMS	Mercs	Mercs (EB) [!].sms
SMS	Michael Jackson's Moonwalker	Michael Jackson's Moonwalker (UEBK) [!].sms
SMS	Mick & Mack as The Global Gladiators	Mick & Mack as The Global Gladiators (EB) [!].sms
SMS	Mickey's Ultimate Challenge	Mickey's Ultimate Challenge (B) [!].sms
SMS	Micro Machines	Micro Machines (E) [!].sms
SMS	Miracle Warriors - Seal of the Dark Lord	Miracle Warriors - Seal of the Dark Lord (UE) [!].sms
SMS	Missile Defense 3-D	Missile Defense 3-D (UEB) [!].sms
SMS	Monaco GP	Monaco GP (J) (SG-1000) (V1.0) (40K).sg
SMS	Monopoly	Monopoly (U) [!].sms
SMS	Montezuma's Revenge Featuring Panama Joe	Montezuma's Revenge Featuring Panama Joe (U) [!].sms
SMS	Mortal Kombat	Mortal Kombat (EB) [!].sms
SMS	Mortal Kombat 3	Mortal Kombat 3 (B) [!].sms
SMS	Mortal Kombat II	Mortal Kombat II (EB) [!].sms
SMS	Ms. Pac-Man	Ms. Pac-Man (EB) [!].sms
SMS	My Hero	My Hero (UEB) [!].sms
SMS	New Zealand Story, The	New Zealand Story, The (E) [!].sms
SMS	Ninja Gaiden	Ninja Gaiden (EB) [!].sms
SMS	Ninja, The	Ninja, The (UE) [!].sms
SMS	Olympic Gold	Olympic Gold (E) (M8).sms
SMS	Operation Wolf	Operation Wolf (EB) [!].sms
SMS	Ottifants, The	Ottifants, The (EB) [!].sms
SMS	OutRun	OutRun (UJEB) [!].sms
SMS	OutRun 3D	OutRun 3D (EB) [!].sms
SMS	OutRun Europa	OutRun Europa (EB) [!].sms
SMS	Pac-Mania	Pac-Mania (E) [!].sms
SMS	Paperboy	Paperboy (UB) (V1.1) [!].sms
SMS	Parlour Games	Parlour Games (UE) [!].sms
SMS	Penguin Land	Penguin Land (UE) [!].sms
SMS	PGA Tour Golf	PGA Tour Golf (E) [!].sms
SMS	Phantasy Star	Phantasy Star (UE) (V1.1) [!].sms
SMS	Pit Fighter	Pit Fighter (E) [!].sms
SMS	Populous	Populous (EB) [!].sms
SMS	Poseidon Wars 3D	Poseidon Wars 3D (UEB) [!].sms
SMS	Power Strike	Power Strike (UEBK) [!].sms
SMS	Power Strike II	Power Strike II (EB) [!].sms
SMS	Predator 2	Predator 2 (E) [!].sms
SMS	Prince of Persia	Prince of Persia (EB).sms
SMS	Pro Wrestling	Pro Wrestling (UEB) [!].sms
SMS	Psychic World	Psychic World (EB) [!].sms
SMS	Psycho Fox	Psycho Fox (UEB) [!].sms
SMS	Putt & Putter	Putt & Putter (EB) [!].sms
SMS	Quartet	Quartet (UE) [!].sms
SMS	R-Type	R-Type (JUEB) [!].sms
SMS	R.C. Grand Prix	R.C. Grand Prix (UEB) [!].sms
SMS	Rainbow Islands	Rainbow Islands (E) [!].sms
SMS	Rambo - First Blood Part 2	Rambo - First Blood Part 2 (U) [!].sms
SMS	Rambo III	Rambo III (UEBK) [!].sms
SMS	Rampage	Rampage (UEB) [!].sms
SMS	Rampart	Rampart (E) [!].sms
SMS	Rastan	Rastan (UEB) [!].sms
SMS	Reggie Jackson Baseball	Reggie Jackson Baseball (U) [!].sms
SMS	Renegade	Renegade (EB) [!].sms
SMS	Rescue Mission	Rescue Mission (UEB) [!].sms
SMS	Road Rash	Road Rash (EB) [!].sms
SMS	Robocop 3	Robocop 3 (EB) [!].sms
SMS	Robocop versus The Terminator	Robocop versus The Terminator (EB) [!].sms
SMS	Rocky	Rocky (JUEB) [!].sms
SMS	Running Battle	Running Battle (EB) [!].sms
SMS	Sagaia	Sagaia (EB) [!].sms
SMS	Scramble Spirits	Scramble Spirits (EB) [!].sms
SMS	Sega Chess	Sega Chess (EB) [!].sms
SMS	Sega World Tournament Golf	Sega World Tournament Golf (EBK) [!].sms
SMS	Sensible Soccer	Sensible Soccer (E) [!].sms
SMS	Shadow Dancer - The Secret of Shinobi	Shadow Dancer - The Secret of Shinobi (EBK) [!].sms
SMS	Shadow of the Beast	Shadow of the Beast (EB) [!].sms
SMS	Shanghai	Shanghai (UE) [!].sms
SMS	Shinobi	Shinobi (UEBK) [!].sms
SMS	Shooting Gallery	Shooting Gallery (UEB) [!].sms
SMS	Simpsons, The - Bart vs. the Space Mutants	Simpsons, The - Bart vs. the Space Mutants (EB) [!].sms
SMS	Simpsons, The - Bart vs. the World	Simpsons, The - Bart vs. the World (EB) [!].sms
SMS	Sitio do Picapau Amarelo	Sitio do Picapau Amarelo (B) [!].sms
SMS	Slap Shot	Slap Shot (UB) (V1.2) [!].sms
SMS	Smurfs, The	Smurfs, The (EB) [!].sms
SMS	Solomon no Kagi - Oujo Rihita no Namida	Solomon no Kagi - Oujo Rihita no Namida (J) [!].sms
SMS	Sonic Blast	Sonic Blast (B) [!].sms
SMS	Sonic Chaos	Sonic Chaos (EB) [!].sms
SMS	Sonic Spinball	Sonic Spinball (EB) [!].sms
SMS	Sonic The Hedgehog	Sonic The Hedgehog (UEB) [!].sms
SMS	Sonic The Hedgehog 2	Sonic The Hedgehog 2 (EB) (V1.0) [!].sms
SMS	Space Gun	Space Gun (E) [!].sms
SMS	Space Harrier	Space Harrier (JU) [!].sms
SMS	Space Harrier 3D	Space Harrier 3D (UEB) [!].sms
SMS	Special Criminal Investigation	Special Criminal Investigation (E) [!].sms
SMS	Speedball	Speedball (E) (Image Works) [!].sms
SMS	Speedball 2	Speedball 2 (E) [!].sms
SMS	Spellcaster	Spellcaster (UE) [!].sms
SMS	Spider-Man - Return of the Sinister Six	Spider-Man - Return of the Sinister Six (EB) [!].sms
SMS	Spider-Man vs. the Kingpin	Spider-Man vs. the Kingpin (UEB) [!].sms
SMS	Spy vs. Spy	Spy vs. Spy (U) (Display-Unit Cart) [!].sms
SMS	Star Wars	Star Wars (EB) [!].sms
SMS	Street Fighter II'	Street Fighter II' (B) [!].sms
SMS	Street Master	Street Master (K).sms
SMS	Streets of Rage	Streets of Rage (EB).sms
SMS	Streets of Rage II	Streets of Rage II (EB) [!].sms
SMS	Strider	Strider (UEBK) [!].sms
SMS	Strider II	Strider II (UB) [!].sms
SMS	Submarine Attack	Submarine Attack (UE) [!].sms
SMS	Summer Games	Summer Games (E) [!].sms
SMS	Super Kick Off	Super Kick Off (E) [!].sms
SMS	Super Monaco GP	Super Monaco GP (U) [!].sms
SMS	Super Off-Road	Super Off-Road (E) [!].sms
SMS	Super Smash TV	Super Smash TV (E) [!].sms
SMS	Super Space Invaders	Super Space Invaders (E) [!].sms
SMS	Super Tennis	Super Tennis (UE) [!].sms
SMS	Superman	Superman (EB) [!].sms
SMS	T2 - The Arcade Game	T2 - The Arcade Game (E) [!].sms
SMS	Taito Chase H.Q.	Taito Chase H.Q. (E) [!].sms
SMS	Taz in Escape From Mars	Taz in Escape From Mars (B) [!].sms
SMS	Taz-Mania	Taz-Mania (EB) [!].sms
SMS	Tecmo World Cup '93	Tecmo World Cup '93 (E) [!].sms
SMS	Teddy Boy	Teddy Boy (UEB) [!].sms
SMS	Tennis Ace	Tennis Ace (EB) [!].sms
SMS	Terminator 2 - Judgment Day	Terminator 2 - Judgment Day (E) [!].sms
SMS	Terminator, The	Terminator, The (E) [!].sms
SMS	Thunder Blade	Thunder Blade (UEB) [!].sms
SMS	Time Soldiers	Time Soldiers (UEB) [!].sms
SMS	Tom and Jerry - The Movie	Tom and Jerry - The Movie (EB).sms
SMS	TransBot	TransBot (UEB) [!].sms
SMS	Trivial Pursuit	Trivial Pursuit (E) [!].sms
SMS	Ultima IV - Quest of the Avatar	Ultima IV - Quest of the Avatar (EB) [!].sms
SMS	Ultimate Soccer	Ultimate Soccer (EB) [!].sms
SMS	Vigilante	Vigilante (UEB) [!].sms
SMS	Virtua Fighter Animation	Virtua Fighter Animation (B) [!].sms
SMS	Walter Payton Football	Walter Payton Football (U) [!].sms
SMS	Wanted	Wanted (UEB) [!].sms
SMS	Where in the World is Carmen Sandiego	Where in the World is Carmen Sandiego (U) [!].sms
SMS	Wimbledon	Wimbledon (E) [!].sms
SMS	Wimbledon II	Wimbledon II (EB) [!].sms
SMS	Winter Olympics '94	Winter Olympics '94 (E) (M8) [!].sms
SMS	Wolf Child	Wolf Child (EB) [!].sms
SMS	Wonder Boy	Wonder Boy (UEB) (V1.1) [!].sms
SMS	Wonder Boy III - The Dragon's Trap	Wonder Boy III - The Dragon's Trap (UEK) [!].sms
SMS	Wonder Boy in Monster Land	Wonder Boy in Monster Land (UE) [!].sms
SMS	Wonder Boy in Monster World	Wonder Boy in Monster World (EK) [!].sms
SMS	World Class Leaderboard	World Class Leaderboard (EB) [!].sms
SMS	World Cup '94	World Cup '94 (UE) [!].sms
SMS	World Cup Italia '90	World Cup Italia '90 (EB) [!].sms
SMS	World Games	World Games (EB) [!].sms
SMS	World Grand Prix	World Grand Prix (UBK) [!].sms
SMS	World Soccer	World Soccer (JUEB) [!].sms
SMS	WWF Wrestlemania Steel Cage Challenge	WWF Wrestlemania Steel Cage Challenge (U) [!].sms
SMS	X-Men - Mojo World	X-Men - Mojo World (B) [!].sms
SMS	Xenon 2	Xenon 2 (E) (Image Works) [!].sms
SMS	Ys - The Vanished Omens	Ys - The Vanished Omens (UEB) [!].sms
SMS	Zillion	Zillion (U) (V1.1) [!].sms
SMS	Zillion II - The Tri Formation	Zillion II - The Tri Formation (JUE) [!].sms
SMS	Zool	Zool (E) [!].sms
SNES	2020 Super Baseball	2020 Super Baseball (U) [!].smc
SNES	3 Ninjas Kick Back	3 Ninjas Kick Back (U) [!].smc
SNES	7th Saga, The	7th Saga, The (U) [!].smc
SNES	90 Minutes - European Prime Goal	90 Minutes - European Prime Goal (E) [!].smc
SNES	A.S.P. Air Strike Patrol	A.S.P. Air Strike Patrol (U) [!].smc
SNES	AAAHH!!! Real Monsters	AAAHH!!! Real Monsters (U) [!].smc
SNES	ABC Monday Night Football	ABC Monday Night Football (U) [!].smc
SNES	Accele Brid	Accele Brid (J) [T+Eng1.00_Aeon Genesis].smc
SNES	Ace wo Nerae!	Ace wo Nerae! (J) [T+Eng1.2_RPGOne].smc
SNES	ACME Animation Factory	ACME Animation Factory (U) [!].smc
SNES	ActRaiser	ActRaiser (U) [!].smc
SNES	ActRaiser 2	ActRaiser 2 (U) [!].smc
SNES	AD&D - Eye of the Beholder	AD&D - Eye of the Beholder (U) [!].smc
SNES	Addams Family Values	Addams Family Values (U) (M3) [!].smc
SNES	Addams Family, The	Addams Family, The (U) [!].smc
SNES	Addams Family, The - Pugsley's Scavenger Hunt	Addams Family, The - Pugsley's Scavenger Hunt (U) [!].smc
SNES	Adventures of Batman & Robin, The	Adventures of Batman & Robin, The (U) [!].smc
SNES	Adventures of Dr. Franken, The	Adventures of Dr. Franken, The (U) [!].smc
SNES	Adventures of Kid Kleets, The	Adventures of Kid Kleets, The (U) (M3) [!].smc
SNES	Adventures of Rocky and Bullwinkle and Friends, The	Adventures of Rocky and Bullwinkle and Friends, The (U) [!].smc
SNES	Adventures of Tintin, The - Prisoners of the Sun	Adventures of Tintin, The - Prisoners of the Sun (E) (M4).smc
SNES	Aero Fighters	Aero Fighters (U).smc
SNES	Aero the Acro-Bat	Aero the Acro-Bat (U) [!].smc
SNES	Aero the Acro-Bat 2	Aero the Acro-Bat 2 (U) [!].smc
SNES	Aerobiz	Aerobiz (U) [!].smc
SNES	Aerobiz Supersonic	Aerobiz Supersonic (U) [!].smc
SNES	Air Cavalry	Air Cavalry (U) [!].smc
SNES	Al Unser Jr's Road to the Top	Al Unser Jr's Road to the Top (U) [!].smc
SNES	Aladdin	Aladdin (U) [!].smc
SNES	Alcahest	Alcahest (J) [T+Eng1.0Beta_FH].smc
SNES	Alien 3	Alien 3 (U) [!].smc
SNES	Alien vs. Predator	Alien vs. Predator (U) [!].smc
SNES	American Gladiators	American Gladiators (U) [!].smc
SNES	American Tail, An - Fievel Goes West	American Tail, An - Fievel Goes West (U) [!].smc
SNES	Ancient Magic - Bazoo! Mahou Sekai	Ancient Magic - Bazoo! Mahou Sekai (J) [T+Eng1.00_Aeon Genesis].smc
SNES	Andre Agassi Tennis	Andre Agassi Tennis (U) [!].smc
SNES	Animaniacs	Animaniacs (U) [!].smc
SNES	Appleseed - Prometheus no Shintaku	Appleseed - Prometheus no Shintaku (J) [!].smc
SNES	Arabian Nights - Sabaku no Seirei Ou	Arabian Nights - Sabaku no Seirei Ou (J) [T+Eng1.0_LostTemplar].smc
SNES	Arcade's Greatest Hits	Arcade's Greatest Hits (U) [!].smc
SNES	Arcade's Greatest Hits - The Atari Collection 1	Arcade's Greatest Hits - The Atari Collection 1 (U) [!].smc
SNES	Arcana	Arcana (U) [!].smc
SNES	Archer MacLean's Dropzone	Archer MacLean's Dropzone (E) [!].smc
SNES	Ardy Lightfoot	Ardy Lightfoot (U) [!].smc
SNES	Arkanoid - Doh It Again	Arkanoid - Doh It Again (U) [!].smc
SNES	Art of Fighting	Art of Fighting (U) [!].smc
SNES	Ashita no Joe	Ashita no Joe (J) [T+Eng0.99_Vice].smc
SNES	Asterix	Asterix (E) (M4) [!].smc
SNES	Asterix & Obelix	Asterix & Obelix (E) (M4) [!].smc
SNES	Axelay	Axelay (U) [!].smc
SNES	B.O.B	B.O.B. (U) [!].smc
SNES	Bahamut Lagoon	Bahamut Lagoon (J) [T+Eng1.3-Copier_DeJap].smc
SNES	Ball Bullet Gun	Ball Bullet Gun (J) [T+Eng1.0_Aeon Genesis].smc
SNES	Ballz 3D	Ballz 3D (U) [!].smc
SNES	Barbie Super Model	Barbie Super Model (U) [!].smc
SNES	Barkley Shut Up and Jam!	Barkley Shut Up and Jam! (U) [!].smc
SNES	BASS Masters Classic	BASS Masters Classic (U) [!].smc
SNES	BASS Masters Classic - Pro Edition	BASS Masters Classic - Pro Edition (U) [!].smc
SNES	Bassin's Black Bass	Bassin's Black Bass (U) [!].smc
SNES	Bastard!! - Ankoku no Hakai-shin	Bastard!! - Ankoku no Hakai-shin (J) [T+Eng1.0_DeJap].smc
SNES	Batman - Revenge of the Joker	Batman - Revenge of the Joker (U) (Beta).smc
SNES	Batman Forever	Batman Forever (U) [!].smc
SNES	Batman Returns	Batman Returns (U) [!].smc
SNES	Battle Blaze	Battle Blaze (U) [!].smc
SNES	Battle Cars	Battle Cars (U) [!].smc
SNES	Battle Clash	Battle Clash (U) [!].smc
SNES	Battle Grand Prix	Battle Grand Prix (U) [!].smc
SNES	Battle Soccer - Field no Hasha	Battle Soccer - Field no Hasha (J) [T+Eng1.0_Hurkey].smc
SNES	Battletoads & Double Dragon - The Ultimate Team	Battletoads & Double Dragon - The Ultimate Team (U) [!].smc
SNES	Battletoads in Battlemaniacs	Battletoads in Battlemaniacs (U) [!].smc
SNES	Beauty and the Beast	Beauty and the Beast (U) [!].smc
SNES	Beavis and Butt-head	Beavis and Butt-head (U) [!].smc
SNES	Bebe's Kids	Bebe's Kids (U) [!].smc
SNES	Beethoven's 2nd	Beethoven's 2nd (U) [!].smc
SNES	Best of the Best - Championship Karate	Best of the Best - Championship Karate (U) [!].smc
SNES	Big Sky Trooper	Big Sky Trooper (U) [!].smc
SNES	Biker Mice From Mars	Biker Mice From Mars (U) [!].smc
SNES	Bill Laimbeer's Combat Basketball	Bill Laimbeer's Combat Basketball (U) [!].smc
SNES	Bill Walsh College Football	Bill Walsh College Football (U) [!].smc
SNES	Bio Metal	Bio Metal (U) [!].smc
SNES	Bishin Densetsu Zoku	Bishin Densetsu Zoku (J).smc
SNES	Bishoujo Senshi Sailor Moon - Another Story	Bishoujo Senshi Sailor Moon - Another Story (J) [T+Eng1.00_BishoujoST,RHFix1.0_mteam].smc
SNES	Bishoujo Senshi Sailor Moon R	Bishoujo Senshi Sailor Moon R (J) [T+Eng1.00_FuSoYa].smc
SNES	Blackthorne	Blackthorne (U) [!].smc
SNES	Blazeon	Blazeon (U) [!].smc
SNES	Blues Brothers, The	Blues Brothers, The (U) [!].smc
SNES	Bobby's World	Bobby's World (U) (Beta).smc
SNES	Bonkers	Bonkers (U) [!].smc
SNES	Boogerman - A Pick and Flick Adventure	Boogerman - A Pick and Flick Adventure (U) [!].smc
SNES	Boxing Legends of the Ring	Boxing Legends of the Ring (U) [!].smc
SNES	Brain Lord	Brain Lord (U) [!].smc
SNES	Brainies, The	Brainies, The (U) [!].smc
SNES	Bram Stoker's Dracula	Bram Stoker's Dracula (U) [!].smc
SNES	Brandish	Brandish (U) [!].smc
SNES	Brawl Brothers	Brawl Brothers (U) [!].smc
SNES	BreakThru!	BreakThru! (U) [!].smc
SNES	Breath of Fire	Breath of Fire (U) [!].smc
SNES	Breath of Fire II	Breath of Fire II (U) [!].smc
SNES	Brett Hull Hockey	Brett Hull Hockey (U) [!].smc
SNES	Brett Hull Hockey '95	Brett Hull Hockey '95 (U) [!].smc
SNES	Bronkie the Bronchiasaurus	Bronkie the Bronchiasaurus (U) (M2).smc
SNES	Brunswick World Tournament of Champions	Brunswick World Tournament of Champions (U) [!].smc
SNES	Brutal - Paws of Fury	Brutal - Paws of Fury (U) [!].smc
SNES	Bubsy II	Bubsy II (U) [!].smc
SNES	Bubsy in Claws Encounters of the Furred Kind	Bubsy in Claws Encounters of the Furred Kind (U) [!].smc
SNES	Bugs Bunny - Rabbit Rampage	Bugs Bunny - Rabbit Rampage (U) [!].smc
SNES	Bulls Vs Blazers and the NBA Playoffs	Bulls Vs Blazers and the NBA Playoffs (U) (V1.0) [!].smc
SNES	Bust-A-Move	Bust-A-Move (U) [!].smc
SNES	Cacoma Knight in Bizyland	Cacoma Knight in Bizyland (U) [!].smc
SNES	Cal Ripken Jr. Baseball	Cal Ripken Jr. Baseball (U) [!].smc
SNES	California Games II	California Games II (U) [!].smc
SNES	Cannondale Cup	Cannondale Cup (U) [!].smc
SNES	Capcom's MVP Football	Capcom's MVP Football (U) [!].smc
SNES	Capcom's Soccer Shootout	Capcom's Soccer Shootout (U).smc
SNES	Captain America and The Avengers	Captain America and The Avengers (U) [!].smc
SNES	Captain Commando	Captain Commando (U) [!].smc
SNES	Captain Novolin	Captain Novolin (U) (M3) [!].smc
SNES	Carrier Aces	Carrier Aces (U) [!].smc
SNES	Casper	Casper (U) [!].smc
SNES	Castlevania - Dracula X	Castlevania - Dracula X (U) [!].smc
SNES	Champions World Class Soccer	Champions World Class Soccer (U) (M4) [!].smc
SNES	Championship Pool	Championship Pool (U) [!].smc
SNES	Championship Soccer '94	Championship Soccer '94 (U) (M4) [!].smc
SNES	Chaos Seed - Fuusui Kairoki	Chaos Seed - Fuusui Kairoki (J).smc
SNES	Chavez	Chavez (U) [!].smc
SNES	Chavez II	Chavez II (U) [!].smc
SNES	Chessmaster, The	Chessmaster, The (U) [!].smc
SNES	Chester Cheetah - Too Cool to Fool	Chester Cheetah - Too Cool to Fool (U) [!].smc
SNES	Choplifter III	Choplifter III (U) [!].smc
SNES	Choujikuu Yousai Macross - Scrambled Valkyrie	Choujikuu Yousai Macross - Scrambled Valkyrie (J).smc
SNES	Chrono Trigger	Chrono Trigger (U) [!].smc
SNES	Chuck Rock	Chuck Rock (U) [!].smc
SNES	Civilization	Civilization (U) [!].smc
SNES	Clay Fighter	Clay Fighter (U) [!].smc
SNES	Clay Fighter - Tournament Edition	Clay Fighter - Tournament Edition (U) [!].smc
SNES	Clay Fighter 2 - Judgment Clay	Clay Fighter 2 - Judgment Clay (U) [!].smc
SNES	Claymates	Claymates (U) [!].smc
SNES	Cliffhanger	Cliffhanger (U) [!].smc
SNES	Clue	Clue (U) [!].smc
SNES	College Football USA '97 - The Road to New Orleans	College Football USA '97 - The Road to New Orleans (U) [!].smc
SNES	College Slam Basketball	College Slam Basketball (U) [!].smc
SNES	Combatribes, The	Combatribes, The (U) [!].smc
SNES	Congo's Caper	Congo's Caper (U) [!].smc
SNES	Contra III - The Alien Wars	Contra III - The Alien Wars (U) [!].smc
SNES	Cool Spot	Cool Spot (U) [!].smc
SNES	Cool World	Cool World (U) [!].smc
SNES	Cutthroat Island	Cutthroat Island (U) [!].smc
SNES	Cyber Spin	Cyber Spin (U) [!].smc
SNES	Cybernator	Cybernator (U) [!].smc
SNES	Cyborg 009	Cyborg 009 (J) [T+Eng1.0_J2e+Aeon Genesis].smc
SNES	D-Force	D-Force (U) [!].smc
SNES	Daffy Duck - The Marvin Missions	Daffy Duck - The Marvin Missions (U) [!].smc
SNES	Dai-3-Ji Super Robot Taisen	Dai-3-Ji Super Robot Taisen (J) (V1.0) [T+Eng1.0_Aeon Genesis].smc
SNES	Dai-4-Ji Super Robot Taisen	Dai-4-Ji Super Robot Taisen (J) (V1.0) [T+Eng0.25_Fraka].smc
SNES	Darius Twin	Darius Twin (U) [!].smc
SNES	Dark Half	Dark Half (J) [T-Eng0.26_KleptoSoft].smc
SNES	Dark Law - Meaning of Death	Dark Law - Meaning of Death (J) [T+Eng1.0_Aeon Genesis].smc
SNES	David Crane's Amazing Tennis	David Crane's Amazing Tennis (U) [!].smc
SNES	Daze Before Christmas	Daze Before Christmas (E).smc
SNES	Death and Return of Superman, The	Death and Return of Superman, The (U) [!].smc
SNES	Demolition Man	Demolition Man (U) [!].smc
SNES	Demon's Crest	Demon's Crest (U) [!].smc
SNES	Dennis the Menace	Dennis the Menace (U) [!].smc
SNES	Der Langrisser	Der Langrisser (J) (V1.1) [T+Eng1.02_Byuu+DL Team].smc
SNES	Derby Stallion 96	Derby Stallion 96 (J) [!].smc
SNES	Desert Strike - Return to the Gulf	Desert Strike - Return to the Gulf (U) [!].smc
SNES	Dig & Spike Volleyball	Dig & Spike Volleyball (U) [!].smc
SNES	Dino City	Dino City (U) [!].smc
SNES	Dino Dini's Soccer	Dino Dini's Soccer (E) (M3) [!].smc
SNES	Dirt Racer	Dirt Racer (E) (M3) [!].smc
SNES	Dirt Trax FX	Dirt Trax FX (U) [!].smc
SNES	Do-Re-Mi Fantasy - Milon no Dokidoki Daibouken	Do-Re-Mi Fantasy - Milon no Dokidoki Daibouken (E) (VC).smc
SNES	Donkey Kong Country	Donkey Kong Country (U) (V1.0) [!].smc
SNES	Donkey Kong Country 2 - Diddy's Kong Quest	Donkey Kong Country 2 - Diddy's Kong Quest (U) (M2) (V1.0) [!].smc
SNES	Donkey Kong Country 3 - Dixie Kong's Double Trouble	Donkey Kong Country 3 - Dixie Kong's Double Trouble (U) (M2) [!].smc
SNES	Doom	Doom (U) [!].smc
SNES	Doomsday Warrior	Doomsday Warrior (U) [!].smc
SNES	Dossun! Ganseki Battle	Dossun! Ganseki Battle (J) [T+Eng1.00_Aeon Genesis].smc
SNES	Double Dragon V - The Shadow Falls	Double Dragon V - The Shadow Falls (U) [!].smc
SNES	Dr. Mario	Dr. Mario (J) (BS).smc
SNES	Dragon - The Bruce Lee Story	Dragon - The Bruce Lee Story (U) [!].smc
SNES	Dragon View	Dragon View (U) [!].smc
SNES	Dragon's Lair	Dragon's Lair (U) [!].smc
SNES	Drakkhen	Drakkhen (U) [!].smc
SNES	Dream TV	Dream TV (U) [!].smc
SNES	Dual Orb II	Dual Orb II (J) [T+Eng1.5_TransCorp].smc
SNES	Dungeon Master	Dungeon Master (U) [!].smc
SNES	E.V.O. Search for Eden	E.V.O. Search for Eden (U) [!].smc
SNES	Earth Bound - The War Against Giygas!	Earth Bound - The War Against Giygas! (U) [!].smc
SNES	Earthworm Jim	Earthworm Jim (U) [!].smc
SNES	Earthworm Jim 2	Earthworm Jim 2 (U) [!].smc
SNES	Eek! The Cat	Eek! The Cat (U) [!].smc
SNES	Emmitt Smith Football	Emmitt Smith Football (U) [!].smc
SNES	Equinox	Equinox (U) [!].smc
SNES	ESPN Baseball Tonight	ESPN Baseball Tonight (U) [!].smc
SNES	ESPN National Hockey Night	ESPN National Hockey Night (U) [!].smc
SNES	ESPN Speedworld	ESPN Speedworld (U) [!].smc
SNES	ESPN Sunday Night NFL	ESPN Sunday Night NFL (U) [!].smc
SNES	Extra Innings	Extra Innings (U) [!].smc
SNES	F-Zero	F-Zero (U) [!].smc
SNES	F-Zero Grand Prix 2	BS F-Zero Grand Prix 2 (J) (BS).smc
SNES	F1 Pole Position	F1 Pole Position (U) [!].smc
SNES	F1 Pole Position 2	F1 Pole Position 2 (E) [!].smc
SNES	Faceball 2000	Faceball 2000 (U) [!].smc
SNES	Family Dog	Family Dog (U) [!].smc
SNES	Family Feud	Family Feud (U) (V1.0) [!].smc
SNES	Fatal Fury	Fatal Fury (U) [!].smc
SNES	Fatal Fury 2	Fatal Fury 2 (U) [!].smc
SNES	FIFA 97 - Gold Edition	FIFA 97 - Gold Edition (U) (M6) [!].smc
SNES	FIFA Soccer 96	FIFA Soccer 96 (U) (M6) [!].smc
SNES	Fighter's History	Fighter's History (U) [!].smc
SNES	Final Fantasy - Mystic Quest	Final Fantasy - Mystic Quest (U) (V1.0) [!].smc
SNES	Final Fantasy II	Final Fantasy II (U) (V1.0) [!].smc
SNES	Final Fantasy III	Final Fantasy III (U) (V1.0) [!].smc
SNES	Final Fight	Final Fight (U) [!].smc
SNES	Final Fight 2	Final Fight 2 (U) [!].smc
SNES	Final Fight 3	Final Fight 3 (U) [!].smc
SNES	Final Fight Guy	Final Fight Guy (U) [!].smc
SNES	Fire Striker	Fire Striker (U) [!].smc
SNES	Firemen, The	Firemen, The (U) (Prototype).smc
SNES	Firepower 2000	Firepower 2000 (U) [!].smc
SNES	First Samurai	First Samurai (U) [!].smc
SNES	Flashback - The Quest for Identity	Flashback - The Quest for Identity (U) (M3) [!].smc
SNES	Flintstones, The	Flintstones, The (U) (M6) [!].smc
SNES	Flintstones, The - The Treasure of Sierra Madrock	Flintstones, The - The Treasure of Sierra Madrock (U) [!].smc
SNES	Football Fury	Football Fury (U) [!].smc
SNES	Foreman For Real	Foreman For Real (U) [!].smc
SNES	Frank Thomas' Big Hurt Baseball	Frank Thomas' Big Hurt Baseball (U) [!].smc
SNES	Frantic Flea	Frantic Flea (U) [!].smc
SNES	Frogger	Frogger (U) [!].smc
SNES	Full Throttle Racing	Full Throttle Racing (U) [!].smc
SNES	Fun 'N Games	Fun 'N Games (E) [!].smc
SNES	Game Genie BIOS	Game Genie BIOS V2.0 [!].smc
SNES	Gemfire	Gemfire (U) [!].smc
SNES	Genghis Khan II - Clan of the Gray Wolf	Genghis Khan II - Clan of the Gray Wolf (U) [!].smc
SNES	George Foreman's KO Boxing	George Foreman's KO Boxing (U) (V1.0) [!].smc
SNES	Ghoul Patrol	Ghoul Patrol (U) [!].smc
SNES	Gods	Gods (U) [!].smc
SNES	Goof Troop	Goof Troop (U) [!].smc
SNES	GP-1	GP-1 (U) [!].smc
SNES	GP-1 Part II	GP-1 Part II (U) [!].smc
SNES	Gradius III	Gradius III (U) [!].smc
SNES	Great Circus Mystery Starring Mickey & Minnie, The	Great Circus Mystery Starring Mickey & Minnie, The (U) [!].smc
SNES	Hagane	Hagane (U) [!].smc
SNES	HAL's Hole in One Golf	HAL's Hole in One Golf (U) [!].smc
SNES	Harley's Humongous Adventure	Harley's Humongous Adventure (U) [!].smc
SNES	Harvest Moon	Harvest Moon (U) [!].smc
SNES	Hebereke's Popoitto	Hebereke's Popoitto (E).smc
SNES	Hebereke's Popoon	Hebereke's Popoon (E) [!].smc
SNES	Hit the Ice	Hit the Ice (U) [!].smc
SNES	Home Alone	Home Alone (U) [!].smc
SNES	Home Alone 2 - Lost in New York	Home Alone 2 - Lost in New York (U) [!].smc
SNES	Home Improvement	Home Improvement (U) [!].smc
SNES	Hook	Hook (U) [!].smc
SNES	Humans, The	Humans, The (E).smc
SNES	Hunt for Red October, The	Hunt for Red October, The (U) [!].smc
SNES	Hurricanes, The	Hurricanes, The (U) [!].smc
SNES	Hyper V-Ball	Hyper V-Ball (U) [!].smc
SNES	HyperZone	HyperZone (U) [!].smc
SNES	Ignition Factor, The	Ignition Factor, The (U) [!].smc
SNES	Illusion of Gaia	Illusion of Gaia (U) [!].smc
SNES	Incantation	Incantation (U) [!].smc
SNES	Incredible Crash Dummies, The	Incredible Crash Dummies, The (U) [!].smc
SNES	Incredible Hulk, The	Incredible Hulk, The (U) [!].smc
SNES	Indiana Jones' Greatest Adventures	Indiana Jones' Greatest Adventures (U) [!].smc
SNES	Inindo - Way of the Ninja	Inindo - Way of the Ninja (U) [!].smc
SNES	Inspector Gadget	Inspector Gadget (U) [!].smc
SNES	International Superstar Soccer	International Superstar Soccer (U) [!].smc
SNES	International Superstar Soccer Deluxe	International Superstar Soccer Deluxe (U) [!].smc
SNES	International Tennis Tour	International Tennis Tour (U) [!].smc
SNES	Itchy & Scratchy Game, The	Itchy & Scratchy Game, The (U).smc
SNES	Izzy's Quest for the Olympic Rings	Izzy's Quest for the Olympic Rings (U) [!].smc
SNES	Jack Nicklaus Golf	Jack Nicklaus Golf (U) [!].smc
SNES	James Bond Jr	James Bond Jr (U) [!].smc
SNES	Jammit	Jammit (U) [!].smc
SNES	Jeopardy!	Jeopardy! (U) [!].smc
SNES	Jetsons, The - Invasion of the Planet Pirates	Jetsons, The - Invasion of the Planet Pirates (U) [!].smc
SNES	Jim Power - The Lost Dimension in 3D	Jim Power - The Lost Dimension in 3D (U) [!].smc
SNES	Jimmy Connors Pro Tennis Tour	Jimmy Connors Pro Tennis Tour (U) [!].smc
SNES	Joe & Mac	Joe & Mac (U) [!].smc
SNES	Joe & Mac 2 - Lost in the Tropics	Joe & Mac 2 - Lost in the Tropics (U) [!].smc
SNES	John Madden Football	John Madden Football (U) [!].smc
SNES	John Madden Football '93	John Madden Football '93 (U) (V1.0) [!].smc
SNES	JRR Tolkien's The Lord of the Rings - Volume 1	JRR Tolkien's The Lord of the Rings - Volume 1 (U) [!].smc
SNES	Judge Dredd	Judge Dredd (U) [!].smc
SNES	Jungle Book, The	Jungle Book, The (U) [!].smc
SNES	Jungle Strike	Jungle Strike (U) [!].smc
SNES	Jurassic Park	Jurassic Park (U) (V1.0) [!].smc
SNES	Jurassic Park Part 2 - The Chaos Continues	Jurassic Park Part 2 - The Chaos Continues (U) (M4) [!].smc
SNES	Justice League Task Force	Justice League Task Force (U) [!].smc
SNES	Kablooey	Kablooey (U) [!].smc
SNES	Kawasaki Caribbean Challenge	Kawasaki Caribbean Challenge (U) [!].smc
SNES	Kawasaki Superbike Challenge	Kawasaki Superbike Challenge (U) [!].smc
SNES	Ken Griffey Jr. Presents Major League Baseball	Ken Griffey Jr. Presents Major League Baseball (U) [!].smc
SNES	Ken Griffey Jr.'s Winning Run	Ken Griffey Jr.'s Winning Run (U) [!].smc
SNES	Kendo Rage	Kendo Rage (U) [!].smc
SNES	Kick Off 3 - European Challenge	Kick Off 3 - European Challenge (E) (M5) [!].smc
SNES	Killer Instinct	Killer Instinct (U) (V1.0) [!].smc
SNES	King Arthur & The Knights of Justice	King Arthur & The Knights of Justice (U) [!].smc
SNES	King Arthur's World	King Arthur's World (U) [!].smc
SNES	King of Dragons, The	King of Dragons, The (U) [!].smc
SNES	King of the Monsters	King of the Monsters (U) [!].smc
SNES	King of the Monsters 2	King of the Monsters 2 (U) [!].smc
SNES	Kirby Super Star	Kirby Super Star (U) [!].smc
SNES	Kirby's Avalanche	Kirby's Avalanche (U) [!].smc
SNES	Kirby's Dream Course	Kirby's Dream Course (U) [!].smc
SNES	Kirby's Dream Land 3	Kirby's Dream Land 3 (U) [!].smc
SNES	Knights of the Round	Knights of the Round (U) [!].smc
SNES	Kyle Petty's No Fear Racing	Kyle Petty's No Fear Racing (U) [!].smc
SNES	Lagoon	Lagoon (U) [!].smc
SNES	Lamborghini - American Challenge	Lamborghini - American Challenge (U) [!].smc
SNES	Last Action Hero	Last Action Hero (U) [!].smc
SNES	Lawnmower Man, The	Lawnmower Man, The (U) [!].smc
SNES	Legend	Legend (U) [!].smc
SNES	Legend of The Mystical Ninja, The	Legend of The Mystical Ninja, The (U) [!].smc
SNES	Legend of Zelda, The - A Link to the Past	Legend of Zelda, The - A Link to the Past (U) [!].smc
SNES	Lemmings	Lemmings (U) (V1.1) [!].smc
SNES	Lemmings 2 - The Tribes	Lemmings 2 - The Tribes (U) [!].smc
SNES	Lester the Unlikely	Lester the Unlikely (U) [!].smc
SNES	Lethal Enforcers	Lethal Enforcers (U) [!].smc
SNES	Lethal Weapon	Lethal Weapon (U) [!].smc
SNES	Liberty or Death	Liberty or Death (U) [!].smc
SNES	Lion King, The	Lion King, The (U) [!].smc
SNES	Lock On	Lock On (U) [!].smc
SNES	Looney Tunes B-Ball	Looney Tunes B-Ball (U) [!].smc
SNES	Lost Vikings II, The	Lost Vikings II, The (U) [!].smc
SNES	Lost Vikings, The	Lost Vikings, The (U) [!].smc
SNES	Lucky Luke	Lucky Luke (E) (M4) [!].smc
SNES	Lufia & The Fortress of Doom	Lufia & The Fortress of Doom (U) [!].smc
SNES	Lufia II - Rise of the Sinistrals	Lufia II - Rise of the Sinistrals (U) [!].smc
SNES	Madden NFL '94	Madden NFL '94 (U) [!].smc
SNES	Madden NFL '95	Madden NFL '95 (U) [!].smc
SNES	Madden NFL '96	Madden NFL '96 (U) [!].smc
SNES	Madden NFL '97	Madden NFL '97 (U) [!].smc
SNES	Madden NFL '98	Madden NFL '98 (U) [!].smc
SNES	Magic Boy	Magic Boy (U) [!].smc
SNES	Magic Sword	Magic Sword (U) [!].smc
SNES	Magical Quest Starring Mickey Mouse, The	Magical Quest Starring Mickey Mouse, The (U) [!].smc
SNES	Mario & Wario	Mario & Wario (J) [!].smc
SNES	Mario is Missing!	Mario is Missing! (U) [!].smc
SNES	Mario Paint	Mario Paint (JU) [!].smc
SNES	Mario's Early Years	Mario's Early Years - Fun With Letters (U) [!].smc
SNES	Mario's Time Machine	Mario's Time Machine (U) [!].smc
SNES	Marko's Magic Football	Marko's Magic Football (E) (M4).smc
SNES	Marvel Super Heroes - War of the Gems	Marvel Super Heroes - War of the Gems (U) [!].smc
SNES	Mary Shelley's Frankenstein	Mary Shelley's Frankenstein (U) [!].smc
SNES	Mask, The	Mask, The (U) [!].smc
SNES	Maui Mallard in Cold Shadow	Maui Mallard in Cold Shadow (U) [!].smc
SNES	Mazinger Z	Mazinger Z (J) [!].smc
SNES	Mecarobot Golf	Mecarobot Golf (U) [!].smc
SNES	Mechwarrior	Mechwarrior (U) [!].smc
SNES	Mechwarrior 3050	Mechwarrior 3050 (U) [!].smc
SNES	Mega lo Mania	Mega lo Mania (E) (M3) [!].smc
SNES	Megaman VII	Megaman VII (U) [!].smc
SNES	Megaman X	Megaman X (U) (V1.0) [!].smc
SNES	Megaman X 2	Megaman X 2 (U) [!].smc
SNES	Megaman X 3	Megaman X 3 (U) [!].smc
SNES	Megaman's Soccer	Megaman's Soccer (U) [!].smc
SNES	Metal Combat - Falcon's Revenge	Metal Combat - Falcon's Revenge (U) [!].smc
SNES	Metal Marines	Metal Marines (U) [!].smc
SNES	Metal Morph	Metal Morph (U) [!].smc
SNES	Metal Warriors	Metal Warriors (U).smc
SNES	Michael Jordan - Chaos in the Windy City	Michael Jordan - Chaos in the Windy City (U) [!].smc
SNES	Mickey Mania	Mickey Mania (U) [!].smc
SNES	Mickey's Ultimate Challenge	Mickey's Ultimate Challenge (U) [!].smc
SNES	Micro Machines	Micro Machines (U) [!].smc
SNES	Micro Machines 2 - Turbo Tournament	Micro Machines 2 - Turbo Tournament (E).smc
SNES	Might and Magic II - Gates to Another World	Might and Magic II - Gates to Another World (E).smc
SNES	Might and Magic III - Isles of Terra	Might and Magic III - Isles of Terra (U) [!].smc
SNES	Mighty Max	Mighty Max (U) [!].smc
SNES	Mighty Morphin Power Rangers	Mighty Morphin Power Rangers (U) [!].smc
SNES	Mighty Morphin Power Rangers - The Fighting Edition	Mighty Morphin Power Rangers - The Fighting Edition (U) [!].smc
SNES	Mighty Morphin Power Rangers - The Movie	Mighty Morphin Power Rangers - The Movie (U) [!].smc
SNES	MLBPA Baseball	MLBPA Baseball (U) [!].smc
SNES	MoHawk & Headphone Jack	MoHawk & Headphone Jack (U) [!].smc
SNES	Monopoly	Monopoly (U) (V1.0) [!].smc
SNES	Mortal Kombat	Mortal Kombat (U) [!].smc
SNES	Mortal Kombat 3	Mortal Kombat 3 (U) [!].smc
SNES	Mortal Kombat II	Mortal Kombat II (U) (V1.0) [!].smc
SNES	Mr. Do!	Mr. Do! (U) [!].smc
SNES	Ms. Pac-Man	Ms. Pac-Man (U) [!].smc
SNES	Mutant Chronicles - Doom Troopers	Mutant Chronicles - Doom Troopers (U) [!].smc
SNES	NBA All-Star Challenge	NBA All-Star Challenge (U) [!].smc
SNES	NBA Give 'N Go	NBA Give 'N Go (U) [!].smc
SNES	NBA Hang Time	NBA Hang Time (U) [!].smc
SNES	NBA Jam	NBA Jam (U) (V1.0) [!].smc
SNES	NBA Jam - Tournament Edition	NBA Jam - Tournament Edition (U) [!].smc
SNES	NBA Live '95	NBA Live '95 (U) [!].smc
SNES	NBA Live '96	NBA Live '96 (U) [!].smc
SNES	NBA Live '97	NBA Live '97 (U) [!].smc
SNES	NBA Live '98	NBA Live '98 (U) [!].smc
SNES	NBA Showdown	NBA Showdown (U) [!].smc
SNES	NCAA Basketball	NCAA Basketball (U) (V1.0) [!].smc
SNES	NCAA Football	NCAA Football (U) [!].smc
SNES	NFL Football	NFL Football (U) [!].smc
SNES	NFL Quarterback Club	NFL Quarterback Club (U) [!].smc
SNES	NHL '94	NHL '94 (U) [!].smc
SNES	NHL '95	NHL '95 (U) [!].smc
SNES	NHL '96	NHL '96 (U) [!].smc
SNES	NHL '97	NHL '97 (U) (V1.0) [!].smc
SNES	NHL '98	NHL '98 (U) [!].smc
SNES	NHL Stanley Cup	NHL Stanley Cup (U) (M2) [!].smc
SNES	NHLPA Hockey '93	NHLPA Hockey '93 (U) [!].smc
SNES	Nickelodeon GUTS	Nickelodeon GUTS (U) [!].smc
SNES	Nigel Mansell's World Championship Racing	Nigel Mansell's World Championship Racing (U) [!].smc
SNES	Ninja Gaiden Trilogy	Ninja Gaiden Trilogy (U) [!].smc
SNES	No Escape	No Escape (U) [!].smc
SNES	Nobunaga's Ambition	Nobunaga's Ambition (U) [!].smc
SNES	Nobunaga's Ambition - Lord of Darkness	Nobunaga's Ambition - Lord of Darkness (U) [!].smc
SNES	Nolan Ryan's Baseball	Nolan Ryan's Baseball (U) [!].smc
SNES	Nosferatu	Nosferatu (U) [!].smc
SNES	Obitus	Obitus (U) [!].smc
SNES	Ogre Battle - The March of the Black Queen	Ogre Battle - The March of the Black Queen (U) [!].smc
SNES	Olympic Summer Games 96	Olympic Summer Games 96 (U) [!].smc
SNES	Operation Logic Bomb	Operation Logic Bomb (U) [!].smc
SNES	Oscar	Oscar (U) [!].smc
SNES	Out of This World	Out of This World (U) [!].smc
SNES	Outlander	Outlander (U) [!].smc
SNES	Pac-Attack	Pac-Attack (U) [!].smc
SNES	Pac-in-Time	Pac-in-Time (U) [!].smc
SNES	Pac-Man 2 - The New Adventures	Pac-Man 2 - The New Adventures (U) [!].smc
SNES	Pacific Theater of Operations	Pacific Theater of Operations (U) [!].smc
SNES	Pacific Theater of Operations II	Pacific Theater of Operations II (U) [!].smc
SNES	Packy & Marlon	Packy & Marlon (U) (M3) [!].smc
SNES	Pagemaster, The	Pagemaster, The (U) [!].smc
SNES	Paladin's Quest	Paladin's Quest (U) [!].smc
SNES	Paperboy 2	Paperboy 2 (U) [!].smc
SNES	Peace Keepers, The	Peace Keepers, The (U) [!].smc
SNES	Pebble Beach Golf Links	Pebble Beach Golf Links (U) [!].smc
SNES	PGA European Tour	PGA European Tour (U) [!].smc
SNES	PGA Tour Golf	PGA Tour Golf (U) (V1.0) [!].smc
SNES	Phalanx - The Enforce Fighter A-144	Phalanx - The Enforce Fighter A-144 (U) [!].smc
SNES	Phantom 2040	Phantom 2040 (U) [!].smc
SNES	Pieces	Pieces (U) [!].smc
SNES	Pilotwings	Pilotwings (U) [!].smc
SNES	Pinball Dreams	Pinball Dreams (U) [!].smc
SNES	Pinball Fantasies	Pinball Fantasies (U) [!].smc
SNES	Pink Panther in Pink Goes to Hollywood	Pink Panther in Pink Goes to Hollywood (U) [!].smc
SNES	Pinocchio	Pinocchio (U) [!].smc
SNES	Pirates of Dark Water, The	Pirates of Dark Water, The (U) [!].smc
SNES	Pit Fighter	Pit Fighter (U) [!].smc
SNES	Pitfall - The Mayan Adventure	Pitfall - The Mayan Adventure (U) [!].smc
SNES	Plok!	Plok! (U) [!].smc
SNES	Pocky & Rocky	Pocky & Rocky (U) [!].smc
SNES	Pop'n Twinbee	Pop'n Twinbee (E) [!].smc
SNES	Pop'n Twinbee - Rainbow Bell Adventures	Pop'n Twinbee - Rainbow Bell Adventures (E).smc
SNES	Populous	Populous (U) [!].smc
SNES	Porky Pig's Haunted Holiday	Porky Pig's Haunted Holiday (U) [!].smc
SNES	Power Drive	Power Drive (E) (M5) [!].smc
SNES	Power Instinct	Power Instinct (U) [!].smc
SNES	Power Monger	Power Monger (E).smc
SNES	Power Moves	Power Moves (U) [!].smc
SNES	Power Rangers Zeo - Battle Racers	Power Rangers Zeo - Battle Racers (U) [!].smc
SNES	Prehistorik Man	Prehistorik Man (U) [!].smc
SNES	Primal Rage	Primal Rage (U) [!].smc
SNES	Prince of Persia	Prince of Persia (U) [!].smc
SNES	Prince of Persia 2 - The Shadow & The Flame	Prince of Persia 2 - The Shadow & The Flame (U) [!].smc
SNES	Pro Quarterback	Pro Quarterback (U) [!].smc
SNES	Pro Sport Hockey	Pro Sport Hockey (U) [!].smc
SNES	Push-Over	Push-Over (U) [!].smc
SNES	Q-bert 3	Q-bert 3 (U) [!].smc
SNES	R-Type III - The Third Lightning	R-Type III - The Third Lightning (U) [!].smc
SNES	Race Drivin'	Race Drivin' (U) [!].smc
SNES	Radical Dreamers	Radical Dreamers (J) (BS) [T+Eng1.4_Demiforce].smc
SNES	Radical Rex	Radical Rex (U) [!].smc
SNES	Raiden Trad	Raiden Trad (U) [!].smc
SNES	Rampart	Rampart (U) [!].smc
SNES	Ranma 1-2	Ranma 1-2 - Hard Battle (U) [!].smc
SNES	Rap Jam - Volume One	Rap Jam - Volume One (U) (M3) [!].smc
SNES	Redline F-1 Racer	Redline F-1 Racer (U) [!].smc
SNES	Relief Pitcher	Relief Pitcher (U) [!].smc
SNES	Ren & Stimpy Show, The - Fire Dogs	Ren & Stimpy Show, The - Fire Dogs (U) [!].smc
SNES	Ren & Stimpy Show, The - Time Warp	Ren & Stimpy Show, The - Time Warp (U) [!].smc
SNES	Ren & Stimpy Show, The - Veediots!	Ren & Stimpy Show, The - Veediots! (U) [!].smc
SNES	Revolution X	Revolution X (U) [!].smc
SNES	Rex Ronan - Experimental Surgeon	Rex Ronan - Experimental Surgeon (U) [!].smc
SNES	Rise of the Phoenix	Rise of the Phoenix (U) [!].smc
SNES	Rise of the Robots	Rise of the Robots (U) [!].smc
SNES	Rival Turf	Rival Turf (U) [!].smc
SNES	Road Riot 4WD	Road Riot 4WD (U) [!].smc
SNES	Road Runner's Death Valley Rally	Road Runner's Death Valley Rally (U) [!].smc
SNES	RoboCop 3	RoboCop 3 (U) [!].smc
SNES	RoboCop Versus The Terminator	RoboCop Versus The Terminator (U) [!].smc
SNES	Robotrek	Robotrek (U) [!].smc
SNES	Rock N' Roll Racing	Rock N' Roll Racing (U) [!].smc
SNES	Rocketeer, The	Rocketeer, The (U) [!].smc
SNES	Rocko's Modern Life - Spunky's Dangerous Day	Rocko's Modern Life - Spunky's Dangerous Day (U) [!].smc
SNES	Rocky Rodent	Rocky Rodent (U) [!].smc
SNES	Roger Clemens' MVP Baseball	Roger Clemens' MVP Baseball (U) (V1.0) [!].smc
SNES	Romance of the Three Kingdoms II	Romance of the Three Kingdoms II (U) [!].smc
SNES	Romance of the Three Kingdoms III - Dragon of Destiny	Romance of the Three Kingdoms III - Dragon of Destiny (U) [!].smc
SNES	Romance of the Three Kingdoms IV - Wall of Fire	Romance of the Three Kingdoms IV - Wall of Fire (U) [!].smc
SNES	RPM Racing	RPM Racing (U) [!].smc
SNES	Run Saber	Run Saber (U) [!].smc
SNES	Samurai Shodown	Samurai Shodown (U) [!].smc
SNES	Saturday Night Slam Masters	Saturday Night Slam Masters (U) [!].smc
SNES	Scooby-Doo	Scooby-Doo (U) [!].smc
SNES	SeaQuest DSV	SeaQuest DSV (U) [!].smc
SNES	Secret of Evermore	Secret of Evermore (U) [!].smc
SNES	Secret of Mana	Secret of Mana (U) [!].smc
SNES	Secret of the Stars	Secret of the Stars (U) [!].smc
SNES	Shadow, The	Shadow, The (U).smc
SNES	Shadowrun	Shadowrun (U) [!].smc
SNES	Shanghai II - Dragon's Eye	Shanghai II - Dragon's Eye (U) [!].smc
SNES	Shaq Fu	Shaq Fu (U) [!].smc
SNES	Shien's Revenge	Shien's Revenge (U) [!].smc
SNES	Side Pocket	Side Pocket (U) [!].smc
SNES	Sim City	Sim City (U) [!].smc
SNES	Sim City 2000	Sim City 2000 (U) [!].smc
SNES	SimAnt	SimAnt (U) [!].smc
SNES	SimEarth - The Living Planet	SimEarth - The Living Planet (U) [!].smc
SNES	Simpsons, The - Bart's Nightmare	Simpsons, The - Bart's Nightmare (U) [!].smc
SNES	Simpsons, The - Krusty's Super Fun House	Simpsons, The - Krusty's Super Fun House (U) (V1.0) [!].smc
SNES	Sink or Swim	Sink or Swim (U).smc
SNES	Skins Game, The	Skins Game, The (U) [!].smc
SNES	Skuljagger - Revolt of the Westicans	Skuljagger - Revolt of the Westicans (U) [!].smc
SNES	Sky Blazer	Sky Blazer (U) [!].smc
SNES	Smart Ball	Smart Ball (U) [!].smc
SNES	Smash Tennis	Smash Tennis (E) [!].smc
SNES	Smurfs 2, The	Smurfs 2, The (E) (M4) [!].smc
SNES	Smurfs, The	Smurfs, The (E) (M5) [!].smc
SNES	Snow White in Happily Ever After	Snow White in Happily Ever After (U) [!].smc
SNES	Soldiers of Fortune	Soldiers of Fortune (U) [!].smc
SNES	Sonic Blast Man	Sonic Blast Man (U) [!].smc
SNES	Sonic Blast Man II	Sonic Blast Man II (U).smc
SNES	SOS	SOS (U) [!].smc
SNES	Soul Blazer	Soul Blazer (U) [!].smc
SNES	Space Ace	Space Ace (U) [!].smc
SNES	Space Football - One on One	Space Football - One on One (U) [!].smc
SNES	Space Invaders	Space Invaders - The Original Game (U) [!].smc
SNES	Space Megaforce	Space Megaforce (U) [!].smc
SNES	Spanky's Quest	Spanky's Quest (U) [!].smc
SNES	Sparkster	Sparkster (U) [!].smc
SNES	Spawn	Spawn (U) [!].smc
SNES	Spectre	Spectre (U) [!].smc
SNES	Speed Racer in My Most Dangerous Adventures	Speed Racer in My Most Dangerous Adventures (U) [!].smc
SNES	Speedy Gonzales in Los Gatos Bandidos	Speedy Gonzales in Los Gatos Bandidos (U) (V1.1) [!].smc
SNES	Spider-Man	Spider-Man (U) [!].smc
SNES	Spider-Man & Venom - Maximum Carnage	Spider-Man & Venom - Maximum Carnage (U) [!].smc
SNES	Spider-Man & Venom - Separation Anxiety	Spider-Man & Venom - Separation Anxiety (U) [!].smc
SNES	Spider-Man and the X-Men in Arcade's Revenge	Spider-Man and the X-Men in Arcade's Revenge (U) [!].smc
SNES	Spindizzy Worlds	Spindizzy Worlds (U) [!].smc
SNES	Spirou	Spirou (E) (M4) [!].smc
SNES	Sporting News Power Baseball, The	Sporting News Power Baseball, The (U) [!].smc
SNES	Sports Illustrated Championship Football & Baseball	Sports Illustrated Championship Football & Baseball (U) [!].smc
SNES	Star Fox	Star Fox (U) (V1.0) [!].smc
SNES	Star Fox 2	Star Fox 2 (Beta TD) [T+Eng1.00Debug_Aeon Genesis].smc
SNES	Star Ocean	Star Ocean (J) (96MBit Copier Only Version) [T+Eng1.0_DeJap].smc
SNES	Star Trek - Deep Space Nine - Crossroads of Time	Star Trek - Deep Space Nine - Crossroads of Time (U) [!].smc
SNES	Star Trek - Starfleet Academy Starship Bridge Simulator	Star Trek - Starfleet Academy Starship Bridge Simulator (U) [!].smc
SNES	Star Trek - The Next Generation - Future's Past	Star Trek - The Next Generation - Future's Past (U) [!].smc
SNES	Stargate	Stargate (U) [!].smc
SNES	Sterling Sharpe - End 2 End	Sterling Sharpe - End 2 End (U) [!].smc
SNES	Stone Protectors	Stone Protectors (U) [!].smc
SNES	Street Combat	Street Combat (U) [!].smc
SNES	Street Fighter Alpha 2	Street Fighter Alpha 2 (U) [!].smc
SNES	Street Fighter II - The World Warrior	Street Fighter II - The World Warrior (U) [!].smc
SNES	Street Fighter II Turbo - Hyper Fighting	Street Fighter II Turbo - Hyper Fighting (U) (V1.0) [!].smc
SNES	Street Hockey '95	Street Hockey '95 (U) [!].smc
SNES	Street Racer	Street Racer (U) [!].smc
SNES	Strike Gunner	Strike Gunner (U) [!].smc
SNES	Stunt Race FX	Stunt Race FX (U) [!].smc
SNES	Sunset Riders	Sunset Riders (U) [!].smc
SNES	Super Adventure Island	Super Adventure Island (U) [!].smc
SNES	Super Adventure Island II	Super Adventure Island II (U) [!].smc
SNES	Super Alfred Chicken	Super Alfred Chicken (U) [!].smc
SNES	Super Aquatic Games, The	Super Aquatic Games, The (U) [!].smc
SNES	Super Baseball Simulator 1.000	Super Baseball Simulator 1.000 (U) [!].smc
SNES	Super Bases Loaded	Super Bases Loaded (U) [!].smc
SNES	Super Batter Up	Super Batter Up (U).smc
SNES	Super Battleship	Super Battleship (U) [!].smc
SNES	Super Battletank - War in the Gulf	Super Battletank - War in the Gulf (U) (V1.0) [!].smc
SNES	Super Battletank 2	Super Battletank 2 (U) [!].smc
SNES	Super Black Bass	Super Black Bass (U) [!].smc
SNES	Super Bomberman	Super Bomberman (U) [!].smc
SNES	Super Bomberman 2	Super Bomberman 2 (U) [!].smc
SNES	Super Bomberman 3	Super Bomberman 3 (E).smc
SNES	Super Bonk	Super Bonk (U) [!].smc
SNES	Super Bowling	Super Bowling (U) [!].smc
SNES	Super Caesars Palace	Super Caesars Palace (U) [!].smc
SNES	Super Castlevania IV	Super Castlevania IV (U) [!].smc
SNES	Super Chase H.Q	Super Chase H.Q. (U) [!].smc
SNES	Super Conflict - The Mideast	Super Conflict - The Mideast (U) [!].smc
SNES	Super Double Dragon	Super Double Dragon (U) [!].smc
SNES	Super Gameboy	Super Gameboy (JU) (V1.1) [!].smc
SNES	Super Ghouls 'N Ghosts	Super Ghouls 'N Ghosts (U) [!].smc
SNES	Super Goal! 2	Super Goal! 2 (U) [!].smc
SNES	Super Godzilla	Super Godzilla (U) [!].smc
SNES	Super High Impact	Super High Impact (U) [!].smc
SNES	Super James Pond	Super James Pond (U) [!].smc
SNES	Super Mario All-Stars	Super Mario All-Stars (U) [!].smc
SNES	Super Mario Kart	Super Mario Kart (U) [!].smc
SNES	Super Mario RPG - Legend of the Seven Stars	Super Mario RPG - Legend of the Seven Stars (U) [!].smc
SNES	Super Mario World	Super Mario World (U) [!].smc
SNES	Super Mario World 2 - Yoshi's Island	Super Mario World 2 - Yoshi's Island (U) (V1.0) [!].smc
SNES	Super Metroid	Super Metroid (JU) (M2) [!].smc
SNES	Super Ninja Boy	Super Ninja Boy (U) [!].smc
SNES	Super Nova	Super Nova (U) [!].smc
SNES	Super Off Road	Super Off Road (U) [!].smc
SNES	Super Off Road - The Baja	Super Off Road - The Baja (U) [!].smc
SNES	Super Pinball - Behind the Mask	Super Pinball - Behind the Mask (U) (V1.0) [!].smc
SNES	Super Punch-Out!!	Super Punch-Out!! (U) [!].smc
SNES	Super Putty	Super Putty (U) [!].smc
SNES	Super R-Type	Super R-Type (U) [!].smc
SNES	Super R.B.I. Baseball	Super R.B.I. Baseball (U) [!].smc
SNES	Super Scope 6	Super Scope 6 (U) [!].smc
SNES	Super Slapshot	Super Slapshot (U) [!].smc
SNES	Super Smash T.V	Super Smash T.V. (U) [!].smc
SNES	Super Soccer	Super Soccer (U) [!].smc
SNES	Super Soccer Champ	Super Soccer Champ (U) [!].smc
SNES	Super Solitaire	Super Solitaire (U) (M5) [!].smc
SNES	Super Star Wars	Super Star Wars (U) (V1.0) [!].smc
SNES	Super Star Wars - Return of the Jedi	Super Star Wars - Return of the Jedi (U) (V1.0) [!].smc
SNES	Super Star Wars - The Empire Strikes Back	Super Star Wars - The Empire Strikes Back (U) (V1.0) [!].smc
SNES	Super Street Fighter II - The New Challengers	Super Street Fighter II - The New Challengers (U) (V1.0) [!].smc
SNES	Super Strike Eagle	Super Strike Eagle (U) [!].smc
SNES	Super Tennis	Super Tennis (U) [!].smc
SNES	Super Troll Islands	Super Troll Islands (U) [!].smc
SNES	Super Turrican	Super Turrican (U) [!].smc
SNES	Super Turrican 2	Super Turrican 2 (U) [!].smc
SNES	Super Valis IV	Super Valis IV (U) [!].smc
SNES	Super Widget	Super Widget (U) [!].smc
SNES	Suzuka 8 Hours	Suzuka 8 Hours (U) [!].smc
SNES	SWAT Kats - The Radical Squadron	SWAT Kats - The Radical Squadron (U) [!].smc
SNES	T2 - The Arcade Game	T2 - The Arcade Game (U) [!].smc
SNES	Taz-Mania	Taz-Mania (U) (V1.0) [!].smc
SNES	Tecmo Super Baseball	Tecmo Super Baseball (U) [!].smc
SNES	Tecmo Super Bowl	Tecmo Super Bowl (U) [!].smc
SNES	Tecmo Super Bowl II - Special Edition	Tecmo Super Bowl II - Special Edition (U) [!].smc
SNES	Tecmo Super Bowl III - Final Edition	Tecmo Super Bowl III - Final Edition (U) [!].smc
SNES	Tecmo Super NBA Basketball	Tecmo Super NBA Basketball (U) [!].smc
SNES	Teenage Mutant Ninja Turtles - Tournament Fighters	Teenage Mutant Ninja Turtles - Tournament Fighters (U) [!].smc
SNES	Teenage Mutant Ninja Turtles IV - Turtles in Time	Teenage Mutant Ninja Turtles IV - Turtles in Time (U) [!].smc
SNES	Terminator 2 - Judgment Day	Terminator 2 - Judgment Day (U) [!].smc
SNES	Terminator, The	Terminator, The (U) [!].smc
SNES	Terranigma	Terranigma (E) [!].smc
SNES	Test Drive II - The Duel	Test Drive II - The Duel (U) [!].smc
SNES	Tetris & Dr. Mario	Tetris & Dr. Mario (U) [!].smc
SNES	Tetris 2	Tetris 2 (U) (V1.0) [!].smc
SNES	Tetris Attack	Tetris Attack (U) (M2) [!].smc
SNES	Thomas the Tank Engine and Friends	Thomas the Tank Engine and Friends (U) [!].smc
SNES	Thunder Spirits	Thunder Spirits (U) [!].smc
SNES	Tick, The	Tick, The (U) [!].smc
SNES	Time Trax	Time Trax (U) [!].smc
SNES	TimeSlip	TimeSlip (U) [!].smc
SNES	Timon & Pumbaa's Jungle Games	Timon & Pumbaa's Jungle Games (U) [!].smc
SNES	Tin Star	Tin Star (U) [!].smc
SNES	Tintin in Tibet	Tintin in Tibet (E) (M4) [!].smc
SNES	Tiny Toon Adventures - Buster Busts Loose!	Tiny Toon Adventures - Buster Busts Loose! (U) [!].smc
SNES	Tiny Toon Adventures - Wacky Sports Challenge	Tiny Toon Adventures - Wacky Sports Challenge (U) [!].smc
SNES	TKO Super Championship Boxing	TKO Super Championship Boxing (U) [!].smc
SNES	Tom & Jerry	Tom & Jerry (U) [!].smc
SNES	Tony Meola's Sidekicks Soccer	Tony Meola's Sidekicks Soccer (U) [!].smc
SNES	Top Gear	Top Gear (U) [!].smc
SNES	Top Gear 2	Top Gear 2 (U) [!].smc
SNES	Total Carnage	Total Carnage (U) [!].smc
SNES	Toy Story	Toy Story (U) [!].smc
SNES	Toys	Toys (U) [!].smc
SNES	Troddlers	Troddlers (U) [!].smc
SNES	Troy Aikman NFL Football	Troy Aikman NFL Football (U) [!].smc
SNES	True Lies	True Lies (U) [!].smc
SNES	Tuff E Nuff	Tuff E Nuff (U) [!].smc
SNES	Turn and Burn - No-Fly Zone	Turn and Burn - No-Fly Zone (U) [!].smc
SNES	Twisted Tales of Spike McFang, The	Twisted Tales of Spike McFang, The (U) [!].smc
SNES	U.N. Squadron	U.N. Squadron (U) [!].smc
SNES	Ultima - Runes of Virtue II	Ultima - Runes of Virtue II (U) [!].smc
SNES	Ultima VI - The False Prophet	Ultima VI - The False Prophet (U) [!].smc
SNES	Ultima VII - The Black Gate	Ultima VII - The Black Gate (U) [!].smc
SNES	Ultimate Fighter	Ultimate Fighter (U) [!].smc
SNES	Ultimate Mortal Kombat 3	Ultimate Mortal Kombat 3 (U) [!].smc
SNES	Ultraman - Towards the Future	Ultraman - Towards the Future (U) [!].smc
SNES	Umihara Kawase	Umihara Kawase (J) [T+Eng2.1_ROMHackWorkshop].smc
SNES	Uncharted Waters	Uncharted Waters (U) [!].smc
SNES	Uncharted Waters - New Horizons	Uncharted Waters - New Horizons (U) [!].smc
SNES	Uniracers	Uniracers (U) [!].smc
SNES	Untouchables, The	Untouchables, The (U) [!].smc
SNES	Urban Strike	Urban Strike (U) [!].smc
SNES	Utopia - The Creation of a Nation	Utopia - The Creation of a Nation (U) [!].smc
SNES	Vegas Stakes	Vegas Stakes (U) [!].smc
SNES	Virtual Bart	Virtual Bart (U) [!].smc
SNES	Virtual Soccer	Virtual Soccer (E) [!].smc
SNES	Vortex	Vortex (U) (M2) [!].smc
SNES	Waialae Country Club	Waialae Country Club (U) [!].smc
SNES	War 2410	War 2410 (U) [!].smc
SNES	War 3010 - The Revolution	War 3010 - The Revolution (U) [!].smc
SNES	Wario's Woods	Wario's Woods (U) [!].smc
SNES	Warlock	Warlock (U) [!].smc
SNES	WarpSpeed	WarpSpeed (U) [!].smc
SNES	Wayne Gretzky and the NHLPA All-Stars	Wayne Gretzky and the NHLPA All-Stars (U) [!].smc
SNES	Wayne's World	Wayne's World (U) [!].smc
SNES	We're Back! - A Dinosaur's Story	We're Back! - A Dinosaur's Story (U) [!].smc
SNES	Weapon Lord	Weapon Lord (U) [!].smc
SNES	Wheel of Fortune	Wheel of Fortune (U) [!].smc
SNES	Where in the World is Carmen Sandiego	Where in the World is Carmen Sandiego (U) [!].smc
SNES	Whirlo	Whirlo (E).smc
SNES	Whizz	Whizz (U) [!].smc
SNES	Wicked 18 Golf	Wicked 18 Golf (U) [!].smc
SNES	Wild Guns	Wild Guns (U) [!].smc
SNES	WildSnake	WildSnake (U) [!].smc
SNES	Wing Commander	Wing Commander (U) [!].smc
SNES	Wing Commander - The Secret Missions	Wing Commander - The Secret Missions (U) [!].smc
SNES	Wings 2 - Aces High	Wings 2 - Aces High (U) [!].smc
SNES	Winter Extreme Skiing and Snowboarding	Winter Extreme Skiing and Snowboarding (U) [!].smc
SNES	Wizard of Oz, The	Wizard of Oz, The (U) [!].smc
SNES	Wizardry V - Heart of the Maelstrom	Wizardry V - Heart of the Maelstrom (U) [!].smc
SNES	Wolf Child	Wolf Child (U) [!].smc
SNES	Wolfenstein 3D	Wolfenstein 3D (U) [!].smc
SNES	Wolverine - Adamantium Rage	Wolverine - Adamantium Rage (U) [!].smc
SNES	Wordtris	Wordtris (U) [!].smc
SNES	World Cup USA 94	World Cup USA 94 (U) [!].smc
SNES	World Heroes 2	World Heroes 2 (U) [!].smc
SNES	World League Soccer	World League Soccer (U) [!].smc
SNES	World Masters Golf	World Masters Golf (E) [!].smc
SNES	WWF Royal Rumble	WWF Royal Rumble (U) [!].smc
SNES	WWF Super WrestleMania	WWF Super WrestleMania (U) [!].smc
SNES	X Zone	X Zone (JU) [!].smc
SNES	X-Kaliber 2097	X-Kaliber 2097 (U) [!].smc
SNES	X-Men - Mutant Apocalypse	X-Men - Mutant Apocalypse (U) [!].smc
SNES	X-Men vs Street Fighter	X-Men vs Street Fighter (Unl).smc
SNES	Xardion	Xardion (U) [!].smc
SNES	Yogi Bear	Yogi Bear (U) [!].smc
SNES	Yoshi's Cookie	Yoshi's Cookie (U) [!].smc
SNES	Yoshi's Safari	Yoshi's Safari (U) [!].smc
SNES	Young Merlin	Young Merlin (U) [!].smc
SNES	Ys III - Wanderers from Ys	Ys III - Wanderers from Ys (U) [!].smc
SNES	Zero the Kamikaze Squirrel	Zero the Kamikaze Squirrel (U) [!].smc
SNES	Zombies Ate My Neighbors	Zombies Ate My Neighbors (U) [!].smc
SNES	Zool - Ninja of the Nth Dimension	Zool - Ninja of the Nth Dimension (U) [!].smc
SNES	Zoop	Zoop (U) [!].smc
VB	3D Tetris	3D Tetris (U) [!].vb
VB	Galactic Pinball	Galactic Pinball (JU) [!].vb
VB	Golf	Golf (U) [!].vb
VB	Insmouse no Yakata	Insmouse no Yakata (J) [!].vb
VB	Jack Bros.	Jack Bros. (U) [!].vb
VB	Mario Clash	Mario Clash (JU) [!].vb
VB	Mario's Tennis	Mario's Tennis (JU) [!].vb
VB	Nester's Funky Bowling	Nester's Funky Bowling (U).vb
VB	Panic Bomber	Panic Bomber (U) [!].vb
VB	Red Alarm	Red Alarm (U) [!].vb
VB	SD Gundam Dimension War	SD Gundam Dimension War (J).vb
VB	Space Invaders Virtual Collection	Space Invaders Virtual Collection (J).vb
VB	Space Squash	Space Squash (J) [T+Eng].vb
VB	Teleroboxer	Teleroboxer (JU) [!].vb
VB	V-Tetris	V-Tetris (J) [!].vb
VB	Vertical Force	Vertical Force (U) [!].vb
VB	Virtual Bowling	Virtual Bowling (J) (Debug Menu Hack).vb
VB	Virtual Boy Wario Land	Virtual Boy Wario Land (JU) [!].vb
VB	Virtual Fishing	Virtual Fishing (J) [!].vb
VB	Virtual Lab	Virtual Lab (J).vb
VB	Virtual League Baseball	Virtual League Baseball (U).vb
VB	Waterworld	Waterworld (U) [!].vb
VECT	3-D Crazy Coaster	3-D Crazy Coaster (1983) (U).vec
VECT	3-D Narrow Escape	3-D Narrow Escape (1983) (U).vec
VECT	Animaction	Animaction (1983) (light pen) (U).vec
VECT	Armor Attack	Armor Attack (1982) (Spinner Hack) (U).vec
VECT	Art Master	Art Master (1983) (light pen) (U).vec
VECT	Bedlam	Bedlam (1983) (Spinner Hack) (U).vec
VECT	Berzerk	Berzerk (1982) (Bugfixed Prototype) (U).vec
VECT	Blitz! - Action Football	Blitz! - Action Football (1982) (U).vec
VECT	Clean Sweep	Clean Sweep (1982) (U).vec
VECT	Cosmic Chasm	Cosmic Chasm (1982) (U).vec
VECT	Dark Tower	Dark Tower (1983) (Prototype) (U).vec
VECT	Fortress of Narzod	Fortress of Narzod (1982) (U).vec
VECT	Heads Up - Action Soccer	Heads Up - Action Soccer (1983) (U).vec
VECT	Hyperchase	Hyperchase (1982) (U).vec
VECT	Melody Master	Melody Master (1983) (light pen) (U).vec
VECT	Mine Storm	Mine Storm (1982) (U).vec
VECT	Mine Storm II	Mine Storm II (1983) (Spinner Hack) (U).vec
VECT	Polar Rescue	Polar Rescue (1983) (U).vec
VECT	Pole Position	Pole Position (1982) (Spinner Hack) (U).vec
VECT	Rip-Off	Rip-Off (1982) (U).vec
VECT	Scramble	Scramble (1982) (U).vec
VECT	Solar Quest	Solar Quest (1982) (Spinner Hack) (U).vec
VECT	Space Wars	Space Wars (1982) (U).vec
VECT	Spike	Spike (1983) (U).vec
VECT	Spinball	Spinball (1983) (U).vec
VECT	Star Castle	Star Castle (1983) (Spinner Hack) (U).vec
VECT	Star Hawk	Star Hawk (1982) (U).vec
VECT	Star Trek - The Motion Picture	Star Trek - The Motion Picture (1982) (U).vec
VECT	Test Rev. 4 (PD)	Test Rev. 4 (1982) (PD).vec
VECT	V-Frogger by Chris Salomon (PD)	V-Frogger by Chris Salomon (1998) (PD).vec
VECT	Web Warp	Web Warp (1983) (U).vec
WSX	Buffers Evolution	Buffers Evolution (J) [M].ws
WSX	Engacho!	Engacho! (J) [M][!].ws
WSX	Final Lap 2000	Final Lap 2000 (J) [M][!].ws
WSX	Ganso Jajamaru Kun	Ganso Jajamaru Kun (J) [M][!].ws
WSX	GunPey Ex	GunPey Ex (J) [!].wsc
WSX	Kaze no Klonoa - Moonlight Museum	Kaze no Klonoa - Moonlight Museum (J) [M].ws
WSX	Lode Runner	Lode Runner (J) [M][!].ws
WSX	Magical Drop	Magical Drop (J) [M][!].ws
WSX	Makaimura	Makaimura (J) [M].ws
WSX	Pocket Fighter	Pocket Fighter (J) [M].ws
WSX	Puyo Puyo Tsu	Puyo Puyo Tsu (J) [M][!].ws
WSX	Puzzle Bobble	Puzzle Bobble (J) [M].ws
WSX	Rainbow Islands - Putty's Party	Rainbow Islands - Putty's Party (J) [M].ws
WSX	Rockman & Forte - Mirai Kara no Chousen Sha	Rockman & Forte - Mirai Kara no Chousen Sha (J) [M][!].ws
WSX	Shanghai Pocket	Shanghai Pocket (J) [M].ws
WSX	Shin Nihon Pro Wrestling Toukon Retsuden	Shin Nihon Pro Wrestling Toukon Retsuden (J) [M].ws
WSX	Space Invaders	Space Invaders (J) [M][!].ws
WSX	Tare Pan no Gunpei	Tare Pan no Gunpei (J) [M][!].ws
WSX	Trump Collection 2	Trump Collection 2 (J) [M][!].ws
WSX	Trump Collection Bottom Up Teki Trump Seikatsu	Trump Collection Bottom Up Teki Trump Seikatsu (J) [M][!].ws
